area_type,location,Area,bath,balcony,price,bhk,area_per_bhk
Super built-up  Area,Electronic City Phase II,1056.0,2.0,2.0,39.07,2,528.0
Super built-up  Area,Lingadheeranahalli,1521.0,3.0,3.0,95.0,3,507.0
Super built-up  Area,Whitefield,1170.0,2.0,2.0,38.0,2,585.0
Super built-up  Area,7th Phase JP Nagar,1000.0,2.0,2.0,38.0,2,500.0
Plot  Area,Sarjapur,2250.0,3.0,3.0,148.0,3,750.0
Super built-up  Area,Mysore Road,1175.0,2.0,2.0,73.5,2,587.5
Super built-up  Area,Bisuvanahalli,1180.0,3.0,3.0,48.0,3,393.3333333333333
Super built-up  Area,Raja Rajeshwari Nagar,1540.0,3.0,3.0,60.0,3,513.3333333333334
Super built-up  Area,Binny Pete,1755.0,3.0,3.0,122.0,3,585.0
Super built-up  Area,other,510.0,1.0,1.0,25.25,1,510.0
Super built-up  Area,Electronic City,660.0,1.0,1.0,23.1,2,330.0
Super built-up  Area,Ramagondanahalli,1151.0,2.0,2.0,48.77,2,575.5
Super built-up  Area,Electronic City,1025.0,2.0,2.0,47.0,3,341.6666666666667
Super built-up  Area,Bisuvanahalli,1075.0,2.0,2.0,35.0,3,358.3333333333333
Super built-up  Area,Hebbal,1760.0,2.0,2.0,123.0,3,586.6666666666666
Super built-up  Area,Raja Rajeshwari Nagar,1693.0,3.0,3.0,57.39,3,564.3333333333334
Built-up  Area,other,1925.0,3.0,3.0,125.0,3,641.6666666666666
Super built-up  Area,Kanakpura Road,700.0,2.0,2.0,36.0,2,350.0
Super built-up  Area,Kundalahalli,1724.0,3.0,3.0,125.0,3,574.6666666666666
Built-up  Area,other,1296.0,2.0,2.0,81.0,2,648.0
Super built-up  Area,Sarjapur  Road,1254.0,3.0,3.0,38.0,3,418.0
Super built-up  Area,other,600.0,1.0,1.0,38.0,1,600.0
Super built-up  Area,Kanakpura Road,1330.74,2.0,2.0,91.79,2,665.37
Super built-up  Area,Doddathoguru,970.0,2.0,2.0,33.0,2,485.0
Super built-up  Area,Whitefield,1459.0,2.0,2.0,94.82,2,729.5
Super built-up  Area,other,1270.0,2.0,2.0,50.0,2,635.0
Super built-up  Area,Bhoganhalli,1670.0,3.0,3.0,99.0,3,556.6666666666666
Built-up  Area,Whitefield,2010.0,3.0,3.0,91.0,3,670.0
Super built-up  Area,Lakshminarayana Pura,1185.0,2.0,2.0,75.0,2,592.5
Super built-up  Area,Yelahanka,1600.0,2.0,2.0,75.0,3,533.3333333333334
Super built-up  Area,Begur Road,1200.0,2.0,2.0,44.0,2,600.0
Super built-up  Area,other,845.0,2.0,2.0,55.0,2,422.5
Built-up  Area,Varthur,1160.0,2.0,2.0,44.0,2,580.0
Super built-up  Area,Gunjur,1140.0,2.0,2.0,43.0,2,570.0
Super built-up  Area,Begur Road,1358.0,2.0,2.0,80.58,2,679.0
Super built-up  Area,Hegde Nagar,1569.0,3.0,3.0,101.0,3,523.0
Super built-up  Area,Haralur Road,1240.0,2.0,2.0,70.0,2,620.0
Super built-up  Area,Hennur Road,2089.0,3.0,3.0,140.0,3,696.3333333333334
Super built-up  Area,other,1660.0,2.0,2.0,105.0,3,553.3333333333334
Super built-up  Area,Yelahanka,1326.0,2.0,2.0,78.0,2,663.0
Super built-up  Area,Dasanapura,708.0,2.0,2.0,37.0,2,354.0
Super built-up  Area,Kasavanhalli,1060.0,2.0,2.0,58.06,2,530.0
Built-up  Area,other,1000.0,2.0,2.0,70.0,2,500.0
Super built-up  Area,Thanisandra,1296.0,2.0,2.0,80.0,2,648.0
Built-up  Area,Chandapura,650.0,1.0,1.0,17.0,2,325.0
Super built-up  Area,other,1007.0,2.0,2.0,43.0,2,503.5
Super built-up  Area,other,1200.0,2.0,2.0,50.0,2,600.0
Super built-up  Area,Devanahalli,1260.0,2.0,2.0,66.78,2,630.0
Super built-up  Area,other,1413.0,2.0,2.0,75.0,3,471.0
Super built-up  Area,Whitefield,1116.0,2.0,2.0,51.91,2,558.0
Super built-up  Area,Electronic City,1530.0,2.0,2.0,45.9,3,510.0
Super built-up  Area,Kengeri,1540.0,2.0,2.0,64.0,3,513.3333333333334
Super built-up  Area,Thanisandra,1427.0,3.0,3.0,120.0,3,475.6666666666667
Super built-up  Area,Devanahalli,1282.0,2.0,2.0,68.52,3,427.3333333333333
Built-up  Area,other,1600.0,3.0,3.0,65.0,3,533.3333333333334
Super built-up  Area,Hormavu,1500.0,2.0,2.0,78.0,2,750.0
Built-up  Area,other,1870.0,3.0,3.0,110.0,3,623.3333333333334
Plot  Area,Sarjapur,1600.0,3.0,3.0,75.0,3,533.3333333333334
Super built-up  Area,Electronic City,880.0,1.0,1.0,16.5,2,440.0
Super built-up  Area,Kudlu Gate,1535.0,3.0,3.0,83.0,3,511.6666666666667
Built-up  Area,Kanakpura Road,950.0,2.0,2.0,57.0,2,475.0
Super built-up  Area,Devanahalli,1360.0,2.0,2.0,65.0,2,680.0
Super built-up  Area,8th Phase JP Nagar,1073.5,2.0,2.0,54.005,2,536.75
Super built-up  Area,other,1260.0,2.0,2.0,85.05,3,420.0
Super built-up  Area,Kasavanhalli,1563.05,3.0,3.0,105.0,3,521.0166666666667
Super built-up  Area,Anandapura,1167.0,2.0,2.0,43.76,2,583.5
Super built-up  Area,Kothanur,1828.0,3.0,3.0,110.0,3,609.3333333333334
Super built-up  Area,Kengeri Satellite Town,890.0,2.0,2.0,35.0,2,445.0
Super built-up  Area,other,1612.0,3.0,3.0,46.74,3,537.3333333333334
Super built-up  Area,Mysore Road,1710.0,4.0,4.0,91.31,3,570.0
Super built-up  Area,Kannamangala,957.0,2.0,2.0,58.0,2,478.5
Super built-up  Area,Hulimavu,1125.0,2.0,2.0,50.0,2,562.5
Super built-up  Area,Electronic City Phase II,1020.0,2.0,2.0,30.6,2,510.0
Super built-up  Area,Thanisandra,1735.0,3.0,3.0,135.0,3,578.3333333333334
Super built-up  Area,Thanisandra,2050.0,3.0,3.0,145.0,3,683.3333333333334
Super built-up  Area,Hosa Road,1063.0,2.0,2.0,32.0,2,531.5
Super built-up  Area,other,1904.0,3.0,3.0,150.0,3,634.6666666666666
Super built-up  Area,other,2000.0,3.0,3.0,175.0,3,666.6666666666666
Super built-up  Area,Sarjapur,1242.5,2.0,2.0,43.49,2,621.25
Super built-up  Area,other,1425.0,2.0,2.0,75.0,3,475.0
Super built-up  Area,Electronic City,1500.0,2.0,2.0,64.5,3,500.0
Built-up  Area,Electronic City,1060.0,2.0,2.0,60.0,2,530.0
Built-up  Area,other,1470.0,2.0,2.0,70.0,3,490.0
Super built-up  Area,Attibele,450.0,1.0,1.0,11.0,1,450.0
Super built-up  Area,Electronic City,1152.0,2.0,2.0,64.5,2,576.0
Super built-up  Area,Electronic City,1350.0,2.0,2.0,56.0,3,450.0
Super built-up  Area,CV Raman Nagar,1550.0,3.0,3.0,65.0,3,516.6666666666666
Super built-up  Area,Malleshwaram,705.0,1.0,1.0,67.0,1,705.0
Built-up  Area,Electronic City,770.0,1.0,1.0,36.0,2,385.0
Super built-up  Area,Hulimavu,1242.0,2.0,2.0,51.0,2,621.0
Super built-up  Area,Hebbal Kempapura,1700.0,3.0,3.0,155.0,3,566.6666666666666
Super built-up  Area,Thanisandra,2144.0,3.0,3.0,145.0,3,714.6666666666666
Super built-up  Area,Vijayanagar,1704.0,3.0,3.0,110.0,3,568.0
Super built-up  Area,Electronic City,1070.0,2.0,2.0,52.0,2,535.0
Built-up  Area,Electronic City,1025.0,2.0,2.0,46.0,2,512.5
Super built-up  Area,KR Puram,1277.5,2.0,2.0,56.8,2,638.75
Super built-up  Area,Marathahalli,1200.0,2.0,2.0,52.0,2,600.0
Super built-up  Area,other,1550.0,2.0,2.0,80.0,3,516.6666666666666
Super built-up  Area,Marathahalli,1200.0,2.0,2.0,60.0,2,600.0
Super built-up  Area,Yelahanka,1327.0,2.0,2.0,98.0,2,663.5
Super built-up  Area,HSR Layout,1400.0,3.0,3.0,56.0,3,466.6666666666667
Built-up  Area,Whitefield,1225.0,2.0,2.0,47.6,2,612.5
Built-up  Area,Kadugodi,1260.0,2.0,2.0,54.0,3,420.0
Super built-up  Area,Yelahanka,1282.0,2.0,2.0,48.7,3,427.3333333333333
Super built-up  Area,other,1909.0,3.0,3.0,88.0,3,636.3333333333334
Super built-up  Area,Panathur,1359.0,2.0,2.0,87.0,2,679.5
Super built-up  Area,Kammasandra,1595.0,3.0,3.0,65.0,3,531.6666666666666
Super built-up  Area,Electronics City Phase 1,1475.0,3.0,3.0,78.29,3,491.6666666666667
Super built-up  Area,other,1580.0,3.0,3.0,100.0,3,526.6666666666666
Super built-up  Area,Dasarahalli,1295.0,2.0,2.0,65.0,2,647.5
Super built-up  Area,Electronic City,589.0,1.0,1.0,27.0,1,589.0
Super built-up  Area,Sarjapur  Road,1787.0,3.0,3.0,98.29,3,595.6666666666666
Super built-up  Area,Sarjapur  Road,1787.0,3.0,3.0,125.0,3,595.6666666666666
Super built-up  Area,Koramangala,1475.0,2.0,2.0,90.0,3,491.6666666666667
Super built-up  Area,Sarjapur  Road,984.0,2.0,2.0,44.28,2,492.0
Super built-up  Area,Devanahalli,1630.0,2.6926096474673513,2.6926096474673513,74.82,3,543.3333333333334
Built-up  Area,7th Phase JP Nagar,1080.0,2.0,2.0,72.0,2,540.0
Super built-up  Area,Budigere,1153.0,2.0,2.0,56.4,2,576.5
Super built-up  Area,other,1148.0,2.0,2.0,60.0,2,574.0
Super built-up  Area,other,1110.0,2.0,2.0,55.0,2,555.0
Built-up  Area,Electronic City,1100.0,2.0,2.0,42.0,2,550.0
Super built-up  Area,Kalyan nagar,1290.0,2.0,2.0,110.0,2,645.0
Super built-up  Area,Vijayanagar,1933.0,3.0,3.0,129.0,3,644.3333333333334
Super built-up  Area,Chandapura,645.0,1.0,1.0,16.45,1,645.0
Super built-up  Area,other,1644.0,3.0,3.0,84.0,3,548.0
Super built-up  Area,other,1285.0,2.0,2.0,72.5,2,642.5
Super built-up  Area,Electronic City,910.0,2.0,2.0,40.0,2,455.0
Super built-up  Area,Kothanur,1577.0,3.0,3.0,70.0,3,525.6666666666666
Super built-up  Area,Chandapura,800.0,1.0,1.0,20.0,2,400.0
Super built-up  Area,7th Phase JP Nagar,1270.0,2.0,2.0,93.0,2,635.0
Super built-up  Area,Electronic City,1108.0,2.0,2.0,63.0,2,554.0
Super built-up  Area,Vijayanagar,1500.0,3.0,3.0,75.5,3,500.0
Super built-up  Area,Raja Rajeshwari Nagar,1295.0,2.0,2.0,43.9,2,647.5
Super built-up  Area,Budigere,1162.0,2.0,2.0,59.9,2,581.0
Super built-up  Area,Sarjapur  Road,1035.0,2.0,2.0,49.2,2,517.5
Built-up  Area,Attibele,1600.0,4.0,4.0,52.8,4,400.0
Super built-up  Area,Hennur Road,1866.0,2.0,2.0,61.58,3,622.0
Super built-up  Area,other,700.0,1.0,1.0,26.0,2,350.0
Super built-up  Area,Kalena Agrahara,1804.0,3.0,3.0,120.0,3,601.3333333333334
Super built-up  Area,Talaghattapura,1868.0,3.0,3.0,131.0,3,622.6666666666666
Super built-up  Area,Hegde Nagar,2026.0,3.0,3.0,132.0,3,675.3333333333334
Super built-up  Area,Balagere,1210.0,2.0,2.0,80.9,2,605.0
Super built-up  Area,Kadugodi,1762.0,3.0,3.0,91.45,3,587.3333333333334
Super built-up  Area,Jigani,1252.0,3.0,3.0,55.0,3,417.3333333333333
Built-up  Area,Gollarapalya Hosahalli,861.0,2.0,2.0,34.5,2,430.5
Built-up  Area,7th Phase JP Nagar,1420.0,2.0,2.0,100.0,3,473.3333333333333
Built-up  Area,Electronics City Phase 1,1490.0,3.0,3.0,78.8,3,496.6666666666667
Super built-up  Area,Old Madras Road,1425.0,2.0,2.0,94.0,3,475.0
Built-up  Area,Kalena Agrahara,1200.0,2.0,2.0,40.0,2,600.0
Super built-up  Area,other,1084.0,2.0,2.0,50.0,2,542.0
Super built-up  Area,Chandapura,1015.0,2.0,2.0,25.88,2,507.5
Super built-up  Area,Kanakpura Road,1017.0,2.0,2.0,51.25,2,508.5
Super built-up  Area,Electronic City Phase II,1069.0,2.0,2.0,45.0,2,534.5
Super built-up  Area,Hebbal,1349.0,2.0,2.0,98.2,2,674.5
Super built-up  Area,9th Phase JP Nagar,1005.0,2.0,2.0,50.0,2,502.5
Super built-up  Area,Jakkur,1417.0,2.0,2.0,75.0,2,708.5
Carpet  Area,other,950.0,2.0,2.0,47.0,2,475.0
Super built-up  Area,other,2000.0,4.0,4.0,120.0,4,500.0
Super built-up  Area,Sarjapur  Road,1863.0,3.0,3.0,104.0,4,465.75
Super built-up  Area,other,1010.0,2.0,2.0,29.5,2,505.0
Super built-up  Area,Kalena Agrahara,1425.0,2.0,2.0,70.0,3,475.0
Super built-up  Area,Vijayanagar,1450.0,3.0,3.0,100.0,3,483.3333333333333
Super built-up  Area,Kothanur,1847.0,3.0,3.0,105.0,3,615.6666666666666
Super built-up  Area,AECS Layout,1100.0,2.0,2.0,45.0,2,550.0
Super built-up  Area,Kanakpura Road,525.0,1.0,1.0,26.0,1,525.0
Super built-up  Area,other,1665.0,3.0,3.0,95.0,3,555.0
Super built-up  Area,Begur,1664.0,4.0,4.0,65.0,4,416.0
Super built-up  Area,JP Nagar,1850.0,3.0,3.0,150.0,3,616.6666666666666
Super built-up  Area,Panathur,1438.0,2.0,2.0,100.0,2,719.0
Super built-up  Area,other,1560.0,3.0,3.0,115.0,3,520.0
Super built-up  Area,Kanakpura Road,1550.0,3.0,3.0,67.0,3,516.6666666666666
Super built-up  Area,Whitefield,1280.0,2.0,2.0,75.0,2,640.0
Super built-up  Area,other,1113.0,2.0,2.0,51.0,2,556.5
Super built-up  Area,Hennur Road,1385.0,2.0,2.0,83.09,2,692.5
Super built-up  Area,Electronic City,1128.0,2.0,2.0,65.0,2,564.0
Super built-up  Area,Haralur Road,1464.0,3.0,3.0,56.0,3,488.0
Super built-up  Area,other,1200.0,2.0,2.0,52.0,2,600.0
Super built-up  Area,Kaggalipura,1150.0,2.0,2.0,55.0,3,383.3333333333333
Built-up  Area,other,1645.0,3.0,3.0,95.0,3,548.3333333333334
Super built-up  Area,6th Phase JP Nagar,1192.0,2.0,2.0,74.0,2,596.0
Super built-up  Area,Whitefield,1173.0,2.0,2.0,58.0,2,586.5
Built-up  Area,Uttarahalli,1020.0,2.0,2.0,45.0,2,510.0
Super built-up  Area,other,1250.0,2.0,2.0,40.0,2,625.0
Super built-up  Area,Kalena Agrahara,1325.0,2.0,2.0,76.0,2,662.5
Built-up  Area,7th Phase JP Nagar,1850.0,3.0,3.0,150.0,3,616.6666666666666
Super built-up  Area,Kanakpura Road,525.0,2.6926096474673513,2.6926096474673513,21.53,1,525.0
Super built-up  Area,Bommasandra,1260.0,3.0,3.0,49.36,3,420.0
Super built-up  Area,other,1800.0,3.0,3.0,150.0,3,600.0
Built-up  Area,Ardendale,1100.0,2.0,2.0,43.25,2,550.0
Super built-up  Area,Harlur,1508.0,2.0,2.0,77.0,2,754.0
Carpet  Area,other,1592.0,3.0,3.0,75.0,3,530.6666666666666
Super built-up  Area,Akshaya Nagar,1388.0,2.0,2.0,57.0,2,694.0
Super built-up  Area,Electronic City Phase II,630.0,1.0,1.0,28.35,1,630.0
Super built-up  Area,Magadi Road,1116.0,2.0,2.0,50.0,2,558.0
Super built-up  Area,other,1308.0,2.0,2.0,89.04,2,654.0
Super built-up  Area,Hennur,1075.0,2.0,2.0,52.0,2,537.5
Super built-up  Area,Chandapura,530.0,1.0,1.0,11.66,1,530.0
Super built-up  Area,5th Phase JP Nagar,1075.0,2.0,2.0,60.0,2,537.5
Built-up  Area,KR Puram,930.0,2.0,2.0,39.0,2,465.0
Super built-up  Area,Balagere,1380.0,2.0,2.0,60.0,2,690.0
Built-up  Area,other,1166.0,2.0,2.0,55.0,2,583.0
Super built-up  Area,Bannerghatta Road,1050.0,2.0,2.0,65.0,2,525.0
Super built-up  Area,Begur Road,1200.0,2.0,2.0,46.8,2,600.0
Super built-up  Area,Lakshminarayana Pura,1600.0,2.0,2.0,108.0,3,533.3333333333334
Super built-up  Area,Billekahalli,1935.0,3.0,3.0,110.0,3,645.0
Super built-up  Area,8th Phase JP Nagar,451.0,1.0,1.0,29.9,1,451.0
Super built-up  Area,Electronic City,1800.0,3.0,3.0,95.0,3,600.0
Super built-up  Area,Jalahalli,1400.0,3.0,3.0,77.0,3,466.6666666666667
Super built-up  Area,Hegde Nagar,1801.0,3.0,3.0,115.0,3,600.3333333333334
Built-up  Area,Mahadevpura,1451.0,2.0,2.0,90.0,2,725.5
Super built-up  Area,Begur Road,1160.0,2.0,2.0,44.0,2,580.0
Super built-up  Area,Kanakpura Road,950.0,2.0,2.0,40.0,2,475.0
Super built-up  Area,Vijayanagar,1826.0,3.0,3.0,121.0,3,608.6666666666666
Built-up  Area,7th Phase JP Nagar,1245.0,2.0,2.0,94.0,2,622.5
Super built-up  Area,Raja Rajeshwari Nagar,1145.0,2.0,2.0,45.79,2,572.5
Super built-up  Area,other,825.0,2.0,2.0,33.0,2,412.5
Super built-up  Area,Yeshwanthpur,1693.0,3.0,3.0,108.0,3,564.3333333333334
Super built-up  Area,Electronics City Phase 1,1113.27,2.0,2.0,53.0,2,556.635
Built-up  Area,other,1460.0,2.0,2.0,58.0,2,730.0
Built-up  Area,Doddathoguru,1050.0,2.0,2.0,32.0,2,525.0
Built-up  Area,Dodda Nekkundi,1260.0,2.0,2.0,55.0,2,630.0
Built-up  Area,Hosur Road,1656.0,2.0,2.0,120.0,2,828.0
Super built-up  Area,Chandapura,1208.0,3.0,3.0,45.0,3,402.6666666666667
Super built-up  Area,Whitefield,1910.0,3.0,3.0,161.0,3,636.6666666666666
Super built-up  Area,7th Phase JP Nagar,1175.0,2.0,2.0,82.0,2,587.5
Super built-up  Area,other,1185.0,2.0,2.0,38.0,2,592.5
Super built-up  Area,Kengeri,750.0,2.0,2.0,38.0,2,375.0
Super built-up  Area,Kanakpura Road,1550.0,3.0,3.0,64.5,3,516.6666666666666
Built-up  Area,other,1760.0,3.0,3.0,88.0,3,586.6666666666666
Super built-up  Area,Billekahalli,1125.0,2.0,2.0,62.0,2,562.5
Super built-up  Area,Budigere,1991.0,4.0,4.0,103.0,3,663.6666666666666
Super built-up  Area,Bommasandra,1060.0,2.0,2.0,26.5,2,530.0
Super built-up  Area,Ambalipura,1105.0,2.0,2.0,75.0,2,552.5
Built-up  Area,Hoodi,985.0,2.0,2.0,67.0,2,492.5
Super built-up  Area,Balagere,1590.0,3.0,3.0,79.0,3,530.0
Super built-up  Area,CV Raman Nagar,1120.0,2.0,2.0,55.0,2,560.0
Super built-up  Area,other,1069.0,2.0,2.0,55.0,2,534.5
Super built-up  Area,Marathahalli,1933.0,3.0,3.0,140.0,3,644.3333333333334
Built-up  Area,Hosur Road,1194.0,2.0,2.0,69.0,2,597.0
Super built-up  Area,Brookefield,1150.0,2.0,2.0,69.0,2,575.0
Super built-up  Area,Raja Rajeshwari Nagar,1419.0,2.0,2.0,48.1,2,709.5
Super built-up  Area,other,1450.0,3.0,3.0,55.0,3,483.3333333333333
Super built-up  Area,other,1630.0,3.0,3.0,68.29,3,543.3333333333334
Super built-up  Area,Dasanapura,708.0,1.0,1.0,40.0,2,354.0
Super built-up  Area,Bellandur,1250.0,2.0,2.0,76.0,2,625.0
Super built-up  Area,7th Phase JP Nagar,1400.0,2.0,2.0,95.0,3,466.6666666666667
Super built-up  Area,Ardendale,1750.0,3.0,3.0,100.0,3,583.3333333333334
Super built-up  Area,Vittasandra,1404.0,2.0,2.0,71.0,2,702.0
Super built-up  Area,Hoodi,1715.0,2.0,2.0,95.0,3,571.6666666666666
Built-up  Area,Electronic City,630.0,1.0,1.0,34.65,1,630.0
Super built-up  Area,Harlur,1752.12,3.0,3.0,135.0,3,584.04
Super built-up  Area,Raja Rajeshwari Nagar,1295.0,2.0,2.0,55.47,2,647.5
Super built-up  Area,Sarjapur  Road,1346.0,2.0,2.0,74.03,2,673.0
Super built-up  Area,Hormavu,1150.0,2.0,2.0,55.0,2,575.0
Super built-up  Area,Chandapura,1190.0,2.0,2.0,30.35,3,396.6666666666667
Super built-up  Area,AECS Layout,1620.0,3.0,3.0,98.0,3,540.0
Super built-up  Area,Electronic City Phase II,1220.0,2.0,2.0,35.23,3,406.6666666666667
Super built-up  Area,other,850.0,2.0,2.0,30.0,2,425.0
Super built-up  Area,other,1150.0,2.0,2.0,126.0,2,575.0
Super built-up  Area,Hebbal,1760.0,2.0,2.0,130.0,3,586.6666666666666
Super built-up  Area,other,900.0,2.0,2.0,40.0,2,450.0
Super built-up  Area,Whitefield,1130.0,2.0,2.0,42.16,2,565.0
Super built-up  Area,Koramangala,1320.0,2.0,2.0,165.0,2,660.0
Built-up  Area,other,1200.0,2.0,2.0,62.0,2,600.0
Super built-up  Area,Subramanyapura,929.0,2.0,2.0,50.17,2,464.5
Super built-up  Area,Hebbal Kempapura,1130.0,2.0,2.0,60.0,2,565.0
Super built-up  Area,other,1753.0,3.0,3.0,120.0,3,584.3333333333334
Super built-up  Area,Hoodi,1196.0,2.0,2.0,94.42,2,598.0
Built-up  Area,5th Phase JP Nagar,1150.0,3.0,3.0,52.5,2,575.0
Super built-up  Area,Electronic City,1128.0,2.0,2.0,63.0,2,564.0
Super built-up  Area,other,1000.0,2.0,2.0,53.0,2,500.0
Super built-up  Area,Yelahanka,1035.0,2.0,2.0,45.0,2,517.5
Super built-up  Area,Bisuvanahalli,1075.0,2.0,2.0,36.0,3,358.3333333333333
Super built-up  Area,Whitefield,1040.0,2.0,2.0,48.5,2,520.0
Super built-up  Area,Lingadheeranahalli,1511.0,3.0,3.0,95.0,3,503.6666666666667
Super built-up  Area,Hoodi,1545.0,3.0,3.0,68.75,3,515.0
Super built-up  Area,JP Nagar,1000.0,2.0,2.0,35.0,2,500.0
Super built-up  Area,Kambipura,883.0,2.0,2.0,45.0,2,441.5
Super built-up  Area,Sarjapur  Road,1195.0,2.0,2.0,70.0,2,597.5
Super built-up  Area,Vittasandra,1246.0,2.0,2.0,67.0,2,623.0
Super built-up  Area,other,1353.0,2.0,2.0,110.0,2,676.5
Super built-up  Area,Electronic City,1599.0,3.0,3.0,125.0,3,533.0
Super built-up  Area,Whitefield,1150.0,2.0,2.0,70.0,2,575.0
Super built-up  Area,KR Puram,1155.0,2.0,2.0,42.74,2,577.5
Built-up  Area,Rajiv Nagar,1867.0,3.0,3.0,160.0,3,622.3333333333334
Super built-up  Area,Ramagondanahalli,1251.0,2.0,2.0,47.0,2,625.5
Super built-up  Area,other,1028.0,2.0,2.0,45.5,2,514.0
Super built-up  Area,other,1222.0,2.0,2.0,45.0,2,611.0
Super built-up  Area,Bannerghatta Road,1170.0,2.0,2.0,66.0,3,390.0
Super built-up  Area,HSR Layout,1372.0,2.0,2.0,68.0,2,686.0
Super built-up  Area,Magadi Road,1282.0,2.0,2.0,49.0,3,427.3333333333333
Super built-up  Area,Kanakpura Road,1135.0,2.0,2.0,39.73,2,567.5
Built-up  Area,other,1325.0,2.0,2.0,90.0,3,441.6666666666667
Super built-up  Area,Electronic City,1599.0,3.0,3.0,99.0,3,533.0
Super built-up  Area,other,1600.0,2.0,2.0,50.0,3,533.3333333333334
Super built-up  Area,Hennur Road,1317.5,2.0,2.0,63.77,2,658.75
Super built-up  Area,Munnekollal,1102.0,2.0,2.0,53.67,2,551.0
Super built-up  Area,Yelahanka,1350.0,2.0,2.0,54.0,2,675.0
Super built-up  Area,Kanakpura Road,525.0,1.0,1.0,27.25,1,525.0
Built-up  Area,Attibele,656.0,2.0,2.0,25.0,2,328.0
Super built-up  Area,other,1056.0,2.0,2.0,80.0,2,528.0
Super built-up  Area,Bannerghatta Road,595.0,1.0,1.0,33.32,1,595.0
Super built-up  Area,7th Phase JP Nagar,2225.0,3.0,3.0,160.0,3,741.6666666666666
Super built-up  Area,Bommasandra,1126.0,2.0,2.0,28.15,2,563.0
Super built-up  Area,Electronics City Phase 1,1490.0,3.0,3.0,84.0,3,496.6666666666667
Super built-up  Area,Sarjapur  Road,1550.0,3.0,3.0,100.0,3,516.6666666666666
Super built-up  Area,Sarjapur  Road,2100.0,3.0,3.0,125.0,3,700.0
Super built-up  Area,Vittasandra,1404.0,2.0,2.0,69.3,2,702.0
Super built-up  Area,other,1305.0,2.0,2.0,58.7,3,435.0
Super built-up  Area,Marathahalli,1230.0,2.0,2.0,80.0,2,615.0
Super built-up  Area,Hormavu,715.0,1.0,1.0,46.0,1,715.0
Super built-up  Area,other,1578.0,3.0,3.0,180.0,3,526.0
Super built-up  Area,Jigani,1020.0,2.0,2.0,40.0,2,510.0
Super built-up  Area,Koramangala,1253.0,2.0,2.0,102.0,2,626.5
Super built-up  Area,other,1180.0,2.0,2.0,42.0,2,590.0
Super built-up  Area,Nehru Nagar,961.0,2.0,2.0,38.0,2,480.5
Super built-up  Area,Harlur,1709.0,3.0,3.0,150.0,3,569.6666666666666
Super built-up  Area,other,1260.0,2.0,2.0,45.0,2,630.0
Built-up  Area,other,1630.0,3.0,3.0,85.0,3,543.3333333333334
Super built-up  Area,Sarjapur  Road,1249.0,3.0,3.0,44.71,3,416.3333333333333
Super built-up  Area,Kalena Agrahara,1450.0,2.0,2.0,85.0,3,483.3333333333333
Built-up  Area,other,834.0,1.0,1.0,60.0,1,834.0
Built-up  Area,Gottigere,891.0,2.0,2.0,25.0,2,445.5
Super built-up  Area,Raja Rajeshwari Nagar,1133.0,2.0,2.0,49.07,2,566.5
Built-up  Area,Bisuvanahalli,1075.0,2.0,2.0,37.0,3,358.3333333333333
Super built-up  Area,Raja Rajeshwari Nagar,1090.0,2.0,2.0,42.0,2,545.0
Super built-up  Area,Hebbal,1920.0,3.0,3.0,134.0,3,640.0
Built-up  Area,other,1374.0,2.0,2.0,95.0,2,687.0
Super built-up  Area,Kanakapura,711.0,1.0,1.0,36.0,1,711.0
Super built-up  Area,Tumkur Road,1500.0,3.0,3.0,95.0,3,500.0
Super built-up  Area,Whitefield,1720.0,3.0,3.0,100.0,3,573.3333333333334
Super built-up  Area,Mysore Road,1200.0,2.0,2.0,85.0,2,600.0
Carpet  Area,other,1375.0,3.0,3.0,70.0,3,458.3333333333333
Super built-up  Area,Jalahalli,2250.0,3.0,3.0,160.0,3,750.0
Super built-up  Area,Bellandur,1000.0,2.0,2.0,50.0,2,500.0
Super built-up  Area,other,469.0,1.0,1.0,25.0,1,469.0
Super built-up  Area,Kambipura,883.0,2.0,2.0,29.0,2,441.5
Super built-up  Area,other,1820.0,2.0,2.0,86.0,3,606.6666666666666
Super built-up  Area,other,750.0,1.0,1.0,40.0,1,750.0
Super built-up  Area,Sarjapur,1128.0,2.0,2.0,60.0,2,564.0
Super built-up  Area,Hebbal,1500.0,3.0,3.0,150.0,3,500.0
Super built-up  Area,Kanakpura Road,1100.0,2.0,2.0,58.0,3,366.6666666666667
Super built-up  Area,Bommasandra,1200.0,3.0,3.0,46.0,3,400.0
Super built-up  Area,other,1641.0,3.0,3.0,66.0,3,547.0
Super built-up  Area,Raja Rajeshwari Nagar,1260.0,2.0,2.0,67.39,2,630.0
Super built-up  Area,Yelahanka,1132.5,2.0,2.0,48.13,2,566.25
Super built-up  Area,Yelahanka,1210.0,2.0,2.0,45.98,2,605.0
Super built-up  Area,Bisuvanahalli,1075.0,2.0,2.0,45.0,3,358.3333333333333
Built-up  Area,Thanisandra,1702.0,3.0,3.0,130.0,3,567.3333333333334
Super built-up  Area,Raja Rajeshwari Nagar,1141.0,2.0,2.0,38.55,2,570.5
Super built-up  Area,other,1875.0,3.0,3.0,165.0,3,625.0
Plot  Area,Brookefield,1200.0,3.0,3.0,140.0,3,400.0
Super built-up  Area,Whitefield,1140.0,2.0,2.0,56.0,2,570.0
Super built-up  Area,Lingadheeranahalli,1683.0,3.0,3.0,109.0,3,561.0
Super built-up  Area,Kaggadasapura,1515.0,3.0,3.0,83.3,3,505.0
Super built-up  Area,Hoodi,2118.0,4.0,4.0,111.0,4,529.5
Super built-up  Area,other,1240.0,2.0,2.0,60.0,2,620.0
Super built-up  Area,other,1750.0,3.0,3.0,120.0,3,583.3333333333334
Super built-up  Area,Abbigere,985.0,2.0,2.0,40.39,2,492.5
Plot  Area,other,1500.0,2.0,2.0,87.0,3,500.0
Built-up  Area,other,950.0,2.0,2.0,44.0,2,475.0
Built-up  Area,Electronic City Phase II,1090.0,2.0,2.0,28.34,2,545.0
Super built-up  Area,Kammasandra,810.0,2.0,2.0,24.5,2,405.0
Super built-up  Area,other,1045.0,2.0,2.0,45.0,2,522.5
Super built-up  Area,Hebbal,1337.0,2.0,2.0,82.0,2,668.5
Super built-up  Area,Koramangala,1580.0,3.0,3.0,160.0,3,526.6666666666666
Super built-up  Area,Begur Road,1500.0,2.0,2.0,54.0,3,500.0
Super built-up  Area,Whitefield,1640.0,4.0,4.0,91.0,3,546.6666666666666
Super built-up  Area,other,1570.0,3.0,3.0,62.0,3,523.3333333333334
Super built-up  Area,Gubbalala,1470.0,2.0,2.0,82.0,3,490.0
Built-up  Area,7th Phase JP Nagar,1050.0,2.0,2.0,71.0,2,525.0
Super built-up  Area,Bannerghatta Road,1460.0,2.0,2.0,90.0,3,486.6666666666667
Super built-up  Area,Electronic City,1094.0,2.0,2.0,42.0,2,547.0
Super built-up  Area,Budigere,1153.0,2.0,2.0,57.0,2,576.5
Built-up  Area,other,1325.0,3.0,3.0,57.0,3,441.6666666666667
Built-up  Area,Jakkur,1590.0,2.0,2.0,125.0,3,530.0
Super built-up  Area,other,1202.0,2.0,2.0,48.0,2,601.0
Super built-up  Area,other,1200.0,2.0,2.0,62.5,2,600.0
Super built-up  Area,Panathur,1688.0,3.0,3.0,118.0,3,562.6666666666666
Built-up  Area,other,1020.0,2.0,2.0,52.0,2,510.0
Super built-up  Area,Sarjapur,1185.0,2.0,2.0,47.0,2,592.5
Super built-up  Area,Ramagondanahalli,1235.0,2.0,2.0,52.04,2,617.5
Super built-up  Area,Kengeri Satellite Town,1415.0,2.0,2.0,66.0,3,471.6666666666667
Super built-up  Area,Whitefield,805.0,2.0,2.0,35.0,2,402.5
Super built-up  Area,Whitefield,1155.0,2.0,2.0,59.95,2,577.5
Built-up  Area,other,1100.0,2.0,2.0,48.0,2,550.0
Super built-up  Area,other,1468.0,2.0,2.0,140.0,2,734.0
Super built-up  Area,Hegde Nagar,1341.0,2.0,2.0,97.0,2,670.5
Super built-up  Area,Electronic City Phase II,2225.0,4.0,4.0,98.88,4,556.25
Super built-up  Area,Thanisandra,1185.0,2.0,2.0,43.51,2,592.5
Super built-up  Area,other,1750.0,3.0,3.0,85.0,3,583.3333333333334
Super built-up  Area,Kudlu,1152.0,2.0,2.0,53.5,2,576.0
Super built-up  Area,Hulimavu,1300.0,2.0,2.0,36.0,2,650.0
Super built-up  Area,Uttarahalli,1101.0,2.0,2.0,45.0,2,550.5
Super built-up  Area,Yeshwanthpur,667.0,1.0,1.0,36.85,1,667.0
Super built-up  Area,Electronic City,1070.0,2.0,2.0,55.0,2,535.0
Built-up  Area,Old Airport Road,1875.0,2.0,2.0,110.0,3,625.0
Super built-up  Area,Kundalahalli,735.0,2.0,2.0,57.99,2,367.5
Super built-up  Area,Marathahalli,1215.0,2.0,2.0,67.0,2,607.5
Super built-up  Area,other,820.0,2.0,2.0,30.0,2,410.0
Super built-up  Area,other,1177.5,2.0,2.0,59.935,2,588.75
Super built-up  Area,Battarahalli,1779.0,3.0,3.0,89.61,3,593.0
Built-up  Area,other,1105.0,2.0,2.0,58.0,2,552.5
Super built-up  Area,Whitefield,1650.0,3.0,3.0,60.0,3,550.0
Super built-up  Area,Jalahalli,1694.0,2.0,2.0,150.0,2,847.0
Super built-up  Area,Kammasandra,674.0,2.0,2.0,33.0,2,337.0
Super built-up  Area,Kaggadasapura,1185.0,2.0,2.0,41.0,2,592.5
Super built-up  Area,other,445.0,1.0,1.0,28.0,1,445.0
Super built-up  Area,Gottigere,1618.0,3.0,3.0,82.5,3,539.3333333333334
Super built-up  Area,Koramangala,1120.0,2.0,2.0,65.0,2,560.0
Super built-up  Area,Marathahalli,2181.0,3.0,3.0,152.0,4,545.25
Super built-up  Area,Bannerghatta Road,1556.0,2.0,2.0,59.13,3,518.6666666666666
Super built-up  Area,Bannerghatta Road,1179.0,2.0,2.0,66.02,2,589.5
Super built-up  Area,Thanisandra,1296.0,2.0,2.0,83.0,2,648.0
Built-up  Area,Kaggadasapura,1275.0,2.0,2.0,52.0,2,637.5
Super built-up  Area,Gottigere,1222.0,2.0,2.0,63.0,2,611.0
Super built-up  Area,Electronic City,940.0,2.0,2.0,41.0,2,470.0
Super built-up  Area,Thanisandra,1185.0,2.0,2.0,42.6,2,592.5
Super built-up  Area,Tumkur Road,1779.0,3.0,3.0,112.0,3,593.0
Super built-up  Area,Begur Road,1615.0,3.0,3.0,59.76,3,538.3333333333334
Super built-up  Area,Haralur Road,1056.0,2.0,2.0,61.0,2,528.0
Built-up  Area,other,920.0,2.0,2.0,40.0,2,460.0
Super built-up  Area,other,1602.0,2.0,2.0,75.0,3,534.0
Built-up  Area,Kasavanhalli,1717.0,3.0,3.0,99.0,3,572.3333333333334
Super built-up  Area,Bhoganhalli,2119.0,4.0,4.0,111.0,4,529.75
Super built-up  Area,Vittasandra,1246.0,2.0,2.0,67.3,2,623.0
Super built-up  Area,Anandapura,1141.0,2.0,2.0,42.79,2,570.5
Super built-up  Area,Chandapura,1025.0,2.0,2.0,27.68,2,512.5
Built-up  Area,Yelahanka New Town,650.0,1.0,1.0,33.0,1,650.0
Super built-up  Area,Hebbal,1349.0,2.0,2.0,98.0,2,674.5
Super built-up  Area,other,1566.0,3.0,3.0,83.3,3,522.0
Super built-up  Area,Varthur,1091.0,2.0,2.0,34.9,2,545.5
Super built-up  Area,Yeshwanthpur,1950.0,4.0,4.0,130.0,4,487.5
Super built-up  Area,Yelahanka,1705.0,3.0,3.0,95.0,3,568.3333333333334
Built-up  Area,Kalyan nagar,1375.0,3.0,3.0,75.0,3,458.3333333333333
Super built-up  Area,Kanakpura Road,525.0,1.0,1.0,30.0,1,525.0
Super built-up  Area,Thanisandra,1114.0,2.0,2.0,39.0,2,557.0
Super built-up  Area,7th Phase JP Nagar,1450.0,2.0,2.0,100.0,3,483.3333333333333
Built-up  Area,Hebbal,1000.0,2.0,2.0,45.0,2,500.0
Super built-up  Area,Electronic City,1128.0,2.0,2.0,68.75,2,564.0
Super built-up  Area,Kanakpura Road,1180.0,2.0,2.0,57.0,2,590.0
Super built-up  Area,Kanakpura Road,1339.0,2.0,2.0,75.0,2,669.5
Super built-up  Area,7th Phase JP Nagar,1040.0,2.0,2.0,39.52,2,520.0
Super built-up  Area,Sarjapur  Road,1691.0,3.0,3.0,113.0,3,563.6666666666666
Super built-up  Area,Bisuvanahalli,1075.0,3.0,3.0,36.0,3,358.3333333333333
Super built-up  Area,Bannerghatta Road,1122.5,2.0,2.0,58.935,2,561.25
Super built-up  Area,other,1665.0,3.0,3.0,86.58,3,555.0
Built-up  Area,Brookefield,1142.0,2.0,2.0,70.0,2,571.0
Super built-up  Area,Electronics City Phase 1,1175.0,2.0,2.0,51.47,2,587.5
Built-up  Area,Subramanyapura,1200.0,2.0,2.0,52.0,2,600.0
Built-up  Area,Kodichikkanahalli,995.0,2.0,2.0,41.0,2,497.5
Super built-up  Area,Magadi Road,884.0,2.0,2.0,41.1,2,442.0
Built-up  Area,Yeshwanthpur,1170.0,2.0,2.0,57.0,2,585.0
Super built-up  Area,KR Puram,1225.0,2.0,2.0,46.55,2,612.5
Super built-up  Area,Electronic City,1342.0,2.0,2.0,73.3,2,671.0
Built-up  Area,other,1320.0,3.0,3.0,65.0,3,440.0
Super built-up  Area,Raja Rajeshwari Nagar,1140.0,2.0,2.0,49.39,2,570.0
Super built-up  Area,Battarahalli,1300.0,2.0,2.0,50.0,2,650.0
Super built-up  Area,Thigalarapalya,2072.0,4.0,4.0,142.0,3,690.6666666666666
Super built-up  Area,Electronic City,1360.0,2.0,2.0,71.0,3,453.3333333333333
Super built-up  Area,Hosur Road,1145.0,2.0,2.0,60.0,3,381.6666666666667
Built-up  Area,Uttarahalli,1540.0,2.0,2.0,40.0,3,513.3333333333334
Super built-up  Area,Sarjapur  Road,1278.0,2.0,2.0,95.0,2,639.0
Super built-up  Area,Electronic City Phase II,630.0,1.0,1.0,40.0,1,630.0
Super built-up  Area,Kanakpura Road,1100.0,3.0,3.0,58.0,3,366.6666666666667
Plot  Area,other,1200.0,3.0,3.0,95.0,3,400.0
Super built-up  Area,Chandapura,582.5,1.0,1.0,15.135,1,582.5
Super built-up  Area,other,1180.0,2.0,2.0,69.0,2,590.0
Super built-up  Area,7th Phase JP Nagar,1070.0,2.0,2.0,42.79,2,535.0
Super built-up  Area,Varthur,1385.0,2.0,2.0,80.0,2,692.5
Super built-up  Area,Magadi Road,1005.0,2.0,2.0,55.78,2,502.5
Super built-up  Area,Green Glen Layout,1575.0,3.0,3.0,125.0,3,525.0
Super built-up  Area,Subramanyapura,975.0,2.0,2.0,65.0,2,487.5
Super built-up  Area,Hennur Road,1904.0,3.0,3.0,120.0,3,634.6666666666666
Super built-up  Area,Harlur,1174.0,2.0,2.0,69.0,2,587.0
Super built-up  Area,Whitefield,2225.0,2.0,2.0,125.0,3,741.6666666666666
Super built-up  Area,Jigani,918.0,2.0,2.0,52.0,2,459.0
Super built-up  Area,Sarjapur  Road,1800.0,3.0,3.0,110.0,3,600.0
Built-up  Area,Marathahalli,1170.0,2.0,2.0,53.0,2,585.0
Super built-up  Area,Jakkur,1710.0,3.0,3.0,107.0,3,570.0
Super built-up  Area,Kambipura,1082.0,2.0,2.0,57.5,3,360.6666666666667
Super built-up  Area,other,1554.0,3.0,3.0,55.0,3,518.0
Super built-up  Area,Thanisandra,1142.5,2.0,2.0,43.415,2,571.25
Super built-up  Area,Hosa Road,1045.0,2.0,2.0,98.89,2,522.5
Super built-up  Area,Ambedkar Nagar,1935.0,4.0,4.0,130.0,3,645.0
Super built-up  Area,Lakshminarayana Pura,1680.0,3.0,3.0,150.0,3,560.0
Built-up  Area,Kasavanhalli,1799.0,3.0,3.0,90.0,3,599.6666666666666
Built-up  Area,Kundalahalli,1047.0,2.0,2.0,82.0,2,523.5
Super built-up  Area,other,1282.0,2.0,2.0,87.0,2,641.0
Super built-up  Area,Whitefield,1495.0,2.0,2.0,79.5,2,747.5
Super built-up  Area,Sahakara Nagar,1500.0,2.0,2.0,95.0,3,500.0
Super built-up  Area,Uttarahalli,1540.0,3.0,3.0,50.0,3,513.3333333333334
Super built-up  Area,Hosa Road,1639.0,3.0,3.0,80.0,3,546.3333333333334
Super built-up  Area,Raja Rajeshwari Nagar,1303.0,2.0,2.0,55.79,2,651.5
Super built-up  Area,Koramangala,1005.0,1.0,1.0,110.0,2,502.5
Super built-up  Area,Kammasandra,657.5,1.0,1.0,18.41,1,657.5
Super built-up  Area,Chandapura,1305.0,3.0,3.0,33.28,3,435.0
Super built-up  Area,Brookefield,1440.0,2.0,2.0,68.0,3,480.0
Super built-up  Area,Varthur,1535.0,3.0,3.0,65.99,3,511.6666666666667
Super built-up  Area,other,1350.0,2.0,2.0,80.0,2,675.0
Built-up  Area,other,650.0,2.0,2.0,42.0,2,325.0
Built-up  Area,Electronics City Phase 1,950.0,2.0,2.0,31.0,2,475.0
Super built-up  Area,7th Phase JP Nagar,1190.0,2.0,2.0,49.98,2,595.0
Super built-up  Area,Hennur Road,1891.0,3.0,3.0,109.0,3,630.3333333333334
Super built-up  Area,Hosa Road,1161.0,2.0,2.0,55.15,2,580.5
Super built-up  Area,Sarjapur,649.5,1.0,1.0,17.535,1,649.5
Super built-up  Area,Yeshwanthpur,665.0,1.0,1.0,36.85,1,665.0
Built-up  Area,Hoodi,1425.0,2.0,2.0,80.0,2,712.5
Built-up  Area,Somasundara Palya,1255.0,2.0,2.0,67.0,2,627.5
Super built-up  Area,Hegde Nagar,2112.95,4.0,4.0,145.0,3,704.3166666666666
Super built-up  Area,Haralur Road,1810.0,3.0,3.0,100.0,3,603.3333333333334
Built-up  Area,Electronic City Phase II,1400.0,2.0,2.0,40.43,3,466.6666666666667
Super built-up  Area,other,1485.0,2.0,2.0,67.0,3,495.0
Super built-up  Area,other,1025.0,2.0,2.0,44.5,2,512.5
Super built-up  Area,Kanakpura Road,1100.0,3.0,3.0,53.0,3,366.6666666666667
Super built-up  Area,other,1141.0,2.0,2.0,62.0,2,570.5
Super built-up  Area,Kanakpura Road,1843.0,3.0,3.0,95.84,3,614.3333333333334
Super built-up  Area,Rachenahalli,1530.0,2.0,2.0,74.5,3,510.0
Super built-up  Area,Vittasandra,1246.0,2.0,2.0,64.5,2,623.0
Super built-up  Area,Kanakapura,711.0,1.0,1.0,38.0,1,711.0
Super built-up  Area,Haralur Road,1194.0,2.0,2.0,46.0,2,597.0
Super built-up  Area,other,1358.0,2.0,2.0,43.4,3,452.6666666666667
Super built-up  Area,Hoodi,1420.0,2.0,2.0,75.0,2,710.0
Super built-up  Area,other,1209.0,2.0,2.0,50.0,2,604.5
Super built-up  Area,Panathur,1315.0,2.0,2.0,54.8,3,438.3333333333333
Super built-up  Area,other,1600.0,2.0,2.0,65.0,3,533.3333333333334
Super built-up  Area,other,1563.0,3.0,3.0,52.0,3,521.0
Super built-up  Area,Whitefield,1560.0,2.0,2.0,72.0,3,520.0
Super built-up  Area,Brookefield,2169.0,4.0,4.0,115.0,3,723.0
Super built-up  Area,HSR Layout,1140.0,2.0,2.0,46.0,2,570.0
Super built-up  Area,JP Nagar,1100.0,2.0,2.0,70.0,2,550.0
Super built-up  Area,Hebbal,1036.0,2.0,2.0,50.0,2,518.0
Built-up  Area,Akshaya Nagar,1662.0,3.0,3.0,85.1,3,554.0
Super built-up  Area,other,1464.0,2.0,2.0,105.0,3,488.0
Super built-up  Area,Yelahanka,1234.0,2.0,2.0,80.0,2,617.0
Super built-up  Area,Sarjapur  Road,1403.0,3.0,3.0,55.0,3,467.6666666666667
Built-up  Area,other,1405.0,2.0,2.0,70.0,2,702.5
Super built-up  Area,Yeshwanthpur,1161.0,2.0,2.0,64.08,2,580.5
Super built-up  Area,Kanakpura Road,1290.0,2.0,2.0,74.0,2,645.0
Built-up  Area,other,1480.0,3.0,3.0,90.0,3,493.3333333333333
Super built-up  Area,Old Madras Road,1350.0,3.0,3.0,54.54,3,450.0
Super built-up  Area,Kadugodi,1580.0,2.0,2.0,65.0,3,526.6666666666666
Super built-up  Area,Sarjapur  Road,1346.0,2.0,2.0,61.92,2,673.0
Super built-up  Area,other,1200.0,2.0,2.0,35.0,2,600.0
Built-up  Area,Channasandra,1340.0,2.0,2.0,48.33,3,446.6666666666667
Super built-up  Area,Jigani,918.0,2.0,2.0,48.0,2,459.0
Plot  Area,other,1500.0,3.0,3.0,115.0,3,500.0
Super built-up  Area,Yelahanka,1315.0,2.0,2.0,85.0,2,657.5
Super built-up  Area,Uttarahalli,1330.0,2.0,2.0,56.0,3,443.3333333333333
Super built-up  Area,other,1824.0,3.0,3.0,125.0,3,608.0
Super built-up  Area,7th Phase JP Nagar,1420.0,2.0,2.0,96.0,3,473.3333333333333
Super built-up  Area,other,1260.0,2.0,2.0,60.0,3,420.0
Super built-up  Area,Hennur Road,1561.0,3.0,3.0,95.0,3,520.3333333333334
Super built-up  Area,Haralur Road,1225.0,2.0,2.0,67.38,2,612.5
Super built-up  Area,Thanisandra,2144.0,3.0,3.0,135.0,3,714.6666666666666
Super built-up  Area,Electronic City,880.0,2.0,2.0,29.0,2,440.0
Super built-up  Area,Hoodi,1639.0,3.0,3.0,110.0,3,546.3333333333334
Built-up  Area,Thanisandra,1240.0,2.0,2.0,62.0,3,413.3333333333333
Super built-up  Area,Haralur Road,1243.0,2.0,2.0,46.0,2,621.5
Super built-up  Area,Marathahalli,1575.0,3.0,3.0,78.0,3,525.0
Super built-up  Area,Kambipura,1082.0,2.0,2.0,56.0,3,360.6666666666667
Super built-up  Area,Kanakpura Road,1665.0,3.0,3.0,86.58,3,555.0
Super built-up  Area,Electronic City,1265.0,2.0,2.0,56.93,2,632.5
Super built-up  Area,Electronic City,1691.0,2.0,2.0,102.0,3,563.6666666666666
Super built-up  Area,Thanisandra,1100.0,2.0,2.0,38.0,2,550.0
Super built-up  Area,Choodasandra,1115.0,2.0,2.0,50.0,2,557.5
Super built-up  Area,Mysore Road,1070.0,2.0,2.0,45.0,2,535.0
Super built-up  Area,Indira Nagar,1128.0,2.0,2.0,105.0,2,564.0
Super built-up  Area,Budigere,1162.0,2.0,2.0,57.0,2,581.0
Super built-up  Area,other,1339.0,2.0,2.0,55.0,2,669.5
Super built-up  Area,Mahadevpura,1192.0,2.0,2.0,75.0,2,596.0
Super built-up  Area,Haralur Road,1920.0,3.0,3.0,115.0,3,640.0
Super built-up  Area,Hennur,1255.0,2.0,2.0,52.32,2,627.5
Super built-up  Area,Rajaji Nagar,1357.0,2.0,2.0,115.0,2,678.5
Super built-up  Area,other,1225.0,2.0,2.0,55.11,2,612.5
Super built-up  Area,Thanisandra,1093.0,2.0,2.0,70.0,2,546.5
Built-up  Area,other,1865.0,3.0,3.0,145.0,3,621.6666666666666
Super built-up  Area,other,1039.0,2.0,2.0,80.0,2,519.5
Super built-up  Area,Whitefield,1985.0,3.0,3.0,75.0,3,661.6666666666666
Super built-up  Area,Hosakerehalli,1590.0,3.0,3.0,49.0,3,530.0
Super built-up  Area,Electronic City Phase II,775.0,2.0,2.0,38.0,2,387.5
Super built-up  Area,other,1000.0,2.0,2.0,50.0,2,500.0
Super built-up  Area,Hebbal Kempapura,1800.0,3.0,3.0,175.0,3,600.0
Super built-up  Area,Bommasandra,1035.0,2.0,2.0,41.0,2,517.5
Super built-up  Area,Dasarahalli,1520.0,2.0,2.0,75.0,3,506.6666666666667
Super built-up  Area,Whitefield,1360.0,2.0,2.0,95.0,2,680.0
Super built-up  Area,other,1117.0,2.0,2.0,56.0,2,558.5
Plot  Area,KR Puram,1200.0,4.0,4.0,120.0,4,300.0
Super built-up  Area,EPIP Zone,1330.0,2.0,2.0,92.5,2,665.0
Super built-up  Area,Marathahalli,1937.0,3.0,3.0,160.0,3,645.6666666666666
Super built-up  Area,Electronic City,1128.0,2.0,2.0,65.49,2,564.0
Super built-up  Area,Neeladri Nagar,1053.0,2.0,2.0,45.0,2,526.5
Super built-up  Area,Panathur,1198.0,2.0,2.0,77.0,2,599.0
Super built-up  Area,Marathahalli,1152.0,2.0,2.0,56.0,2,576.0
Super built-up  Area,Frazer Town,1625.0,2.0,2.0,75.0,2,812.5
Super built-up  Area,Kundalahalli,1397.0,3.0,3.0,105.0,3,465.6666666666667
Super built-up  Area,Yeshwanthpur,1523.0,3.0,3.0,170.0,3,507.6666666666667
Super built-up  Area,Kaggalipura,700.0,1.0,1.0,38.0,1,700.0
Super built-up  Area,Yelahanka,1170.0,2.0,2.0,62.5,2,585.0
Super built-up  Area,Kanakpura Road,1200.0,2.0,2.0,42.0,3,400.0
Super built-up  Area,Akshaya Nagar,1897.0,3.0,3.0,120.0,3,632.3333333333334
Super built-up  Area,Haralur Road,1875.0,3.0,3.0,110.0,3,625.0
Super built-up  Area,Ambalipura,1390.0,2.0,2.0,175.0,3,463.3333333333333
Super built-up  Area,Yelahanka,1450.0,3.0,3.0,65.255,3,483.3333333333333
Super built-up  Area,Yelahanka,697.0,1.0,1.0,45.0,1,697.0
Built-up  Area,Sarjapur  Road,710.0,1.0,1.0,27.0,1,710.0
Carpet  Area,other,910.0,2.0,2.0,30.5,2,455.0
Built-up  Area,other,1025.0,2.0,2.0,48.0,3,341.6666666666667
Super built-up  Area,Magadi Road,1000.0,2.0,2.0,46.5,2,500.0
Super built-up  Area,Thanisandra,971.5,2.0,2.0,36.435,2,485.75
Built-up  Area,Varthur,1024.0,2.0,2.0,42.0,2,512.0
Built-up  Area,Electronic City,1620.0,3.0,3.0,62.0,3,540.0
Super built-up  Area,Whitefield,1254.0,2.0,2.0,40.0,2,627.0
Built-up  Area,Banashankari,1300.0,2.0,2.0,75.0,3,433.3333333333333
Super built-up  Area,Hosur Road,1510.0,2.0,2.0,105.0,3,503.3333333333333
Super built-up  Area,Kaggalipura,950.0,2.0,2.0,65.0,2,475.0
Super built-up  Area,Battarahalli,1945.0,3.0,3.0,97.42,3,648.3333333333334
Super built-up  Area,Uttarahalli,1008.0,2.0,2.0,45.0,2,504.0
Super built-up  Area,Thanisandra,1265.0,2.0,2.0,79.0,3,421.6666666666667
Super built-up  Area,Hebbal,1255.0,2.0,2.0,77.68,3,418.3333333333333
Super built-up  Area,Sarjapur  Road,1403.0,3.0,3.0,51.63,3,467.6666666666667
Super built-up  Area,Kudlu Gate,1535.0,3.0,3.0,85.0,3,511.6666666666667
Super built-up  Area,other,1475.0,2.0,2.0,120.0,3,491.6666666666667
Super built-up  Area,other,1133.0,2.0,2.0,55.0,2,566.5
Super built-up  Area,Whitefield,1697.0,3.0,3.0,94.79,3,565.6666666666666
Super built-up  Area,Hennur Road,1192.0,2.0,2.0,60.0,3,397.3333333333333
Super built-up  Area,Kasavanhalli,1349.0,2.0,2.0,78.0,2,674.5
Super built-up  Area,7th Phase JP Nagar,1680.0,3.0,3.0,120.0,3,560.0
Built-up  Area,Kalyan nagar,820.0,2.0,2.0,39.0,2,410.0
Super built-up  Area,other,856.0,2.0,2.0,40.0,2,428.0
Super built-up  Area,Rajaji Nagar,1621.0,4.0,4.0,130.0,3,540.3333333333334
Super built-up  Area,Bannerghatta Road,1484.0,3.0,3.0,52.5,3,494.6666666666667
Super built-up  Area,Yelahanka New Town,500.0,1.0,1.0,20.0,1,500.0
Built-up  Area,Electronic City,550.0,1.0,1.0,16.0,2,275.0
Built-up  Area,other,1384.0,3.0,3.0,62.28,3,461.3333333333333
Built-up  Area,Uttarahalli,1150.0,2.0,2.0,49.0,2,575.0
Built-up  Area,Kaggadasapura,2150.0,4.0,4.0,100.0,4,537.5
Built-up  Area,other,1508.0,3.0,3.0,70.25,3,502.6666666666667
Built-up  Area,Ramamurthy Nagar,1040.0,2.0,2.0,50.0,2,520.0
Plot  Area,other,1240.0,2.0,2.0,60.0,2,620.0
Super built-up  Area,Kudlu Gate,1535.0,3.0,3.0,78.0,3,511.6666666666667
Built-up  Area,Lakshminarayana Pura,1180.0,2.0,2.0,75.0,2,590.0
Super built-up  Area,Bannerghatta Road,1400.0,2.0,2.0,78.0,2,700.0
Super built-up  Area,Sarjapur  Road,1984.0,4.0,4.0,146.0,3,661.3333333333334
Super built-up  Area,other,1960.0,3.0,3.0,160.0,3,653.3333333333334
Super built-up  Area,Sarjapur  Road,1035.0,2.0,2.0,45.0,2,517.5
Built-up  Area,Whitefield,1700.0,3.0,3.0,115.0,3,566.6666666666666
Super built-up  Area,Tumkur Road,1586.0,3.0,3.0,100.0,3,528.6666666666666
Super built-up  Area,Yelahanka,1120.0,2.0,2.0,55.0,2,560.0
Super built-up  Area,Yelahanka,1662.0,2.6926096474673513,2.6926096474673513,67.98,3,554.0
Super built-up  Area,Sarjapur  Road,1128.0,2.0,2.0,59.0,2,564.0
Super built-up  Area,Jigani,924.0,2.0,2.0,65.0,2,462.0
Super built-up  Area,other,1600.0,3.0,3.0,52.0,3,533.3333333333334
Super built-up  Area,other,1200.0,2.0,2.0,55.0,2,600.0
Built-up  Area,Kannamangala,957.0,2.0,2.0,56.0,2,478.5
Super built-up  Area,Whitefield,1140.0,2.0,2.0,41.0,2,570.0
Super built-up  Area,other,1050.0,2.0,2.0,67.0,2,525.0
Super built-up  Area,Whitefield,1190.0,2.0,2.0,57.0,2,595.0
Built-up  Area,Kanakpura Road,1558.67,2.0,2.0,65.0,3,519.5566666666667
Super built-up  Area,Whitefield,1403.0,2.0,2.0,60.81,3,467.6666666666667
Super built-up  Area,Kanakpura Road,1542.0,2.0,2.0,85.0,3,514.0
Super built-up  Area,other,1596.0,3.0,3.0,105.0,3,532.0
Super built-up  Area,Channasandra,1009.0,2.0,2.0,38.34,2,504.5
Super built-up  Area,Hosa Road,1726.0,3.0,3.0,81.99,3,575.3333333333334
Super built-up  Area,Kudlu Gate,1535.0,3.0,3.0,86.0,3,511.6666666666667
Super built-up  Area,Binny Pete,665.0,1.0,1.0,50.75,1,665.0
Built-up  Area,other,925.0,2.0,2.0,48.0,2,462.5
Super built-up  Area,other,1395.0,2.0,2.0,63.59,2,697.5
Super built-up  Area,Sonnenahalli,1415.0,2.0,2.0,55.0,3,471.6666666666667
Super built-up  Area,Begur,1419.0,2.0,2.0,59.0,3,473.0
Super built-up  Area,Kasavanhalli,1121.0,2.0,2.0,78.0,2,560.5
Super built-up  Area,KR Puram,1100.0,2.0,2.0,47.0,2,550.0
Super built-up  Area,Hoodi,1606.0,3.0,3.0,89.55,3,535.3333333333334
Super built-up  Area,Old Airport Road,1206.0,2.0,2.0,75.0,2,603.0
Built-up  Area,Sarjapur  Road,1495.0,2.0,2.0,64.0,3,498.3333333333333
Super built-up  Area,Electronic City,710.0,2.0,2.0,16.0,2,355.0
Super built-up  Area,Nagarbhavi,1523.0,2.0,2.0,53.4,3,507.6666666666667
Super built-up  Area,Whitefield,1232.0,2.0,2.0,45.0,2,616.0
Super built-up  Area,Rachenahalli,680.0,1.0,1.0,44.0,1,680.0
Super built-up  Area,Hebbal,1355.0,3.0,3.0,83.87,3,451.6666666666667
Super built-up  Area,Thanisandra,1430.0,2.0,2.0,51.46,3,476.6666666666667
Super built-up  Area,Electronic City,1070.0,2.0,2.0,56.1,2,535.0
Super built-up  Area,Marathahalli,1610.0,3.0,3.0,90.0,3,536.6666666666666
Super built-up  Area,Haralur Road,1140.0,2.0,2.0,43.0,2,570.0
Super built-up  Area,Raja Rajeshwari Nagar,1143.0,2.0,2.0,38.65,2,571.5
Super built-up  Area,Rachenahalli,1530.0,2.0,2.0,74.4,3,510.0
Super built-up  Area,7th Phase JP Nagar,980.0,2.0,2.0,69.0,2,490.0
Super built-up  Area,Whitefield,1485.0,3.0,3.0,65.0,3,495.0
Plot  Area,Whitefield,1500.0,3.0,3.0,130.0,3,500.0
Super built-up  Area,Thanisandra,1265.0,2.0,2.0,85.0,2,632.5
Super built-up  Area,other,1262.0,2.0,2.0,63.0,2,631.0
Super built-up  Area,JP Nagar,940.0,2.0,2.0,49.0,2,470.0
Super built-up  Area,Jigani,1300.0,3.0,3.0,150.0,3,433.3333333333333
Built-up  Area,Electronic City,890.0,2.0,2.0,45.0,2,445.0
Super built-up  Area,Hennur Road,2060.0,3.0,3.0,149.0,3,686.6666666666666
Super built-up  Area,Bommanahalli,1730.0,3.0,3.0,96.0,3,576.6666666666666
Built-up  Area,Yelahanka,2195.0,4.0,4.0,127.0,3,731.6666666666666
Super built-up  Area,Panathur,1085.0,2.0,2.0,36.0,2,542.5
Super built-up  Area,Hoodi,1639.0,3.0,3.0,98.32,3,546.3333333333334
Super built-up  Area,Vijayanagar,1739.0,3.0,3.0,116.0,3,579.6666666666666
Super built-up  Area,Old Madras Road,935.0,2.0,2.0,32.72,2,467.5
Super built-up  Area,other,1178.0,2.0,2.0,47.0,2,589.0
Built-up  Area,other,1375.0,2.0,2.0,50.0,3,458.3333333333333
Super built-up  Area,Chandapura,1065.0,2.0,2.0,33.0,3,355.0
Super built-up  Area,Koramangala,1835.0,2.0,2.0,155.0,3,611.6666666666666
Super built-up  Area,Hoodi,2090.0,4.0,4.0,95.1,4,522.5
Super built-up  Area,Lingadheeranahalli,1519.0,3.0,3.0,93.0,3,506.3333333333333
Built-up  Area,other,1267.0,3.0,3.0,56.0,3,422.3333333333333
Super built-up  Area,other,1150.0,2.0,2.0,72.2,2,575.0
Super built-up  Area,Marathahalli,1146.0,2.0,2.0,70.0,2,573.0
Built-up  Area,Kannamangala,1550.0,3.0,3.0,65.0,3,516.6666666666666
Built-up  Area,Chandapura,850.0,1.0,1.0,18.5,2,425.0
Built-up  Area,Raja Rajeshwari Nagar,1610.0,3.0,3.0,74.0,3,536.6666666666666
Super built-up  Area,Bellandur,921.0,2.0,2.0,40.0,2,460.5
Super built-up  Area,Sarjapur  Road,1700.0,3.0,3.0,110.0,3,566.6666666666666
Built-up  Area,Sarjapur,1020.0,2.0,2.0,35.0,2,510.0
Super built-up  Area,Billekahalli,1090.0,2.0,2.0,52.0,2,545.0
Super built-up  Area,Thanisandra,1185.0,2.0,2.0,42.1,2,592.5
Super built-up  Area,Doddathoguru,850.0,2.0,2.0,25.0,2,425.0
Built-up  Area,Harlur,1197.0,2.0,2.0,84.0,2,598.5
Super built-up  Area,Raja Rajeshwari Nagar,1105.0,2.0,2.0,65.0,2,552.5
Super built-up  Area,Yeshwanthpur,1850.0,3.0,3.0,100.0,3,616.6666666666666
Super built-up  Area,other,1300.0,3.0,3.0,64.0,3,433.3333333333333
Super built-up  Area,Kanakpura Road,900.0,2.0,2.0,46.0,2,450.0
Super built-up  Area,Bannerghatta Road,1654.0,3.0,3.0,100.0,3,551.3333333333334
Built-up  Area,other,1367.0,2.0,2.0,62.0,2,683.5
Super built-up  Area,Devanahalli,1010.0,2.0,2.0,51.0,2,505.0
Carpet  Area,other,1535.0,3.0,3.0,95.0,3,511.6666666666667
Super built-up  Area,Whitefield,1330.0,2.0,2.0,71.0,2,665.0
Super built-up  Area,Bhoganhalli,1410.0,3.0,3.0,65.0,3,470.0
Super built-up  Area,Yelahanka,1614.0,3.0,3.0,95.0,3,538.0
Super built-up  Area,Neeladri Nagar,1363.0,2.0,2.0,68.0,2,681.5
Super built-up  Area,other,930.0,2.0,2.0,45.0,2,465.0
Super built-up  Area,Kadugodi,1890.0,4.0,4.0,127.0,3,630.0
Built-up  Area,other,1440.0,2.0,2.0,98.0,2,720.0
Super built-up  Area,Budigere,764.0,1.0,1.0,32.0,1,764.0
Built-up  Area,Hoodi,1445.0,3.0,3.0,65.0,3,481.6666666666667
Super built-up  Area,Kanakpura Road,900.0,1.0,1.0,45.0,2,450.0
Super built-up  Area,Yelahanka,1381.0,2.0,2.0,52.48,3,460.3333333333333
Built-up  Area,other,1100.0,2.0,2.0,60.0,2,550.0
Super built-up  Area,Begur Road,1200.0,2.0,2.0,43.2,2,600.0
Super built-up  Area,other,1080.0,2.0,2.0,80.0,2,540.0
Super built-up  Area,Jakkur,1865.0,3.0,3.0,124.0,3,621.6666666666666
Super built-up  Area,Sarjapur  Road,1157.0,2.0,2.0,75.0,3,385.6666666666667
Super built-up  Area,Kammasandra,674.0,2.0,2.0,29.0,2,337.0
Super built-up  Area,Whitefield,1405.0,2.0,2.0,78.0,3,468.3333333333333
Super built-up  Area,Begur Road,1160.0,2.0,2.0,44.08,2,580.0
Super built-up  Area,Hebbal,1790.0,3.0,3.0,127.0,3,596.6666666666666
Super built-up  Area,Electronic City,1128.0,2.0,2.0,65.65,2,564.0
Super built-up  Area,Panathur,1180.0,2.0,2.0,70.0,2,590.0
Super built-up  Area,Varthur,1125.0,2.0,2.0,40.0,2,562.5
Super built-up  Area,Vittasandra,1246.0,2.0,2.0,68.0,2,623.0
Super built-up  Area,HSR Layout,1372.0,2.0,2.0,61.0,2,686.0
Super built-up  Area,Channasandra,1065.0,2.0,2.0,35.0,2,532.5
Carpet  Area,Hebbal,687.325,2.0,2.0,42.72,2,343.6625
Super built-up  Area,other,1050.0,2.0,2.0,45.0,2,525.0
Built-up  Area,Electronic City,865.0,2.0,2.0,42.0,2,432.5
Built-up  Area,other,1756.0,3.0,3.0,100.0,3,585.3333333333334
Super built-up  Area,Yelahanka,628.0,1.0,1.0,24.0,1,628.0
Super built-up  Area,Kalena Agrahara,1765.0,3.0,3.0,125.0,3,588.3333333333334
Super built-up  Area,other,1532.0,3.0,3.0,92.0,3,510.6666666666667
Built-up  Area,other,1650.0,3.0,3.0,110.0,3,550.0
Carpet  Area,Bhoganhalli,804.1,2.0,2.0,69.09,2,402.05
Built-up  Area,other,1200.0,2.0,2.0,66.0,2,600.0
Super built-up  Area,Uttarahalli,1385.0,2.0,2.0,48.48,3,461.6666666666667
Super built-up  Area,other,1010.0,2.0,2.0,148.0,2,505.0
Super built-up  Area,Whitefield,2225.0,3.0,3.0,115.0,3,741.6666666666666
Super built-up  Area,other,1180.0,2.0,2.0,48.0,2,590.0
Super built-up  Area,Whitefield,1272.0,2.0,2.0,95.05,2,636.0
Super built-up  Area,Whitefield,1205.0,2.0,2.0,39.0,2,602.5
Built-up  Area,Kalena Agrahara,980.0,2.0,2.0,40.0,2,490.0
Super built-up  Area,Ramagondanahalli,1610.0,2.0,2.0,111.0,3,536.6666666666666
Super built-up  Area,Jalahalli,1694.0,2.0,2.0,125.0,2,847.0
Super built-up  Area,Kaggalipura,950.0,2.0,2.0,39.0,2,475.0
Super built-up  Area,other,1560.0,2.0,2.0,66.0,3,520.0
Super built-up  Area,Electronic City,910.0,2.0,2.0,42.0,2,455.0
Super built-up  Area,Kundalahalli,1291.0,2.0,2.0,49.0,2,645.5
Super built-up  Area,Varthur,1012.0,2.0,2.0,66.5,2,506.0
Super built-up  Area,Sarjapur  Road,1282.0,2.0,2.0,72.0,2,641.0
Super built-up  Area,Kanakpura Road,1843.0,3.0,3.0,92.15,3,614.3333333333334
Super built-up  Area,EPIP Zone,1330.0,2.0,2.0,86.98,2,665.0
Super built-up  Area,other,1400.0,2.0,2.0,73.0,3,466.6666666666667
Super built-up  Area,Thigalarapalya,1297.0,2.0,2.0,103.0,2,648.5
Super built-up  Area,Sarjapur  Road,615.0,1.0,1.0,17.835,1,615.0
Super built-up  Area,Vijayanagar,1490.0,3.0,3.0,100.0,3,496.6666666666667
Super built-up  Area,other,1373.0,3.0,3.0,72.0,3,457.6666666666667
Super built-up  Area,HSR Layout,1750.0,3.0,3.0,95.0,3,583.3333333333334
Super built-up  Area,other,1052.0,2.0,2.0,50.0,2,526.0
Super built-up  Area,Raja Rajeshwari Nagar,1128.0,2.0,2.0,38.24,2,564.0
Super built-up  Area,JP Nagar,1120.0,2.0,2.0,33.6,2,560.0
Super built-up  Area,Kanakapura,1090.0,2.0,2.0,32.69,2,545.0
Super built-up  Area,Uttarahalli,1330.0,2.0,2.0,46.55,3,443.3333333333333
Super built-up  Area,Hosur Road,1427.0,2.0,2.0,80.63,3,475.6666666666667
Built-up  Area,Begur,1580.0,3.0,3.0,75.0,3,526.6666666666666
Plot  Area,Chikka Tirupathi,1808.0,4.0,4.0,80.27,3,602.6666666666666
Super built-up  Area,other,1194.0,2.0,2.0,47.0,2,597.0
Super built-up  Area,other,1390.0,3.0,3.0,120.0,3,463.3333333333333
Built-up  Area,Bisuvanahalli,845.0,2.0,2.0,33.0,2,422.5
Super built-up  Area,Yelahanka,1537.0,3.0,3.0,120.0,3,512.3333333333334
Super built-up  Area,Hoodi,1512.0,3.0,3.0,75.77,3,504.0
Super built-up  Area,Jigani,1230.0,3.0,3.0,54.0,3,410.0
Super built-up  Area,other,1378.0,2.0,2.0,42.33,3,459.3333333333333
Super built-up  Area,Whitefield,1277.0,2.0,2.0,61.3,2,638.5
Super built-up  Area,other,1210.0,2.0,2.0,62.0,2,605.0
Super built-up  Area,Electronic City,975.0,2.0,2.0,37.5,2,487.5
Super built-up  Area,Rajiv Nagar,1690.0,3.0,3.0,125.0,3,563.3333333333334
Super built-up  Area,Hosa Road,1063.0,2.0,2.0,31.89,2,531.5
Built-up  Area,other,1600.0,3.0,3.0,80.0,3,533.3333333333334
Super built-up  Area,Bommanahalli,520.0,1.0,1.0,19.5,1,520.0
Built-up  Area,Munnekollal,1390.0,3.0,3.0,68.0,3,463.3333333333333
Super built-up  Area,Whitefield,1185.0,2.0,2.0,40.0,2,592.5
Super built-up  Area,Sahakara Nagar,1219.0,2.0,2.0,48.0,2,609.5
Super built-up  Area,Kudlu Gate,1564.0,2.0,2.0,92.0,3,521.3333333333334
Super built-up  Area,Hosa Road,1100.0,2.0,2.0,37.1,2,550.0
Built-up  Area,other,1300.0,2.0,2.0,60.0,3,433.3333333333333
Super built-up  Area,Hennur Road,1482.0,2.0,2.0,92.0,3,494.0
Plot  Area,other,1000.0,4.0,4.0,66.0,3,333.3333333333333
Super built-up  Area,Marathahalli,1469.0,3.0,3.0,89.0,3,489.6666666666667
Super built-up  Area,Balagere,1205.0,2.0,2.0,78.5,2,602.5
Super built-up  Area,Gubbalala,1745.0,3.0,3.0,125.0,3,581.6666666666666
Super built-up  Area,AECS Layout,1028.0,2.0,2.0,42.0,2,514.0
Super built-up  Area,Frazer Town,1700.0,3.0,3.0,180.0,3,566.6666666666666
Super built-up  Area,Karuna Nagar,1200.0,2.0,2.0,34.0,3,400.0
Built-up  Area,other,1100.0,2.0,2.0,50.0,2,550.0
Super built-up  Area,other,1269.72,2.0,2.0,68.0,2,634.86
Super built-up  Area,Electronic City Phase II,1266.0,2.0,2.0,59.0,2,633.0
Super built-up  Area,Mysore Road,1060.0,2.0,2.0,62.0,2,530.0
Plot  Area,other,1168.0,3.0,3.0,70.0,3,389.3333333333333
Super built-up  Area,other,1552.0,2.0,2.0,51.0,2,776.0
Super built-up  Area,Talaghattapura,2038.5,3.0,3.0,120.0,3,679.5
Super built-up  Area,Attibele,500.0,1.0,1.0,17.0,1,500.0
Super built-up  Area,other,1300.0,2.0,2.0,65.0,2,650.0
Built-up  Area,Electronics City Phase 1,920.0,2.0,2.0,33.0,2,460.0
Built-up  Area,Harlur,1310.0,2.0,2.0,50.0,2,655.0
Super built-up  Area,other,1515.0,3.0,3.0,93.93,3,505.0
Super built-up  Area,Raja Rajeshwari Nagar,1157.0,2.0,2.0,53.8,2,578.5
Super built-up  Area,Rachenahalli,1530.0,2.0,2.0,74.39,3,510.0
Super built-up  Area,other,2070.0,3.0,3.0,162.0,3,690.0
Built-up  Area,Yelahanka,1815.0,3.0,3.0,82.0,3,605.0
Super built-up  Area,Electronic City Phase II,1000.0,2.0,2.0,28.88,2,500.0
Super built-up  Area,Hennur Road,1232.0,2.0,2.0,89.0,2,616.0
Super built-up  Area,Binny Pete,1282.0,3.0,3.0,178.0,3,427.3333333333333
Super built-up  Area,Yelahanka,654.0,1.0,1.0,38.4,1,654.0
Super built-up  Area,other,1616.0,3.0,3.0,75.0,3,538.6666666666666
Super built-up  Area,Whitefield,1306.0,3.0,3.0,54.65,3,435.3333333333333
Super built-up  Area,Whitefield,1626.0,3.0,3.0,89.0,3,542.0
Super built-up  Area,Whitefield,1585.0,3.0,3.0,88.0,3,528.3333333333334
Super built-up  Area,Kanakpura Road,1495.0,2.0,2.0,90.0,2,747.5
Super built-up  Area,Whitefield,665.0,2.6926096474673513,2.6926096474673513,28.585,1,665.0
Super built-up  Area,other,1645.0,3.0,3.0,100.0,3,548.3333333333334
Super built-up  Area,other,1760.0,3.0,3.0,176.0,3,586.6666666666666
Built-up  Area,other,595.0,1.0,1.0,42.0,1,595.0
Plot  Area,Bommenahalli,1200.0,3.0,3.0,125.0,3,400.0
Built-up  Area,other,1410.0,2.0,2.0,67.0,2,705.0
Super built-up  Area,Sarjapur  Road,1300.0,2.0,2.0,60.0,2,650.0
Built-up  Area,9th Phase JP Nagar,1890.0,2.0,2.0,85.0,3,630.0
Super built-up  Area,other,1254.0,2.0,2.0,53.0,2,627.0
Built-up  Area,other,1170.0,2.0,2.0,86.0,2,585.0
Super built-up  Area,Panathur,1193.0,2.0,2.0,86.0,2,596.5
Super built-up  Area,Marathahalli,1678.0,3.0,3.0,70.0,3,559.3333333333334
Built-up  Area,Gunjur,1600.0,3.0,3.0,75.0,3,533.3333333333334
Super built-up  Area,Electronics City Phase 1,1750.0,3.0,3.0,84.0,3,583.3333333333334
Built-up  Area,other,1000.0,2.0,2.0,50.0,2,500.0
Built-up  Area,Electronic City Phase II,1320.0,2.0,2.0,38.13,3,440.0
Built-up  Area,Kasavanhalli,1100.0,2.0,2.0,50.0,2,550.0
Built-up  Area,Uttarahalli,882.0,2.0,2.0,30.0,2,441.0
Super built-up  Area,Bisuvanahalli,845.0,2.0,2.0,37.0,2,422.5
Super built-up  Area,Kambipura,883.0,2.0,2.0,39.0,2,441.5
Super built-up  Area,Thanisandra,776.5,2.6926096474673513,2.6926096474673513,48.145,1,776.5
Super built-up  Area,Brookefield,1595.0,3.0,3.0,88.0,3,531.6666666666666
Built-up  Area,Whitefield,1280.0,2.0,2.0,85.0,2,640.0
Super built-up  Area,other,920.0,2.0,2.0,35.0,2,460.0
Super built-up  Area,Choodasandra,1300.0,2.0,2.0,57.0,2,650.0
Super built-up  Area,Harlur,1757.0,3.0,3.0,132.0,3,585.6666666666666
Super built-up  Area,EPIP Zone,1330.0,2.0,2.0,93.36,2,665.0
Super built-up  Area,8th Phase JP Nagar,1062.0,2.0,2.0,42.47,2,531.0
Built-up  Area,JP Nagar,1078.0,2.0,2.0,45.0,2,539.0
Super built-up  Area,Bannerghatta Road,1460.0,2.0,2.0,72.0,3,486.6666666666667
Plot  Area,Prithvi Layout,2028.0,4.0,4.0,162.0,4,507.0
Super built-up  Area,Mysore Road,980.0,2.0,2.0,45.47,2,490.0
Built-up  Area,Sarjapur  Road,1000.0,2.0,2.0,40.0,2,500.0
Super built-up  Area,Sarjapur  Road,1050.0,2.0,2.0,62.0,2,525.0
Super built-up  Area,Domlur,1875.0,2.0,2.0,150.0,3,625.0
Built-up  Area,5th Phase JP Nagar,1725.0,2.0,2.0,100.0,3,575.0
Super built-up  Area,Thubarahalli,1128.0,2.0,2.0,75.0,2,564.0
Super built-up  Area,Yelahanka,1705.0,3.0,3.0,74.16,3,568.3333333333334
Built-up  Area,Hebbal,1100.0,2.0,2.0,50.0,2,550.0
Super built-up  Area,Hebbal,812.0,2.0,2.0,55.0,2,406.0
Super built-up  Area,Whitefield,1420.0,2.0,2.0,136.0,2,710.0
Super built-up  Area,other,1722.0,3.0,3.0,95.0,3,574.0
Carpet  Area,other,1650.0,3.0,3.0,175.0,3,550.0
Built-up  Area,other,840.0,2.0,2.0,27.0,2,420.0
Built-up  Area,Jigani,914.0,2.0,2.0,47.0,2,457.0
Super built-up  Area,Hennur Road,1482.0,2.0,2.0,83.73,3,494.0
Super built-up  Area,Kundalahalli,1724.0,3.0,3.0,127.0,3,574.6666666666666
Super built-up  Area,other,1670.0,3.0,3.0,91.86,3,556.6666666666666
Super built-up  Area,Jigani,927.0,2.0,2.0,55.0,2,463.5
Built-up  Area,Electronic City Phase II,1220.0,3.0,3.0,35.23,3,406.6666666666667
Built-up  Area,Electronic City,1360.0,2.0,2.0,75.0,3,453.3333333333333
Super built-up  Area,7th Phase JP Nagar,1180.0,2.0,2.0,72.0,2,590.0
Super built-up  Area,Whitefield,1697.0,3.0,3.0,108.0,3,565.6666666666666
Super built-up  Area,Hennur,1225.0,2.0,2.0,57.0,2,612.5
Super built-up  Area,other,1690.0,2.0,2.0,55.0,3,563.3333333333334
Built-up  Area,other,1250.0,2.0,2.0,80.0,3,416.6666666666667
Super built-up  Area,JP Nagar,1050.0,1.0,1.0,44.0,1,1050.0
Super built-up  Area,Kanakpura Road,1699.0,3.0,3.0,81.94,3,566.3333333333334
Built-up  Area,Whitefield,1205.0,2.0,2.0,58.0,2,602.5
Super built-up  Area,Akshaya Nagar,1476.0,3.0,3.0,120.0,3,492.0
Super built-up  Area,EPIP Zone,2160.0,4.0,4.0,172.0,3,720.0
Super built-up  Area,Sector 2 HSR Layout,1296.0,2.0,2.0,75.0,2,648.0
Super built-up  Area,Kanakpura Road,1570.0,3.0,3.0,64.5,3,523.3333333333334
Super built-up  Area,Koramangala,1300.0,2.0,2.0,110.0,2,650.0
Super built-up  Area,Electronic City,770.0,1.0,1.0,40.0,2,385.0
Built-up  Area,Jalahalli,1870.0,3.0,3.0,110.0,3,623.3333333333334
Plot  Area,other,1650.0,4.0,4.0,160.0,3,550.0
Super built-up  Area,Domlur,1429.0,3.0,3.0,86.0,3,476.3333333333333
Super built-up  Area,Bommasandra,1035.0,2.0,2.0,41.73,2,517.5
Super built-up  Area,Nagarbhavi,884.0,2.0,2.0,36.0,1,884.0
Super built-up  Area,Hoodi,1026.0,2.0,2.0,60.87,2,513.0
Super built-up  Area,Subramanyapura,975.0,2.0,2.0,58.0,2,487.5
Super built-up  Area,Sarjapur  Road,1700.0,3.0,3.0,135.0,3,566.6666666666666
Super built-up  Area,Padmanabhanagar,1258.0,2.0,2.0,115.0,2,629.0
Carpet  Area,Kanakpura Road,1560.0,3.0,3.0,92.0,3,520.0
Super built-up  Area,other,1494.0,2.0,2.0,94.55,3,498.0
Super built-up  Area,Hennur Road,1482.0,2.0,2.0,87.0,3,494.0
Super built-up  Area,other,800.0,2.0,2.0,50.0,2,400.0
Super built-up  Area,Hulimavu,1100.0,2.0,2.0,71.5,2,550.0
Super built-up  Area,other,1225.0,2.0,2.0,150.0,2,612.5
Built-up  Area,Hormavu,1180.0,2.0,2.0,50.0,2,590.0
Super built-up  Area,other,1260.0,2.0,2.0,58.0,2,630.0
Built-up  Area,other,1190.0,2.0,2.0,55.0,2,595.0
Super built-up  Area,Sarjapur  Road,1691.0,3.0,3.0,119.0,3,563.6666666666666
Built-up  Area,Frazer Town,1305.0,3.0,3.0,95.45,3,435.0
Super built-up  Area,other,1250.0,2.0,2.0,65.0,2,625.0
Built-up  Area,Kereguddadahalli,800.0,2.0,2.0,28.0,2,400.0
Super built-up  Area,other,1020.0,2.0,2.0,58.0,2,510.0
Built-up  Area,Frazer Town,1510.0,2.0,2.0,75.0,3,503.3333333333333
Super built-up  Area,other,1614.0,3.0,3.0,110.0,3,538.0
Built-up  Area,Bommenahalli,1632.0,3.0,3.0,145.0,4,408.0
Super built-up  Area,Sector 2 HSR Layout,1450.0,2.0,2.0,135.0,3,483.3333333333333
Super built-up  Area,Bannerghatta Road,1200.0,2.0,2.0,75.0,2,600.0
Super built-up  Area,Hosur Road,1508.0,2.0,2.0,110.0,3,502.6666666666667
Super built-up  Area,other,1188.0,2.0,2.0,73.0,2,594.0
Super built-up  Area,Harlur,1174.0,2.0,2.0,76.0,2,587.0
Super built-up  Area,Old Madras Road,1350.0,3.0,3.0,58.99,3,450.0
Super built-up  Area,Kengeri Satellite Town,1072.0,2.0,2.0,25.0,2,536.0
Super built-up  Area,Kengeri,726.0,2.0,2.0,31.0,2,363.0
Super built-up  Area,Hosur Road,1345.0,2.0,2.0,106.0,2,672.5
Super built-up  Area,Begur Road,1200.0,2.0,2.0,45.0,2,600.0
Super built-up  Area,Hormavu,1050.0,2.0,2.0,77.0,2,525.0
Super built-up  Area,Vittasandra,1743.0,3.0,3.0,85.0,3,581.0
Super built-up  Area,Sarjapur,950.0,2.0,2.0,32.5,2,475.0
Built-up  Area,Domlur,640.0,1.0,1.0,55.0,1,640.0
Super built-up  Area,Electronic City Phase II,972.0,2.0,2.0,44.0,2,486.0
Super built-up  Area,Marathahalli,1840.0,3.0,3.0,98.0,3,613.3333333333334
Super built-up  Area,Electronic City,1128.0,2.0,2.0,64.0,2,564.0
Super built-up  Area,other,1150.0,2.0,2.0,63.0,2,575.0
Super built-up  Area,Jigani,920.0,2.0,2.0,46.0,2,460.0
Super built-up  Area,Thanisandra,1564.0,3.0,3.0,101.0,3,521.3333333333334
Super built-up  Area,Uttarahalli,1045.0,2.0,2.0,45.0,2,522.5
Super built-up  Area,Sarjapur  Road,1846.0,3.0,3.0,140.0,3,615.3333333333334
Super built-up  Area,other,1690.0,3.0,3.0,75.0,3,563.3333333333334
Built-up  Area,other,1068.0,2.0,2.0,40.05,2,534.0
Super built-up  Area,Kanakpura Road,1135.0,2.0,2.0,58.0,2,567.5
Super built-up  Area,Kaggadasapura,1150.0,2.0,2.0,42.0,2,575.0
Super built-up  Area,Tumkur Road,1354.0,3.0,3.0,90.0,3,451.3333333333333
Plot  Area,Varthur,1320.0,2.0,2.0,110.0,4,330.0
Super built-up  Area,other,1000.0,2.0,2.0,36.0,2,500.0
Super built-up  Area,other,1130.0,3.0,3.0,38.0,3,376.6666666666667
Super built-up  Area,Gubbalala,1745.0,3.0,3.0,104.0,3,581.6666666666666
Super built-up  Area,other,1550.0,2.0,2.0,70.0,3,516.6666666666666
Super built-up  Area,other,1329.0,2.0,2.0,45.95,3,443.0
Super built-up  Area,other,916.0,2.0,2.0,42.0,2,458.0
Super built-up  Area,Hulimavu,688.0,1.0,1.0,50.0,1,688.0
Super built-up  Area,other,1358.0,3.0,3.0,50.0,3,452.6666666666667
Super built-up  Area,Kanakpura Road,1331.0,2.0,2.0,107.0,2,665.5
Super built-up  Area,Malleshwaram,686.0,1.0,1.0,62.5,1,686.0
Super built-up  Area,Hoodi,1050.0,2.0,2.0,50.0,2,525.0
Super built-up  Area,Talaghattapura,2106.0,3.0,3.0,126.0,3,702.0
Super built-up  Area,Bhoganhalli,1718.0,3.0,3.0,90.2,3,572.6666666666666
Super built-up  Area,Raja Rajeshwari Nagar,1530.0,3.0,3.0,57.0,3,510.0
Built-up  Area,Hebbal,1075.0,2.0,2.0,52.0,2,537.5
Super built-up  Area,other,1936.0,2.0,2.0,54.21,3,645.3333333333334
Super built-up  Area,other,2172.65,3.0,3.0,120.0,4,543.1625
Super built-up  Area,Sarjapur  Road,1117.0,2.0,2.0,29.99,2,558.5
Built-up  Area,other,1685.0,2.0,2.0,110.0,3,561.6666666666666
Super built-up  Area,CV Raman Nagar,740.0,2.0,2.0,37.0,2,370.0
Super built-up  Area,Banashankari,1800.0,3.0,3.0,115.0,3,600.0
Super built-up  Area,other,1700.0,3.0,3.0,130.0,3,566.6666666666666
Built-up  Area,Uttarahalli,850.0,2.0,2.0,37.93,2,425.0
Super built-up  Area,Hennur Road,1891.0,3.0,3.0,139.0,3,630.3333333333334
Built-up  Area,Jalahalli,1400.0,1.0,1.0,80.0,2,700.0
Built-up  Area,Sonnenahalli,896.0,2.0,2.0,43.75,2,448.0
Super built-up  Area,Vijayanagar,1180.0,2.0,2.0,65.0,2,590.0
Built-up  Area,other,850.0,2.0,2.0,33.0,2,425.0
Super built-up  Area,Kanakapura,1699.0,3.0,3.0,97.0,3,566.3333333333334
Super built-up  Area,Bellandur,2025.0,4.0,4.0,109.0,4,506.25
Built-up  Area,other,500.0,1.0,1.0,20.0,1,500.0
Super built-up  Area,Haralur Road,1455.0,2.0,2.0,145.0,2,727.5
Super built-up  Area,Lingadheeranahalli,1521.0,3.0,3.0,94.99,3,507.0
Super built-up  Area,other,1765.0,3.0,3.0,105.0,3,588.3333333333334
Super built-up  Area,Kasavanhalli,1980.0,3.0,3.0,88.0,3,660.0
Super built-up  Area,other,1265.0,2.0,2.0,70.0,2,632.5
Super built-up  Area,Bommasandra,1034.0,2.0,2.0,40.0,2,517.0
Super built-up  Area,Electronic City,1070.0,2.0,2.0,54.0,2,535.0
Super built-up  Area,other,2045.0,4.0,4.0,154.0,3,681.6666666666666
Super built-up  Area,Bellandur,1490.0,2.0,2.0,98.0,3,496.6666666666667
Super built-up  Area,Yeshwanthpur,671.0,1.0,1.0,36.85,1,671.0
Super built-up  Area,Kammasandra,1156.0,2.0,2.0,32.0,2,578.0
Super built-up  Area,Haralur Road,2017.0,3.0,3.0,125.0,3,672.3333333333334
Super built-up  Area,Ramagondanahalli,1635.0,3.0,3.0,62.0,3,545.0
Super built-up  Area,Kanakpura Road,1296.0,2.0,2.0,89.0,2,648.0
Super built-up  Area,Budigere,1139.0,2.0,2.0,62.0,2,569.5
Super built-up  Area,Binny Pete,1245.0,2.0,2.0,86.28,2,622.5
Super built-up  Area,Electronic City,550.0,1.0,1.0,15.0,2,275.0
Built-up  Area,Green Glen Layout,1670.0,3.0,3.0,120.0,3,556.6666666666666
Built-up  Area,7th Phase JP Nagar,1050.0,2.0,2.0,57.0,3,350.0
Super built-up  Area,Hennur Road,1703.0,3.0,3.0,101.0,3,567.6666666666666
Super built-up  Area,Kaggalipura,1210.0,2.0,2.0,58.0,3,403.3333333333333
Super built-up  Area,7th Phase JP Nagar,1343.0,2.0,2.0,56.41,3,447.6666666666667
Super built-up  Area,other,925.0,2.0,2.0,51.0,2,462.5
Super built-up  Area,Kanakpura Road,1420.0,2.0,2.0,75.0,3,473.3333333333333
Built-up  Area,other,1415.0,2.0,2.0,110.0,2,707.5
Super built-up  Area,other,1210.0,2.0,2.0,60.0,2,605.0
Super built-up  Area,Yeshwanthpur,1852.0,3.0,3.0,160.0,3,617.3333333333334
Super built-up  Area,Hoskote,1250.0,3.0,3.0,50.0,3,416.6666666666667
Super built-up  Area,9th Phase JP Nagar,1100.0,2.0,2.0,65.0,2,550.0
Super built-up  Area,Jakkur,1100.0,2.0,2.0,53.35,2,550.0
Plot  Area,Magadi Road,1350.0,1.0,1.0,100.0,2,675.0
Super built-up  Area,Panathur,1546.0,3.0,3.0,99.0,3,515.3333333333334
Super built-up  Area,Ambedkar Nagar,1424.0,2.0,2.0,90.0,2,712.0
Built-up  Area,Bellandur,1398.0,3.0,3.0,68.0,3,466.0
Super built-up  Area,Brookefield,1476.0,3.0,3.0,105.0,3,492.0
Super built-up  Area,Magadi Road,1322.0,2.0,2.0,58.82,3,440.6666666666667
Built-up  Area,Sarjapur,1285.0,2.0,2.0,68.0,3,428.3333333333333
Built-up  Area,Ambalipura,1150.0,2.0,2.0,80.0,2,575.0
Super built-up  Area,Thanisandra,1430.0,2.0,2.0,56.0,3,476.6666666666667
Built-up  Area,Thubarahalli,1185.0,2.0,2.0,65.0,2,592.5
Super built-up  Area,Bannerghatta Road,1760.0,3.0,3.0,67.0,3,586.6666666666666
Super built-up  Area,Kanakpura Road,1297.0,2.0,2.0,105.0,2,648.5
Super built-up  Area,other,1840.0,3.0,3.0,155.0,3,613.3333333333334
Carpet  Area,BTM 2nd Stage,950.0,2.0,2.0,52.0,2,475.0
Super built-up  Area,Yeshwanthpur,1277.5,2.0,2.0,95.815,2,638.75
Super built-up  Area,Electronic City,1571.0,3.0,3.0,89.0,3,523.6666666666666
Super built-up  Area,Electronic City Phase II,1031.0,2.0,2.0,55.0,2,515.5
Super built-up  Area,Whitefield,1485.0,2.0,2.0,90.0,2,742.5
Super built-up  Area,other,1109.0,2.0,2.0,60.0,2,554.5
Super built-up  Area,Whitefield,950.0,1.0,1.0,50.0,1,950.0
Super built-up  Area,Electronic City Phase II,1003.0,2.0,2.0,40.6,2,501.5
Super built-up  Area,Hulimavu,1255.0,2.0,2.0,73.0,2,627.5
Super built-up  Area,1st Phase JP Nagar,1875.0,3.0,3.0,167.0,3,625.0
Super built-up  Area,Uttarahalli,1330.0,2.0,2.0,47.0,3,443.3333333333333
Plot  Area,Old Madras Road,1450.0,3.0,3.0,132.0,4,362.5
Super built-up  Area,Hoodi,1837.0,3.0,3.0,145.0,3,612.3333333333334
Super built-up  Area,Kudlu Gate,1238.0,2.0,2.0,55.0,2,619.0
Super built-up  Area,7th Phase JP Nagar,1405.0,2.0,2.0,59.01,3,468.3333333333333
Super built-up  Area,Kanakpura Road,1673.0,3.0,3.0,115.0,3,557.6666666666666
Super built-up  Area,Varthur,1112.0,2.0,2.0,40.0,2,556.0
Super built-up  Area,Electronic City Phase II,545.0,1.0,1.0,27.0,2,272.5
Super built-up  Area,Subramanyapura,985.0,2.0,2.0,58.0,2,492.5
Super built-up  Area,Kanakpura Road,825.0,1.0,1.0,36.29,1,825.0
Super built-up  Area,Hosa Road,1430.0,2.0,2.0,97.52,2,715.0
Super built-up  Area,Kengeri Satellite Town,1050.0,2.0,2.0,43.0,2,525.0
Built-up  Area,other,1533.0,3.0,3.0,115.0,3,511.0
Super built-up  Area,Lakshminarayana Pura,1750.0,3.0,3.0,150.0,3,583.3333333333334
Super built-up  Area,Prithvi Layout,1352.0,2.0,2.0,87.5,2,676.0
Super built-up  Area,Harlur,1754.0,3.0,3.0,125.0,3,584.6666666666666
Built-up  Area,other,1560.0,3.0,3.0,85.0,3,520.0
Super built-up  Area,Channasandra,1470.0,2.0,2.0,90.0,3,490.0
Built-up  Area,9th Phase JP Nagar,1035.0,2.0,2.0,45.0,2,517.5
Super built-up  Area,Jakkur,1100.0,2.0,2.0,52.0,2,550.0
Super built-up  Area,Bannerghatta Road,595.0,1.0,1.0,31.83,1,595.0
Super built-up  Area,HSR Layout,1650.0,3.0,3.0,110.0,3,550.0
Super built-up  Area,Ramagondanahalli,1235.0,2.0,2.0,46.8,2,617.5
Built-up  Area,7th Phase JP Nagar,1400.0,3.0,3.0,115.0,3,466.6666666666667
Super built-up  Area,other,1375.0,2.0,2.0,85.0,3,458.3333333333333
Super built-up  Area,Yelahanka,1065.0,2.0,2.0,40.84,2,532.5
Super built-up  Area,Whitefield,825.0,1.0,1.0,45.0,1,825.0
Super built-up  Area,other,1440.0,2.0,2.0,60.33,3,480.0
Super built-up  Area,Electronic City,870.0,2.0,2.0,39.5,2,435.0
Super built-up  Area,Panathur,1195.0,2.0,2.0,84.0,2,597.5
Super built-up  Area,Raja Rajeshwari Nagar,1530.0,3.0,3.0,61.2,3,510.0
Super built-up  Area,other,975.0,2.0,2.0,43.0,2,487.5
Super built-up  Area,Iblur Village,1920.0,3.0,3.0,130.0,3,640.0
Super built-up  Area,Thanisandra,1183.0,2.0,2.0,58.56,2,591.5
Super built-up  Area,other,1550.0,2.0,2.0,65.0,3,516.6666666666666
Super built-up  Area,Kaggadasapura,1110.0,2.0,2.0,53.0,2,555.0
Super built-up  Area,Kaggadasapura,1105.0,2.0,2.0,38.67,2,552.5
Super built-up  Area,Sarjapur  Road,1929.0,4.0,4.0,103.0,3,643.0
Built-up  Area,Ramamurthy Nagar,1525.0,3.0,3.0,100.0,3,508.3333333333333
Super built-up  Area,Nehru Nagar,1775.0,3.0,3.0,110.0,3,591.6666666666666
Built-up  Area,Banashankari,1125.0,2.0,2.0,63.0,2,562.5
Super built-up  Area,Sonnenahalli,1268.0,2.0,2.0,73.0,2,634.0
Built-up  Area,other,1500.0,3.0,3.0,88.0,3,500.0
Super built-up  Area,Electronic City,630.0,1.0,1.0,47.0,1,630.0
Super built-up  Area,Seegehalli,1525.0,3.0,3.0,65.0,3,508.3333333333333
Super built-up  Area,Kaggadasapura,1060.0,2.0,2.0,48.0,2,530.0
Super built-up  Area,Lingadheeranahalli,1687.0,3.0,3.0,127.0,3,562.3333333333334
Super built-up  Area,Thanisandra,1847.0,3.0,3.0,123.0,3,615.6666666666666
Super built-up  Area,Begur Road,1410.0,2.0,2.0,53.0,3,470.0
Super built-up  Area,7th Phase JP Nagar,1075.0,2.0,2.0,42.99,2,537.5
Built-up  Area,other,1010.0,2.0,2.0,46.0,2,505.0
Super built-up  Area,Kanakpura Road,983.0,2.0,2.0,50.6,2,491.5
Super built-up  Area,other,1140.0,2.0,2.0,76.0,2,570.0
Super built-up  Area,Sarjapur  Road,1215.0,2.0,2.0,110.0,2,607.5
Super built-up  Area,Bellandur,2039.0,3.0,3.0,168.0,3,679.6666666666666
Super built-up  Area,Kaggadasapura,1350.0,3.0,3.0,55.5,3,450.0
Carpet  Area,KR Puram,1128.76,3.0,3.0,47.405,3,376.25333333333333
Super built-up  Area,Electronic City,921.0,2.0,2.0,34.0,2,460.5
Super built-up  Area,Kundalahalli,1010.0,2.0,2.0,49.27,2,505.0
Super built-up  Area,KR Puram,1015.0,2.0,2.0,43.0,2,507.5
Built-up  Area,Lakshminarayana Pura,1179.0,2.0,2.0,75.0,2,589.5
Super built-up  Area,Kammasandra,870.0,2.0,2.0,24.0,2,435.0
Super built-up  Area,other,1000.0,1.0,1.0,55.0,2,500.0
Plot  Area,Kammasandra,1200.0,2.0,2.0,66.0,2,600.0
Super built-up  Area,Hennur,1255.0,2.0,2.0,57.5,2,627.5
Super built-up  Area,Hosur Road,1085.0,2.0,2.0,30.38,2,542.5
Super built-up  Area,Kanakpura Road,1592.0,3.0,3.0,125.0,3,530.6666666666666
Super built-up  Area,other,1934.0,3.0,3.0,150.0,3,644.6666666666666
Super built-up  Area,Harlur,1200.0,2.0,2.0,49.5,2,600.0
Super built-up  Area,Old Madras Road,935.0,2.0,2.0,45.0,2,467.5
Built-up  Area,Bommasandra,877.0,2.0,2.0,30.0,2,438.5
Super built-up  Area,other,936.0,2.0,2.0,42.0,2,468.0
Super built-up  Area,Hennur Road,1232.0,2.0,2.0,69.61,2,616.0
Super built-up  Area,Ambedkar Nagar,2225.0,4.0,4.0,169.0,3,741.6666666666666
Super built-up  Area,Dasarahalli,1901.0,3.0,3.0,119.0,3,633.6666666666666
Super built-up  Area,Sarjapur  Road,1819.0,3.0,3.0,100.0,3,606.3333333333334
Super built-up  Area,Sarjapur  Road,1845.0,4.0,4.0,110.0,3,615.0
Super built-up  Area,Talaghattapura,2254.0,3.0,3.0,170.0,3,751.3333333333334
Super built-up  Area,Frazer Town,1750.0,3.0,3.0,150.0,3,583.3333333333334
Built-up  Area,other,1020.0,2.0,2.0,37.0,2,510.0
Super built-up  Area,Lingadheeranahalli,1893.0,3.0,3.0,140.0,3,631.0
Super built-up  Area,Bisuvanahalli,1075.0,2.0,2.0,90.0,3,358.3333333333333
Super built-up  Area,Kasavanhalli,1200.0,2.0,2.0,78.0,2,600.0
Super built-up  Area,Sarjapur  Road,1233.0,2.0,2.0,77.65,2,616.5
Super built-up  Area,Bannerghatta Road,1255.0,2.0,2.0,65.26,2,627.5
Super built-up  Area,Sarjapur  Road,1525.0,2.0,2.0,60.0,3,508.3333333333333
Super built-up  Area,Tumkur Road,1240.0,2.0,2.0,84.0,3,413.3333333333333
Super built-up  Area,Subramanyapura,1245.0,2.0,2.0,68.0,3,415.0
Super built-up  Area,Hosa Road,1104.0,2.0,2.0,36.43,2,552.0
Super built-up  Area,Bisuvanahalli,1075.0,2.0,2.0,35.99,3,358.3333333333333
Super built-up  Area,Whitefield,1155.0,2.0,2.0,60.0,2,577.5
Super built-up  Area,other,1520.0,2.0,2.0,62.0,2,760.0
Super built-up  Area,Harlur,1290.0,2.0,2.0,85.0,2,645.0
Super built-up  Area,Malleshwaram,900.0,2.0,2.0,95.0,2,450.0
Super built-up  Area,Hennur Road,987.0,2.0,2.0,49.0,2,493.5
Super built-up  Area,Old Madras Road,1720.0,3.0,3.0,100.0,3,573.3333333333334
Super built-up  Area,Hebbal,1040.0,2.0,2.0,50.0,2,520.0
Built-up  Area,Raja Rajeshwari Nagar,1030.0,2.0,2.0,50.0,2,515.0
Super built-up  Area,other,1850.0,3.0,3.0,168.0,3,616.6666666666666
Super built-up  Area,7th Phase JP Nagar,1270.0,2.0,2.0,83.0,2,635.0
Super built-up  Area,Domlur,1050.0,2.0,2.0,85.0,2,525.0
Super built-up  Area,other,946.0,2.0,2.0,38.0,2,473.0
Built-up  Area,CV Raman Nagar,1726.0,3.0,3.0,145.0,3,575.3333333333334
Super built-up  Area,Vittasandra,1404.0,2.0,2.0,75.0,2,702.0
Super built-up  Area,Kengeri,1025.0,2.0,2.0,57.0,2,512.5
Super built-up  Area,other,1040.0,2.0,2.0,46.0,2,520.0
Super built-up  Area,Banashankari,1310.0,2.0,2.0,80.0,2,655.0
Super built-up  Area,Uttarahalli,1788.0,3.0,3.0,98.34,3,596.0
Super built-up  Area,Raja Rajeshwari Nagar,1144.0,2.0,2.0,38.55,2,572.0
Super built-up  Area,Kasavanhalli,1646.0,3.0,3.0,79.5,3,548.6666666666666
Super built-up  Area,Iblur Village,1995.0,3.0,3.0,135.0,3,665.0
Super built-up  Area,Hosakerehalli,1085.0,2.0,2.0,47.74,2,542.5
Super built-up  Area,Budigere,1139.0,2.0,2.0,56.8,2,569.5
Super built-up  Area,other,1767.0,3.0,3.0,98.0,3,589.0
Super built-up  Area,Bellandur,1692.0,3.0,3.0,88.0,3,564.0
Super built-up  Area,Uttarahalli,1345.0,2.0,2.0,57.0,3,448.3333333333333
Super built-up  Area,other,1100.0,2.0,2.0,60.0,2,550.0
Super built-up  Area,Gollarapalya Hosahalli,1408.0,3.0,3.0,62.0,3,469.3333333333333
Super built-up  Area,Thigalarapalya,2072.0,4.0,4.0,150.0,3,690.6666666666666
Super built-up  Area,Malleshwaram,1420.0,2.0,2.0,158.0,2,710.0
Super built-up  Area,Hosa Road,1063.0,2.0,2.0,31.9,2,531.5
Super built-up  Area,other,1760.0,3.0,3.0,145.0,3,586.6666666666666
Super built-up  Area,Whitefield,2010.0,3.0,3.0,92.0,3,670.0
Super built-up  Area,Kanakpura Road,1480.0,2.0,2.0,64.23,3,493.3333333333333
Super built-up  Area,other,1100.0,2.0,2.0,52.0,2,550.0
Super built-up  Area,Harlur,1752.12,3.0,3.0,116.0,3,584.04
Super built-up  Area,Balagere,790.5,1.0,1.0,41.9,1,790.5
Built-up  Area,other,1942.0,3.0,3.0,102.0,3,647.3333333333334
Built-up  Area,other,1000.0,2.0,2.0,53.0,2,500.0
Super built-up  Area,Yeshwanthpur,668.0,1.0,1.0,36.85,1,668.0
Super built-up  Area,Thanisandra,1800.0,3.0,3.0,90.0,3,600.0
Super built-up  Area,Yelahanka,1036.0,2.0,2.0,39.35,2,518.0
Super built-up  Area,Marathahalli,1583.0,3.0,3.0,105.0,3,527.6666666666666
Super built-up  Area,Padmanabhanagar,1100.0,2.0,2.0,65.0,2,550.0
Super built-up  Area,Vittasandra,1246.0,2.0,2.0,65.0,2,623.0
Super built-up  Area,Dodda Nekkundi,850.0,2.0,2.0,28.0,2,425.0
Super built-up  Area,Raja Rajeshwari Nagar,1196.0,2.0,2.0,51.51,2,598.0
Super built-up  Area,Thanisandra,1697.0,3.0,3.0,114.0,3,565.6666666666666
Super built-up  Area,other,1022.0,2.0,2.0,52.0,2,511.0
Super built-up  Area,Kammasandra,1018.0,2.0,2.0,23.45,2,509.0
Super built-up  Area,Bharathi Nagar,1322.0,2.0,2.0,68.0,2,661.0
Plot  Area,other,1800.0,4.0,4.0,145.0,4,450.0
Super built-up  Area,Whitefield,1635.0,2.0,2.0,85.0,3,545.0
Super built-up  Area,other,1533.0,3.0,3.0,85.0,3,511.0
Super built-up  Area,Akshaya Nagar,1720.0,3.0,3.0,134.0,3,573.3333333333334
Super built-up  Area,Yeshwanthpur,1185.0,2.0,2.0,75.84,2,592.5
Super built-up  Area,Electronic City Phase II,1031.0,2.0,2.0,56.35,2,515.5
Super built-up  Area,Hennur,1259.0,2.0,2.0,57.0,2,629.5
Built-up  Area,Raja Rajeshwari Nagar,1570.0,3.0,3.0,88.0,3,523.3333333333334
Built-up  Area,Bisuvanahalli,1075.0,2.0,2.0,36.0,3,358.3333333333333
Super built-up  Area,Whitefield,1216.0,2.0,2.0,79.0,2,608.0
Super built-up  Area,Sarjapur  Road,1428.0,2.0,2.0,66.0,3,476.0
Super built-up  Area,other,1475.0,3.0,3.0,70.0,3,491.6666666666667
Super built-up  Area,Hennur Road,1804.0,3.0,3.0,102.0,3,601.3333333333334
Super built-up  Area,Begur Road,1260.0,2.0,2.0,46.62,2,630.0
Built-up  Area,Hennur Road,2160.0,3.0,3.0,160.0,3,720.0
Super built-up  Area,Yelahanka,1300.0,2.0,2.0,65.0,2,650.0
Super built-up  Area,other,605.0,1.0,1.0,29.0,1,605.0
Super built-up  Area,Bhoganhalli,1444.0,2.0,2.0,75.97,2,722.0
Super built-up  Area,Bisuvanahalli,845.0,2.0,2.0,29.0,2,422.5
Super built-up  Area,Kanakpura Road,700.0,2.0,2.0,35.0,2,350.0
Super built-up  Area,Kaggadasapura,1625.0,3.0,3.0,55.0,3,541.6666666666666
Super built-up  Area,other,1452.55,2.0,2.0,110.0,2,726.275
Super built-up  Area,Budigere,1139.0,2.0,2.0,56.85,2,569.5
Super built-up  Area,Kanakpura Road,1660.0,3.0,3.0,75.0,3,553.3333333333334
Super built-up  Area,other,1170.0,2.0,2.0,105.0,2,585.0
Super built-up  Area,Somasundara Palya,1448.0,2.0,2.0,68.0,2,724.0
Super built-up  Area,Kadugodi,1762.0,3.0,3.0,110.0,3,587.3333333333334
Super built-up  Area,Kaggadasapura,1105.0,2.0,2.0,38.65,2,552.5
Super built-up  Area,Yelahanka,1825.0,3.0,3.0,105.0,3,608.3333333333334
Super built-up  Area,Thanisandra,1185.0,2.0,2.0,43.0,2,592.5
Built-up  Area,Electronic City Phase II,1320.0,2.0,2.0,38.12,3,440.0
Super built-up  Area,Hulimavu,1058.0,2.0,2.0,48.0,2,529.0
Super built-up  Area,Old Madras Road,1200.0,2.0,2.0,72.0,2,600.0
Super built-up  Area,Bannerghatta Road,1550.0,3.0,3.0,78.0,3,516.6666666666666
Super built-up  Area,Jalahalli,1045.0,2.0,2.0,76.77,2,522.5
Super built-up  Area,Kanakapura,1290.0,2.0,2.0,45.15,3,430.0
Super built-up  Area,Hoodi,1400.0,2.0,2.0,78.0,2,700.0
Super built-up  Area,Sarjapur  Road,1680.0,3.0,3.0,112.0,3,560.0
Super built-up  Area,Begur Road,1634.0,3.0,3.0,83.33,3,544.6666666666666
Super built-up  Area,Prithvi Layout,1352.0,2.0,2.0,85.0,2,676.0
Super built-up  Area,Balagere,1145.0,2.0,2.0,65.0,2,572.5
Super built-up  Area,Raja Rajeshwari Nagar,1168.0,2.0,2.0,61.0,2,584.0
Super built-up  Area,Electronic City Phase II,1205.0,2.0,2.0,75.0,2,602.5
Super built-up  Area,Yeshwanthpur,1195.0,2.0,2.0,100.0,2,597.5
Super built-up  Area,other,1550.0,2.0,2.0,90.0,3,516.6666666666666
Super built-up  Area,Yelahanka,1603.0,3.0,3.0,96.0,3,534.3333333333334
Built-up  Area,other,1405.0,2.0,2.0,77.0,3,468.3333333333333
Super built-up  Area,KR Puram,1142.0,2.0,2.0,51.0,2,571.0
Super built-up  Area,Whitefield,1870.0,3.0,3.0,90.0,3,623.3333333333334
Super built-up  Area,Subramanyapura,1313.0,2.0,2.0,73.0,2,656.5
Built-up  Area,other,1945.0,3.0,3.0,120.0,3,648.3333333333334
Super built-up  Area,Thanisandra,1573.0,3.0,3.0,95.0,3,524.3333333333334
Super built-up  Area,Sarjapur  Road,1255.0,2.0,2.0,92.0,2,627.5
Super built-up  Area,Sarjapur  Road,1380.0,2.0,2.0,52.0,3,460.0
Super built-up  Area,Uttarahalli,1279.0,2.0,2.0,48.0,2,639.5
Super built-up  Area,Uttarahalli,1845.0,2.0,2.0,68.27,3,615.0
Super built-up  Area,other,1360.0,2.0,2.0,59.27,3,453.3333333333333
Super built-up  Area,Whitefield,1260.0,2.0,2.0,49.5,2,630.0
Built-up  Area,Dasanapura,965.0,2.0,2.0,42.5,2,482.5
Built-up  Area,Hoodi,1350.0,2.0,2.0,48.0,3,450.0
Super built-up  Area,Bhoganhalli,1447.0,2.0,2.0,75.97,2,723.5
Super built-up  Area,Gottigere,1153.0,2.0,2.0,48.5,2,576.5
Super built-up  Area,other,1065.0,2.0,2.0,50.0,2,532.5
Built-up  Area,other,1030.0,2.0,2.0,61.0,2,515.0
Super built-up  Area,Begur Road,1410.0,2.0,2.0,44.42,3,470.0
Super built-up  Area,Varthur,1055.0,2.0,2.0,45.35,2,527.5
Super built-up  Area,Yelahanka,1304.0,2.0,2.0,79.0,2,652.0
Built-up  Area,Kammasandra,990.0,2.0,2.0,31.5,2,495.0
Super built-up  Area,Tumkur Road,700.0,1.0,1.0,30.09,1,700.0
Super built-up  Area,Haralur Road,1300.0,2.0,2.0,73.0,2,650.0
Super built-up  Area,Tumkur Road,1239.0,2.0,2.0,82.0,2,619.5
Super built-up  Area,Hosa Road,1365.0,2.0,2.0,92.0,2,682.5
Super built-up  Area,other,1165.0,2.0,2.0,135.0,2,582.5
Super built-up  Area,Green Glen Layout,1776.42,3.0,3.0,105.0,3,592.14
Super built-up  Area,other,1107.0,2.0,2.0,33.0,2,553.5
Super built-up  Area,other,1520.0,3.0,3.0,80.0,3,506.6666666666667
Super built-up  Area,Kannamangala,1536.0,3.0,3.0,89.0,3,512.0
Super built-up  Area,other,1050.0,2.0,2.0,38.0,2,525.0
Super built-up  Area,Hoodi,1850.0,3.0,3.0,146.0,3,616.6666666666666
Super built-up  Area,Billekahalli,1112.0,2.0,2.0,62.0,2,556.0
Super built-up  Area,7th Phase JP Nagar,1250.0,3.0,3.0,65.0,3,416.6666666666667
Super built-up  Area,Kalena Agrahara,1187.0,2.0,2.0,52.0,2,593.5
Super built-up  Area,Electronic City Phase II,1395.0,2.0,2.0,62.78,3,465.0
Super built-up  Area,other,2072.0,3.0,3.0,108.0,3,690.6666666666666
Super built-up  Area,Kanakpura Road,1450.0,3.0,3.0,60.91,3,483.3333333333333
Super built-up  Area,Bannerghatta Road,1550.0,3.0,3.0,82.0,3,516.6666666666666
Super built-up  Area,other,1210.0,2.0,2.0,72.0,2,605.0
Super built-up  Area,Bisuvanahalli,1075.0,2.0,2.0,47.0,3,358.3333333333333
Built-up  Area,Kaggadasapura,1470.0,2.0,2.0,75.0,3,490.0
Built-up  Area,Hosur Road,1590.0,2.0,2.0,125.0,3,530.0
Super built-up  Area,Kanakpura Road,1050.0,2.0,2.0,36.75,2,525.0
Super built-up  Area,Raja Rajeshwari Nagar,1306.0,2.0,2.0,55.91,2,653.0
Super built-up  Area,Ramagondanahalli,1215.0,2.0,2.0,51.26,2,607.5
Built-up  Area,Budigere,1920.0,2.0,2.0,88.0,3,640.0
Super built-up  Area,Hoodi,1196.0,2.0,2.0,71.74,2,598.0
Super built-up  Area,Bannerghatta Road,1550.0,2.0,2.0,75.0,3,516.6666666666666
Super built-up  Area,Thigalarapalya,1418.0,2.0,2.0,101.0,2,709.0
Built-up  Area,KR Puram,1115.0,2.0,2.0,33.45,2,557.5
Super built-up  Area,other,1170.0,2.0,2.0,68.0,2,585.0
Super built-up  Area,other,1035.0,2.0,2.0,38.3,2,517.5
Super built-up  Area,Kengeri,750.0,2.0,2.0,22.0,2,375.0
Super built-up  Area,Thanisandra,1917.0,3.0,3.0,122.0,3,639.0
Super built-up  Area,Kaggadasapura,1615.0,3.0,3.0,58.0,3,538.3333333333334
Super built-up  Area,Koramangala,1325.0,2.0,2.0,119.0,2,662.5
Super built-up  Area,Tumkur Road,1246.0,2.0,2.0,82.0,2,623.0
Built-up  Area,Sarjapur,1215.0,2.0,2.0,40.0,2,607.5
Super built-up  Area,Munnekollal,1200.0,2.0,2.0,49.5,2,600.0
Super built-up  Area,other,1200.0,2.0,2.0,60.0,2,600.0
Super built-up  Area,Hormavu,1175.0,2.0,2.0,52.0,2,587.5
Super built-up  Area,Whitefield,920.0,2.0,2.0,63.0,2,460.0
Built-up  Area,other,955.0,1.0,1.0,34.01,2,477.5
Super built-up  Area,Uttarahalli,1425.0,2.0,2.0,64.0,3,475.0
Super built-up  Area,Kaggadasapura,1050.0,2.0,2.0,48.0,2,525.0
Super built-up  Area,other,1370.0,2.0,2.0,75.0,3,456.6666666666667
Super built-up  Area,Electronic City,1374.0,2.0,2.0,72.0,3,458.0
Super built-up  Area,Harlur,1754.0,3.0,3.0,124.0,3,584.6666666666666
Super built-up  Area,Kothanur,1847.0,3.0,3.0,110.0,3,615.6666666666666
Super built-up  Area,Ambedkar Nagar,1850.0,4.0,4.0,139.0,3,616.6666666666666
Super built-up  Area,other,1187.0,2.0,2.0,45.0,2,593.5
Super built-up  Area,Thanisandra,693.0,1.0,1.0,34.3,1,693.0
Super built-up  Area,KR Puram,1021.0,2.0,2.0,48.0,2,510.5
Super built-up  Area,Thigalarapalya,1165.0,2.0,2.0,95.0,2,582.5
Super built-up  Area,Horamavu Agara,1756.0,3.0,3.0,92.0,3,585.3333333333334
Super built-up  Area,Bharathi Nagar,1739.0,3.0,3.0,105.0,3,579.6666666666666
Super built-up  Area,Varthur,1280.0,2.0,2.0,65.0,2,640.0
Super built-up  Area,Munnekollal,950.0,2.0,2.0,46.5,2,475.0
Super built-up  Area,Devanahalli,1080.0,2.0,2.0,53.35,2,540.0
Super built-up  Area,other,1100.0,2.0,2.0,55.0,2,550.0
Super built-up  Area,Sarjapur  Road,1311.0,2.0,2.0,78.0,2,655.5
Super built-up  Area,Raja Rajeshwari Nagar,1608.0,3.0,3.0,67.98,3,536.0
Super built-up  Area,Whitefield,1170.0,2.0,2.0,71.0,2,585.0
Super built-up  Area,Neeladri Nagar,674.0,1.0,1.0,21.0,1,674.0
Super built-up  Area,Ramagondanahalli,2257.0,4.0,4.0,157.0,3,752.3333333333334
Super built-up  Area,Raja Rajeshwari Nagar,1530.0,3.0,3.0,51.87,3,510.0
Super built-up  Area,Raja Rajeshwari Nagar,1575.0,2.0,2.0,78.0,3,525.0
Super built-up  Area,Rajiv Nagar,1263.0,2.0,2.0,93.32,2,631.5
Super built-up  Area,KR Puram,1559.0,3.0,3.0,69.315,3,519.6666666666666
Super built-up  Area,Kengeri Satellite Town,1043.0,2.0,2.0,65.0,2,521.5
Super built-up  Area,Hennur,1255.0,2.0,2.0,53.5,2,627.5
Super built-up  Area,JP Nagar,1352.5,2.0,2.0,93.865,2,676.25
Super built-up  Area,Chandapura,590.0,1.0,1.0,13.57,1,590.0
Plot  Area,Yelahanka,1550.0,3.0,3.0,120.0,3,516.6666666666666
Super built-up  Area,other,1900.0,3.0,3.0,160.0,3,633.3333333333334
Super built-up  Area,8th Phase JP Nagar,1455.0,3.0,3.0,73.31,3,485.0
Built-up  Area,KR Puram,1035.0,2.0,2.0,40.5,2,517.5
Super built-up  Area,Bellandur,1299.0,2.0,2.0,82.0,2,649.5
Super built-up  Area,Rachenahalli,1050.0,2.0,2.0,52.5,2,525.0
Built-up  Area,BTM 2nd Stage,1850.0,3.0,3.0,170.0,3,616.6666666666666
Built-up  Area,other,1025.0,2.0,2.0,37.0,3,341.6666666666667
Built-up  Area,Malleshwaram,1124.0,3.0,3.0,80.0,2,562.0
Super built-up  Area,Balagere,1012.0,2.0,2.0,54.59,2,506.0
Super built-up  Area,8th Phase JP Nagar,871.0,2.0,2.0,55.0,2,435.5
Built-up  Area,other,1020.0,2.0,2.0,40.0,2,510.0
Super built-up  Area,Rachenahalli,1550.0,3.0,3.0,73.5,3,516.6666666666666
Super built-up  Area,Akshaya Nagar,1410.0,2.0,2.0,80.0,3,470.0
Super built-up  Area,Whitefield,1118.0,2.0,2.0,75.0,2,559.0
Super built-up  Area,Thanisandra,1098.0,2.0,2.0,68.0,2,549.0
Super built-up  Area,Sarjapur  Road,1145.0,2.0,2.0,75.0,2,572.5
Super built-up  Area,other,1051.0,2.0,2.0,33.0,2,525.5
Super built-up  Area,Jalahalli,1478.0,2.0,2.0,125.0,2,739.0
Carpet  Area,Hebbal,823.0,2.0,2.0,50.63,2,411.5
Super built-up  Area,Budigere,1991.0,4.0,4.0,100.0,3,663.6666666666666
Super built-up  Area,Gubbalala,1745.0,3.0,3.0,115.0,3,581.6666666666666
Super built-up  Area,5th Phase JP Nagar,1450.0,2.0,2.0,58.0,2,725.0
Super built-up  Area,Kaggadasapura,1132.0,2.0,2.0,42.0,2,566.0
Super built-up  Area,Hulimavu,1375.0,2.0,2.0,80.0,2,687.5
Super built-up  Area,Thanisandra,760.0,1.0,1.0,50.3,1,760.0
Super built-up  Area,Jigani,918.0,2.0,2.0,45.0,2,459.0
Super built-up  Area,Ardendale,1728.0,3.0,3.0,95.0,3,576.0
Super built-up  Area,BTM 2nd Stage,1200.0,2.0,2.0,80.0,2,600.0
Super built-up  Area,6th Phase JP Nagar,1280.0,2.0,2.0,56.0,2,640.0
Super built-up  Area,other,1455.0,2.0,2.0,56.0,3,485.0
Super built-up  Area,other,440.0,1.0,1.0,28.0,1,440.0
Plot  Area,Kanakpura Road,1500.0,3.0,3.0,97.0,3,500.0
Super built-up  Area,Whitefield,1800.0,3.0,3.0,110.0,3,600.0
Super built-up  Area,Old Madras Road,1225.0,2.0,2.0,53.55,2,612.5
Super built-up  Area,Bannerghatta Road,1650.0,3.0,3.0,122.0,3,550.0
Built-up  Area,Electronic City,880.0,2.0,2.0,18.0,3,293.3333333333333
Super built-up  Area,9th Phase JP Nagar,1005.0,2.0,2.0,42.0,2,502.5
Super built-up  Area,Whitefield,1562.0,3.0,3.0,103.0,3,520.6666666666666
Super built-up  Area,Whitefield,1190.0,2.0,2.0,67.0,2,595.0
Built-up  Area,other,1070.0,2.0,2.0,50.0,2,535.0
Super built-up  Area,other,1020.0,2.0,2.0,42.48,2,510.0
Super built-up  Area,other,1300.0,2.0,2.0,49.0,3,433.3333333333333
Super built-up  Area,Hebbal,1420.0,2.0,2.0,123.0,2,710.0
Carpet  Area,Hebbal,1069.0,3.0,3.0,65.4,3,356.3333333333333
Super built-up  Area,Marathahalli,1900.0,3.0,3.0,123.0,3,633.3333333333334
Super built-up  Area,Old Airport Road,1655.0,2.0,2.0,97.65,2,827.5
Super built-up  Area,Uttarahalli,1155.0,2.0,2.0,40.42,2,577.5
Built-up  Area,Sarjapur  Road,1300.0,2.0,2.0,70.0,3,433.3333333333333
Super built-up  Area,Electronic City,1100.0,2.0,2.0,45.0,2,550.0
Super built-up  Area,Doddathoguru,1030.0,2.0,2.0,42.0,2,515.0
Super built-up  Area,Vittasandra,2105.0,2.0,2.0,70.2,2,1052.5
Built-up  Area,Bhoganhalli,1700.0,3.0,3.0,126.0,3,566.6666666666666
Super built-up  Area,Jakkur,1760.0,3.0,3.0,139.0,3,586.6666666666666
Built-up  Area,Bannerghatta Road,912.0,2.0,2.0,55.0,2,456.0
Super built-up  Area,other,1535.0,3.0,3.0,55.0,3,511.6666666666667
Super built-up  Area,Jigani,918.0,2.0,2.0,63.2,2,459.0
Super built-up  Area,Begur Road,1500.0,2.0,2.0,70.0,3,500.0
Super built-up  Area,Kasavanhalli,1476.0,3.0,3.0,89.0,3,492.0
Super built-up  Area,Vijayanagar,606.0,1.0,1.0,34.78,1,606.0
Built-up  Area,Neeladri Nagar,527.0,1.0,1.0,26.0,1,527.0
Super built-up  Area,other,1300.0,2.0,2.0,80.0,2,650.0
Built-up  Area,Koramangala,1140.0,2.0,2.0,75.2,2,570.0
Super built-up  Area,Sarjapur  Road,1725.0,3.0,3.0,90.0,3,575.0
Super built-up  Area,Hennur Road,1186.0,2.0,2.0,63.0,3,395.3333333333333
Super built-up  Area,Kanakpura Road,1230.0,2.0,2.0,85.0,2,615.0
Super built-up  Area,Binny Pete,660.0,1.0,1.0,54.0,1,660.0
Super built-up  Area,other,1036.0,2.0,2.0,105.0,2,518.0
Super built-up  Area,Old Madras Road,1100.0,2.0,2.0,70.0,2,550.0
Built-up  Area,Electronics City Phase 1,1015.0,2.0,2.0,56.0,2,507.5
Super built-up  Area,Nehru Nagar,2167.0,3.0,3.0,170.0,3,722.3333333333334
Super built-up  Area,other,1165.0,2.0,2.0,75.0,2,582.5
Super built-up  Area,BTM 2nd Stage,1274.0,2.0,2.0,70.0,2,637.0
Super built-up  Area,Raja Rajeshwari Nagar,1151.0,2.0,2.0,39.02,2,575.5
Super built-up  Area,Thubarahalli,1626.0,2.0,2.0,120.0,3,542.0
Built-up  Area,Raja Rajeshwari Nagar,1570.0,2.0,2.0,65.0,3,523.3333333333334
Super built-up  Area,other,780.0,2.0,2.0,25.0,2,390.0
Super built-up  Area,Haralur Road,1850.0,3.0,3.0,110.0,3,616.6666666666666
Built-up  Area,Kereguddadahalli,904.0,2.0,2.0,30.0,2,452.0
Super built-up  Area,other,1121.0,2.0,2.0,43.72,2,560.5
Super built-up  Area,7th Phase JP Nagar,1385.0,2.0,2.0,58.17,3,461.6666666666667
Super built-up  Area,Sahakara Nagar,1270.0,2.0,2.0,69.85,2,635.0
Super built-up  Area,Kanakpura Road,1450.0,3.0,3.0,56.0,3,483.3333333333333
Super built-up  Area,Raja Rajeshwari Nagar,1580.0,3.0,3.0,53.56,3,526.6666666666666
Super built-up  Area,Thanisandra,1111.0,2.0,2.0,50.0,2,555.5
Super built-up  Area,Varthur,977.0,2.0,2.0,36.0,2,488.5
Super built-up  Area,Jakkur,1290.0,2.0,2.0,100.0,2,645.0
Super built-up  Area,Abbigere,795.0,2.0,2.0,32.54,2,397.5
Super built-up  Area,Kanakpura Road,700.0,1.0,1.0,35.0,2,350.0
Built-up  Area,other,1463.0,1.0,1.0,142.0,2,731.5
Plot  Area,Bommenahalli,1670.0,3.0,3.0,135.0,4,417.5
Plot  Area,other,1200.0,3.0,3.0,90.0,3,400.0
Super built-up  Area,Hoskote,1225.0,3.0,3.0,40.0,3,408.3333333333333
Super built-up  Area,Thanisandra,1185.5,2.0,2.0,58.68,2,592.75
Super built-up  Area,Bellandur,900.0,2.0,2.0,56.0,2,450.0
Super built-up  Area,Binny Pete,1350.0,2.0,2.0,91.0,2,675.0
Super built-up  Area,Kaggalipura,700.0,1.0,1.0,36.0,1,700.0
Super built-up  Area,Mysore Road,1005.0,2.0,2.0,35.175,2,502.5
Super built-up  Area,Hennur Road,1680.0,3.0,3.0,99.27,3,560.0
Carpet  Area,other,1043.0,2.0,2.0,55.0,2,521.5
Super built-up  Area,Hebbal,1040.0,2.0,2.0,46.0,2,520.0
Super built-up  Area,other,1357.0,2.0,2.0,65.0,3,452.3333333333333
Super built-up  Area,Doddathoguru,1549.0,3.0,3.0,65.0,3,516.3333333333334
Super built-up  Area,Yeshwanthpur,1400.0,2.0,2.0,100.0,2,700.0
Super built-up  Area,Dodda Nekkundi,1080.0,2.0,2.0,50.0,2,540.0
Built-up  Area,other,1180.0,2.0,2.0,100.0,2,590.0
Super built-up  Area,Domlur,1800.0,3.0,3.0,150.0,3,600.0
Super built-up  Area,Abbigere,1005.0,2.0,2.0,39.59,2,502.5
Super built-up  Area,Whitefield,1320.0,2.0,2.0,95.0,2,660.0
Super built-up  Area,Kudlu Gate,1707.0,2.6926096474673513,2.6926096474673513,99.745,3,569.0
Super built-up  Area,other,1110.0,2.0,2.0,51.0,2,555.0
Super built-up  Area,Electronic City,1128.0,2.0,2.0,65.35,2,564.0
Super built-up  Area,Jakkur,1452.19,2.0,2.0,100.0,2,726.095
Built-up  Area,other,960.0,2.0,2.0,32.0,2,480.0
Built-up  Area,Whitefield,735.0,2.0,2.0,35.0,2,367.5
Super built-up  Area,Hebbal,1420.0,2.0,2.0,99.39,2,710.0
Super built-up  Area,Bisuvanahalli,850.0,1.0,1.0,32.0,2,425.0
Super built-up  Area,7th Phase JP Nagar,1575.0,2.0,2.0,110.0,3,525.0
Super built-up  Area,Thigalarapalya,1418.0,2.0,2.0,104.0,2,709.0
Super built-up  Area,Hennur Road,1065.0,2.0,2.0,42.6,2,532.5
Built-up  Area,Electronic City Phase II,1160.0,2.0,2.0,33.5,2,580.0
Super built-up  Area,Kudlu,1092.0,2.0,2.0,44.0,2,546.0
Super built-up  Area,Yelahanka,1455.0,3.0,3.0,61.5,3,485.0
Super built-up  Area,Abbigere,734.0,1.0,1.0,19.82,1,734.0
Built-up  Area,other,799.0,2.0,2.0,38.0,2,399.5
Super built-up  Area,Ardendale,1100.0,2.0,2.0,48.0,2,550.0
Super built-up  Area,8th Phase JP Nagar,1098.0,2.0,2.0,43.91,2,549.0
Super built-up  Area,other,1460.0,3.0,3.0,88.0,3,486.6666666666667
Super built-up  Area,Varthur,1091.0,2.0,2.0,32.0,2,545.5
Super built-up  Area,Yelahanka,1180.0,2.0,2.0,42.0,2,590.0
Super built-up  Area,Kanakpura Road,1366.0,3.0,3.0,76.85,2,683.0
Super built-up  Area,other,1685.0,3.0,3.0,95.0,3,561.6666666666666
Built-up  Area,Koramangala,1260.0,2.0,2.0,100.0,2,630.0
Super built-up  Area,Whitefield,1346.0,2.0,2.0,96.17,2,673.0
Super built-up  Area,Chandapura,630.0,1.0,1.0,13.86,1,630.0
Super built-up  Area,Sarjapur  Road,1476.0,2.6926096474673513,2.6926096474673513,98.94,3,492.0
Super built-up  Area,7th Phase JP Nagar,1850.0,3.0,3.0,140.0,3,616.6666666666666
Super built-up  Area,Electronic City,755.0,1.0,1.0,34.0,2,377.5
Super built-up  Area,other,1194.0,2.0,2.0,46.0,2,597.0
Super built-up  Area,Vijayanagar,1352.0,2.0,2.0,68.0,2,676.0
Super built-up  Area,Thanisandra,2002.0,3.0,3.0,112.0,3,667.3333333333334
Built-up  Area,other,1060.0,2.0,2.0,45.0,2,530.0
Super built-up  Area,Kanakpura Road,1419.59,2.0,2.0,59.0,3,473.19666666666666
Super built-up  Area,Raja Rajeshwari Nagar,1196.0,2.0,2.0,51.15,2,598.0
Super built-up  Area,Electronics City Phase 1,1595.0,3.0,3.0,75.0,3,531.6666666666666
Super built-up  Area,Banashankari,1260.0,2.0,2.0,75.0,2,630.0
Super built-up  Area,Frazer Town,1550.0,2.0,2.0,140.0,2,775.0
Built-up  Area,Akshaya Nagar,1662.0,3.0,3.0,85.0,3,554.0
Super built-up  Area,Ambedkar Nagar,1862.0,3.0,3.0,119.0,3,620.6666666666666
Super built-up  Area,Raja Rajeshwari Nagar,1419.0,2.0,2.0,48.0,2,709.5
Super built-up  Area,Raja Rajeshwari Nagar,1560.0,2.0,2.0,62.4,3,520.0
Super built-up  Area,Thanisandra,1634.0,3.0,3.0,78.0,3,544.6666666666666
Super built-up  Area,other,1392.0,2.0,2.0,99.0,2,696.0
Super built-up  Area,Jakkur,1798.0,3.0,3.0,120.0,3,599.3333333333334
Super built-up  Area,other,1675.0,3.0,3.0,75.0,3,558.3333333333334
Super built-up  Area,Hebbal,1700.0,3.0,3.0,124.0,3,566.6666666666666
Super built-up  Area,Hulimavu,1248.0,2.0,2.0,69.0,2,624.0
Built-up  Area,other,1147.0,2.0,2.0,54.0,2,573.5
Super built-up  Area,other,1100.0,2.0,2.0,40.0,2,550.0
Super built-up  Area,Vijayanagar,1527.0,3.0,3.0,115.0,3,509.0
Super built-up  Area,Kanakpura Road,525.0,1.0,1.0,25.0,1,525.0
Super built-up  Area,Kaggadasapura,1100.0,2.0,2.0,58.0,2,550.0
Built-up  Area,other,2100.0,3.0,3.0,75.0,3,700.0
Super built-up  Area,Ambalipura,1332.0,2.0,2.0,79.0,2,666.0
Super built-up  Area,Kasavanhalli,1200.0,2.0,2.0,50.0,2,600.0
Super built-up  Area,Ramagondanahalli,1251.0,2.0,2.0,47.4,2,625.5
Super built-up  Area,other,1400.0,2.0,2.0,67.0,3,466.6666666666667
Super built-up  Area,Hegde Nagar,1703.0,3.0,3.0,113.0,3,567.6666666666666
Super built-up  Area,Jigani,933.0,2.0,2.0,43.0,2,466.5
Super built-up  Area,Brookefield,1262.0,2.0,2.0,75.0,2,631.0
Super built-up  Area,Yelahanka,915.0,2.0,2.0,48.0,2,457.5
Super built-up  Area,Panathur,1370.0,2.0,2.0,61.5,3,456.6666666666667
Super built-up  Area,other,1210.0,2.0,2.0,55.0,2,605.0
Super built-up  Area,Thanisandra,1445.0,2.0,2.0,40.31,3,481.6666666666667
Super built-up  Area,Uttarahalli,1300.0,2.0,2.0,55.0,3,433.3333333333333
Super built-up  Area,Jakkur,1300.0,2.0,2.0,85.0,2,650.0
Super built-up  Area,Chandapura,1185.0,2.0,2.0,30.22,3,395.0
Super built-up  Area,Lakshminarayana Pura,1149.0,2.0,2.0,75.0,2,574.5
Super built-up  Area,Sarjapur  Road,2180.0,3.0,3.0,170.0,3,726.6666666666666
Super built-up  Area,Hulimavu,1818.0,3.0,3.0,135.0,3,606.0
Built-up  Area,Nagarbhavi,1350.0,2.0,2.0,54.6,3,450.0
Super built-up  Area,Hoodi,1430.0,2.0,2.0,113.0,2,715.0
Super built-up  Area,Sarjapur  Road,1084.0,2.0,2.0,55.0,2,542.0
Super built-up  Area,Hennur Road,1186.0,2.0,2.0,56.0,3,395.3333333333333
Built-up  Area,Kengeri,1255.0,2.0,2.0,50.0,2,627.5
Super built-up  Area,Hosa Road,1541.0,3.0,3.0,69.84,3,513.6666666666666
Super built-up  Area,Raja Rajeshwari Nagar,1295.0,2.0,2.0,70.0,2,647.5
Super built-up  Area,7th Phase JP Nagar,1370.0,2.0,2.0,54.79,3,456.6666666666667
Super built-up  Area,Electronic City,1100.0,2.0,2.0,40.0,2,550.0
Super built-up  Area,Rajaji Nagar,1370.0,2.0,2.0,170.0,2,685.0
Super built-up  Area,JP Nagar,1200.0,2.0,2.0,62.0,2,600.0
Super built-up  Area,Somasundara Palya,1178.0,2.0,2.0,73.0,2,589.0
Super built-up  Area,Dasanapura,1286.0,3.0,3.0,61.44,3,428.6666666666667
Super built-up  Area,Begur Road,1160.0,2.0,2.0,42.0,2,580.0
Super built-up  Area,Jigani,918.0,2.0,2.0,55.0,2,459.0
Super built-up  Area,Electronic City,1563.0,3.0,3.0,91.84,3,521.0
Super built-up  Area,Kaggadasapura,1325.0,2.0,2.0,50.0,2,662.5
Super built-up  Area,Sonnenahalli,1100.0,2.0,2.0,44.0,2,550.0
Super built-up  Area,Gollarapalya Hosahalli,1605.0,3.0,3.0,50.0,3,535.0
Super built-up  Area,Somasundara Palya,1260.0,2.0,2.0,60.0,2,630.0
Super built-up  Area,Hoodi,1553.0,3.0,3.0,83.09,3,517.6666666666666
Super built-up  Area,Whitefield,1280.0,2.0,2.0,52.0,2,640.0
Super built-up  Area,Hebbal,1550.0,2.0,2.0,75.0,3,516.6666666666666
Super built-up  Area,other,1550.0,3.0,3.0,74.0,3,516.6666666666666
Super built-up  Area,Electronics City Phase 1,1515.0,2.0,2.0,80.91,3,505.0
Super built-up  Area,Hosa Road,1332.0,2.0,2.0,86.12,3,444.0
Super built-up  Area,Electronic City,1652.0,3.0,3.0,70.0,3,550.6666666666666
Super built-up  Area,Hegde Nagar,1570.0,3.0,3.0,105.0,3,523.3333333333334
Super built-up  Area,Sector 2 HSR Layout,794.0,1.0,1.0,60.0,1,794.0
Super built-up  Area,Sarjapur  Road,1750.0,3.0,3.0,110.0,3,583.3333333333334
Super built-up  Area,other,1665.0,3.0,3.0,70.0,3,555.0
Built-up  Area,Bommasandra,1447.0,3.0,3.0,80.0,3,482.3333333333333
Built-up  Area,Balagere,1012.0,2.0,2.0,75.0,2,506.0
Super built-up  Area,other,1900.0,3.0,3.0,60.0,3,633.3333333333334
Super built-up  Area,other,1308.0,2.0,2.0,92.66,2,654.0
Super built-up  Area,Gunjur,1140.0,2.0,2.0,49.11,2,570.0
Super built-up  Area,Kanakapura,1290.0,3.0,3.0,45.15,3,430.0
Built-up  Area,Akshaya Nagar,1662.0,3.0,3.0,85.5,3,554.0
Super built-up  Area,Battarahalli,1777.0,3.0,3.0,100.0,3,592.3333333333334
Super built-up  Area,Anandapura,1576.0,3.0,3.0,59.1,3,525.3333333333334
Super built-up  Area,Raja Rajeshwari Nagar,648.0,1.0,1.0,31.75,1,648.0
Super built-up  Area,Neeladri Nagar,1167.0,2.0,2.0,38.0,3,389.0
Built-up  Area,other,1991.0,3.0,3.0,160.0,3,663.6666666666666
Super built-up  Area,Thanisandra,2000.0,3.0,3.0,99.0,3,666.6666666666666
Super built-up  Area,other,1325.0,2.0,2.0,70.0,2,662.5
Super built-up  Area,Kadugodi,1314.0,2.0,2.0,68.2,2,657.0
Built-up  Area,other,2220.0,4.0,4.0,65.0,3,740.0
Super built-up  Area,KR Puram,1192.5,2.0,2.0,51.22,2,596.25
Super built-up  Area,Sarjapur  Road,1888.0,4.0,4.0,95.0,3,629.3333333333334
Super built-up  Area,JP Nagar,1300.0,2.0,2.0,90.87,2,650.0
Super built-up  Area,Rajaji Nagar,1216.0,2.0,2.0,97.16,2,608.0
Super built-up  Area,Harlur,1290.0,2.0,2.0,87.0,2,645.0
Built-up  Area,other,1069.0,2.0,2.0,55.0,2,534.5
Built-up  Area,Sarjapur  Road,1300.0,3.0,3.0,60.0,3,433.3333333333333
Super built-up  Area,Channasandra,1115.0,2.0,2.0,33.45,2,557.5
Super built-up  Area,Ambedkar Nagar,2150.0,4.0,4.0,125.0,3,716.6666666666666
Super built-up  Area,Marathahalli,1305.0,2.0,2.0,69.0,3,435.0
Super built-up  Area,Kanakpura Road,1252.0,2.0,2.0,56.32,2,626.0
Super built-up  Area,Electronic City Phase II,545.0,1.0,1.0,35.0,2,272.5
Super built-up  Area,Subramanyapura,1313.0,2.0,2.0,66.5,2,656.5
Super built-up  Area,other,1160.0,2.0,2.0,41.75,2,580.0
Super built-up  Area,Subramanyapura,1255.0,2.0,2.0,79.0,3,418.3333333333333
Built-up  Area,other,900.0,2.0,2.0,45.0,2,450.0
Super built-up  Area,Yelahanka New Town,1700.0,3.0,3.0,90.0,3,566.6666666666666
Carpet  Area,Indira Nagar,1875.0,3.0,3.0,180.0,3,625.0
Carpet  Area,Uttarahalli,1700.0,3.0,3.0,88.0,3,566.6666666666666
Super built-up  Area,Harlur,1749.0,3.0,3.0,115.0,3,583.0
Built-up  Area,other,1200.0,2.0,2.0,50.0,2,600.0
Super built-up  Area,Ramagondanahalli,1610.0,2.0,2.0,115.0,3,536.6666666666666
Super built-up  Area,Electronic City,1070.0,2.0,2.0,46.0,2,535.0
Built-up  Area,Indira Nagar,1210.0,2.0,2.0,102.0,2,605.0
Super built-up  Area,other,1364.0,2.0,2.0,70.0,2,682.0
Built-up  Area,Magadi Road,1345.0,2.0,2.0,55.0,2,672.5
Super built-up  Area,other,1110.0,2.0,2.0,41.0,2,555.0
Built-up  Area,Kengeri,750.0,2.0,2.0,36.0,2,375.0
Built-up  Area,other,1156.0,2.0,2.0,49.5,2,578.0
Super built-up  Area,other,1247.0,2.0,2.0,59.8,2,623.5
Super built-up  Area,Kaggalipura,950.0,2.0,2.0,48.0,2,475.0
Super built-up  Area,Vijayanagar,1520.0,2.0,2.0,103.0,3,506.6666666666667
Super built-up  Area,other,1672.0,3.0,3.0,150.0,3,557.3333333333334
Super built-up  Area,Bommasandra,920.0,2.0,2.0,37.46,2,460.0
Plot  Area,Sarjapur  Road,1200.0,3.0,3.0,70.0,3,400.0
Built-up  Area,other,1250.0,3.0,3.0,139.0,3,416.6666666666667
Super built-up  Area,Hosakerehalli,1817.0,4.0,4.0,153.0,3,605.6666666666666
Super built-up  Area,Haralur Road,1464.0,2.0,2.0,56.0,2,732.0
Super built-up  Area,other,1468.0,3.0,3.0,130.0,2,734.0
Super built-up  Area,Electronics City Phase 1,1555.0,2.0,2.0,82.0,3,518.3333333333334
Built-up  Area,Whitefield,1150.0,2.0,2.0,55.0,2,575.0
Super built-up  Area,other,1166.0,2.0,2.0,53.0,2,583.0
Super built-up  Area,Electronic City,1350.0,3.0,3.0,58.0,3,450.0
Built-up  Area,other,1190.0,3.0,3.0,55.0,3,396.6666666666667
Super built-up  Area,Kodichikkanahalli,1495.0,2.0,2.0,75.0,3,498.3333333333333
Built-up  Area,Indira Nagar,1224.0,2.0,2.0,105.0,2,612.0
Super built-up  Area,other,1350.0,2.0,2.0,68.0,3,450.0
Built-up  Area,Green Glen Layout,940.0,2.0,2.0,56.8,2,470.0
Super built-up  Area,Raja Rajeshwari Nagar,1100.0,2.0,2.0,55.0,2,550.0
Super built-up  Area,other,1300.0,2.0,2.0,61.0,2,650.0
Super built-up  Area,Yelahanka,1517.0,3.0,3.0,76.3,3,505.6666666666667
Super built-up  Area,Marathahalli,1365.0,2.0,2.0,73.0,2,682.5
Super built-up  Area,Electronic City,1000.0,2.0,2.0,25.0,2,500.0
Super built-up  Area,CV Raman Nagar,1392.0,2.0,2.0,98.0,2,696.0
Super built-up  Area,Hennur Road,1586.0,3.0,3.0,93.94,3,528.6666666666666
Super built-up  Area,Electronic City Phase II,1065.0,2.0,2.0,30.75,2,532.5
Built-up  Area,7th Phase JP Nagar,1575.0,2.0,2.0,120.0,3,525.0
Super built-up  Area,Gubbalala,1745.0,3.0,3.0,110.0,3,581.6666666666666
Super built-up  Area,Nagarbhavi,1223.0,2.0,2.0,60.0,2,611.5
Super built-up  Area,other,1200.0,2.0,2.0,90.0,2,600.0
Super built-up  Area,Binny Pete,665.0,1.0,1.0,46.08,1,665.0
Super built-up  Area,Bharathi Nagar,1351.0,2.0,2.0,70.0,2,675.5
Super built-up  Area,Panathur,1370.0,2.0,2.0,75.0,3,456.6666666666667
Built-up  Area,Hoodi,1247.0,2.0,2.0,53.0,2,623.5
Super built-up  Area,Balagere,1020.07,2.0,2.0,68.38,2,510.035
Built-up  Area,other,1460.0,2.0,2.0,73.0,3,486.6666666666667
Super built-up  Area,Hosa Road,1665.0,2.0,2.0,125.0,3,555.0
Super built-up  Area,Kanakapura,1295.0,2.0,2.0,64.0,2,647.5
Super built-up  Area,Haralur Road,1230.0,2.0,2.0,78.0,2,615.0
Super built-up  Area,Kaggalipura,1000.0,2.0,2.0,60.0,2,500.0
Super built-up  Area,Whitefield,630.5,1.0,1.0,32.79,1,630.5
Super built-up  Area,Thanisandra,1697.0,3.0,3.0,115.0,3,565.6666666666666
Super built-up  Area,Hosa Road,615.0,1.0,1.0,28.29,1,615.0
Built-up  Area,Banashankari,1350.0,2.0,2.0,83.0,3,450.0
Super built-up  Area,Kanakpura Road,1530.0,2.6926096474673513,2.6926096474673513,66.4,3,510.0
Super built-up  Area,Jalahalli,1083.0,2.0,2.0,32.49,2,541.5
Super built-up  Area,Gottigere,1460.0,2.0,2.0,65.0,3,486.6666666666667
Super built-up  Area,Bommasandra,1035.0,2.0,2.0,41.43,2,517.5
Super built-up  Area,Hosur Road,460.0,1.0,1.0,21.0,1,460.0
Super built-up  Area,Whitefield,1285.0,2.0,2.0,55.9,2,642.5
Plot  Area,Sarjapur,1200.0,3.0,3.0,78.0,3,400.0
Built-up  Area,other,1070.0,2.0,2.0,35.0,2,535.0
Super built-up  Area,Hegde Nagar,1801.0,3.0,3.0,140.0,3,600.3333333333334
Super built-up  Area,Whitefield,1697.0,3.0,3.0,115.0,3,565.6666666666666
Super built-up  Area,AECS Layout,1199.0,2.0,2.0,65.0,2,599.5
Super built-up  Area,other,1125.0,2.0,2.0,75.0,2,562.5
Built-up  Area,Subramanyapura,1050.0,2.0,2.0,41.0,2,525.0
Built-up  Area,Nagarbhavi,956.0,2.0,2.0,49.0,2,478.0
Super built-up  Area,Sarjapur,1000.0,2.0,2.0,30.0,2,500.0
Built-up  Area,other,1596.0,3.0,3.0,95.0,3,532.0
Super built-up  Area,Kanakpura Road,1296.0,2.0,2.0,89.06,2,648.0
Built-up  Area,other,1639.0,3.0,3.0,123.0,3,546.3333333333334
Super built-up  Area,Electronic City Phase II,1219.0,2.0,2.0,61.25,2,609.5
Super built-up  Area,Bannerghatta Road,1427.0,2.0,2.0,48.51,3,475.6666666666667
Built-up  Area,Ramagondanahalli,920.0,2.0,2.0,65.0,2,460.0
Super built-up  Area,Lingadheeranahalli,1530.0,2.0,2.0,90.0,3,510.0
Super built-up  Area,Jakkur,1950.0,3.0,3.0,131.0,3,650.0
Built-up  Area,other,885.0,2.0,2.0,40.0,2,442.5
Super built-up  Area,Kanakpura Road,1339.0,2.0,2.0,62.0,2,669.5
Super built-up  Area,Whitefield,1130.0,2.0,2.0,36.0,2,565.0
Built-up  Area,Yeshwanthpur,1430.0,3.0,3.0,72.0,3,476.6666666666667
Carpet  Area,Bhoganhalli,1451.5,4.0,4.0,121.0,4,362.875
Built-up  Area,other,925.0,2.0,2.0,63.0,2,462.5
Super built-up  Area,Whitefield,1215.0,2.0,2.0,39.0,2,607.5
Super built-up  Area,Lakshminarayana Pura,1336.0,2.0,2.0,100.0,2,668.0
Super built-up  Area,Yeshwanthpur,673.0,1.0,1.0,36.85,1,673.0
Super built-up  Area,Kanakpura Road,1470.0,2.0,2.0,61.74,2,735.0
Super built-up  Area,Marathahalli,1785.0,3.0,3.0,94.0,3,595.0
Super built-up  Area,Yelahanka New Town,650.0,1.0,1.0,20.0,1,650.0
Super built-up  Area,Thanisandra,1220.0,2.0,2.0,43.92,2,610.0
Super built-up  Area,other,1570.0,3.0,3.0,115.0,3,523.3333333333334
Super built-up  Area,other,1665.0,3.0,3.0,86.91,3,555.0
Super built-up  Area,other,1350.0,2.0,2.0,87.01,3,450.0
Built-up  Area,Kasavanhalli,1719.0,3.0,3.0,116.0,3,573.0
Super built-up  Area,Budigere,664.0,1.0,1.0,35.0,1,664.0
Super built-up  Area,Sonnenahalli,1011.0,2.0,2.0,50.53,2,505.5
Super built-up  Area,Yeshwanthpur,717.0,2.0,2.0,49.475,2,358.5
Super built-up  Area,Whitefield,1520.0,2.0,2.0,150.0,3,506.6666666666667
Carpet  Area,Uttarahalli,1350.0,2.0,2.0,53.0,3,450.0
Super built-up  Area,Kothanur,1760.0,3.0,3.0,150.0,3,586.6666666666666
Super built-up  Area,other,875.0,2.0,2.0,33.0,2,437.5
Super built-up  Area,Hennur,1231.0,2.0,2.0,48.0,2,615.5
Super built-up  Area,Somasundara Palya,1174.0,2.0,2.0,74.0,2,587.0
Built-up  Area,Munnekollal,1560.0,3.0,3.0,75.0,3,520.0
Built-up  Area,other,1750.0,3.0,3.0,180.0,3,583.3333333333334
Super built-up  Area,1st Phase JP Nagar,2024.0,3.0,3.0,157.0,3,674.6666666666666
Super built-up  Area,Devanahalli,1080.0,2.0,2.0,44.0,2,540.0
Super built-up  Area,Begur Road,1500.0,2.0,2.0,55.0,3,500.0
Super built-up  Area,Channasandra,1030.0,2.0,2.0,34.5,2,515.0
Super built-up  Area,Hebbal,1440.0,2.0,2.0,115.0,2,720.0
Built-up  Area,Hoodi,1500.0,2.0,2.0,84.0,2,750.0
Super built-up  Area,Hegde Nagar,1584.01,3.0,3.0,103.0,3,528.0033333333333
Super built-up  Area,other,1340.0,3.0,3.0,77.0,3,446.6666666666667
Super built-up  Area,other,1800.0,3.0,3.0,70.0,3,600.0
Super built-up  Area,Sarjapur  Road,685.0,1.0,1.0,40.0,1,685.0
Super built-up  Area,other,925.0,2.0,2.0,42.0,2,462.5
Super built-up  Area,other,1230.0,2.0,2.0,57.0,2,615.0
Super built-up  Area,Kodichikkanahalli,1125.0,2.0,2.0,52.0,2,562.5
Super built-up  Area,Electronic City Phase II,1400.0,2.0,2.0,41.58,3,466.6666666666667
Super built-up  Area,Jakkur,1858.0,3.0,3.0,98.3,3,619.3333333333334
Built-up  Area,Kudlu Gate,1335.0,3.0,3.0,89.0,3,445.0
Super built-up  Area,Kundalahalli,1397.0,3.0,3.0,110.0,3,465.6666666666667
Plot  Area,Yelahanka New Town,1200.0,2.0,2.0,130.0,2,600.0
Super built-up  Area,Raja Rajeshwari Nagar,1140.0,2.0,2.0,38.55,2,570.0
Super built-up  Area,Balagere,1205.47,2.0,2.0,81.0,2,602.735
Super built-up  Area,Electronic City,1700.0,3.0,3.0,75.0,3,566.6666666666666
Super built-up  Area,Kanakpura Road,1090.0,2.0,2.0,54.54,2,545.0
Super built-up  Area,Thanisandra,923.0,1.0,1.0,60.84,1,923.0
Super built-up  Area,Green Glen Layout,1050.0,2.0,2.0,48.0,2,525.0
Super built-up  Area,Hennur Road,1664.0,2.6926096474673513,2.6926096474673513,93.865,3,554.6666666666666
Super built-up  Area,Electronic City,1400.0,2.0,2.0,48.0,3,466.6666666666667
Super built-up  Area,Sarjapur  Road,944.0,2.0,2.0,35.0,2,472.0
Super built-up  Area,Whitefield,1216.0,2.0,2.0,66.48,2,608.0
Super built-up  Area,Thanisandra,1743.0,3.0,3.0,93.25,3,581.0
Super built-up  Area,Yelahanka,1274.0,2.0,2.0,48.42,2,637.0
Super built-up  Area,Mysore Road,1512.0,2.0,2.0,110.0,3,504.0
Built-up  Area,Doddathoguru,1875.0,3.0,3.0,55.0,3,625.0
Super built-up  Area,Anandapura,1151.0,2.0,2.0,43.1,2,575.5
Plot  Area,Bommenahalli,832.0,3.0,3.0,77.0,3,277.3333333333333
Super built-up  Area,Sarjapur  Road,915.0,2.0,2.0,38.0,2,457.5
Super built-up  Area,Bannerghatta Road,1115.0,2.0,2.0,65.12,2,557.5
Super built-up  Area,Thigalarapalya,2072.0,4.0,4.0,139.0,3,690.6666666666666
Super built-up  Area,Kaggadasapura,1200.0,2.0,2.0,53.0,2,600.0
Super built-up  Area,Bellandur,1457.0,2.0,2.0,85.0,2,728.5
Super built-up  Area,Kannamangala,1262.0,2.0,2.0,55.0,2,631.0
Built-up  Area,Attibele,420.0,1.0,1.0,17.0,1,420.0
Super built-up  Area,HSR Layout,1127.0,2.0,2.0,68.0,2,563.5
Super built-up  Area,Kundalahalli,1397.0,3.0,3.0,104.0,3,465.6666666666667
Super built-up  Area,Jakkur,1230.0,2.0,2.0,76.0,2,615.0
Super built-up  Area,Sarjapur  Road,858.0,2.0,2.0,31.57,2,429.0
Super built-up  Area,Talaghattapura,1868.0,3.0,3.0,121.0,3,622.6666666666666
Super built-up  Area,Uttarahalli,1689.28,3.0,3.0,91.2,3,563.0933333333334
Super built-up  Area,Uttarahalli,1310.0,2.0,2.0,85.0,3,436.6666666666667
Super built-up  Area,Kundalahalli,1397.0,3.0,3.0,108.0,3,465.6666666666667
Super built-up  Area,Sarjapur,1157.0,2.0,2.0,40.0,2,578.5
Super built-up  Area,Sonnenahalli,1157.0,2.0,2.0,42.0,2,578.5
Super built-up  Area,Sarjapur  Road,1241.0,2.0,2.0,82.0,2,620.5
Super built-up  Area,Binny Pete,660.0,1.0,1.0,62.0,1,660.0
Built-up  Area,other,596.0,1.0,1.0,42.0,1,596.0
Plot  Area,other,1200.0,4.0,4.0,110.0,4,300.0
Super built-up  Area,Brookefield,1139.0,2.0,2.0,80.0,2,569.5
Super built-up  Area,Yeshwanthpur,1168.0,2.0,2.0,64.08,2,584.0
Built-up  Area,Electronics City Phase 1,1340.0,2.0,2.0,75.0,2,670.0
Built-up  Area,other,1405.0,2.0,2.0,70.0,3,468.3333333333333
Built-up  Area,other,1750.0,3.0,3.0,149.0,3,583.3333333333334
Super built-up  Area,other,1360.0,2.0,2.0,65.0,3,453.3333333333333
Super built-up  Area,other,985.0,2.0,2.0,63.0,2,492.5
Super built-up  Area,7th Phase JP Nagar,1850.0,3.0,3.0,150.0,3,616.6666666666666
Super built-up  Area,other,1490.0,2.0,2.0,88.0,3,496.6666666666667
Super built-up  Area,other,620.0,1.0,1.0,25.0,2,310.0
Super built-up  Area,other,1080.0,2.0,2.0,55.0,2,540.0
Super built-up  Area,Begur Road,1410.0,2.0,2.0,52.17,3,470.0
Super built-up  Area,Hennur Road,1290.0,2.0,2.0,94.5,3,430.0
Super built-up  Area,Hosa Road,1318.0,2.0,2.0,85.28,3,439.3333333333333
Super built-up  Area,Electronic City,1128.0,2.0,2.0,68.0,2,564.0
Super built-up  Area,Kanakpura Road,1051.0,2.0,2.0,56.74,2,525.5
Super built-up  Area,Yelahanka,1327.0,2.0,2.0,85.0,2,663.5
Super built-up  Area,other,1301.0,2.0,2.0,55.0,2,650.5
Built-up  Area,Electronic City Phase II,1000.0,2.0,2.0,28.88,2,500.0
Super built-up  Area,Sarjapur  Road,984.0,2.0,2.0,45.91,2,492.0
Super built-up  Area,Jakkur,1819.18,3.0,3.0,160.0,3,606.3933333333333
Super built-up  Area,Hosakerehalli,1304.0,2.0,2.0,100.0,2,652.0
Super built-up  Area,Begur Road,1615.0,3.0,3.0,58.0,3,538.3333333333334
Super built-up  Area,Sarjapur  Road,1400.0,2.0,2.0,68.0,2,700.0
Super built-up  Area,CV Raman Nagar,1070.0,2.0,2.0,47.5,2,535.0
Super built-up  Area,Hoodi,1132.0,2.0,2.0,89.37,2,566.0
Super built-up  Area,Sector 2 HSR Layout,794.0,1.0,1.0,65.0,1,794.0
Super built-up  Area,Raja Rajeshwari Nagar,1090.0,2.0,2.0,43.59,2,545.0
Super built-up  Area,Gottigere,1500.0,3.0,3.0,70.0,3,500.0
Super built-up  Area,Whitefield,1269.0,2.0,2.0,75.0,2,634.5
Super built-up  Area,Kanakpura Road,1070.0,2.0,2.0,37.45,2,535.0
Super built-up  Area,Ramamurthy Nagar,1185.0,2.0,2.0,45.5,2,592.5
Super built-up  Area,other,902.0,2.0,2.0,42.0,2,451.0
Super built-up  Area,Binny Pete,1365.0,2.0,2.0,122.0,2,682.5
Super built-up  Area,Doddathoguru,984.0,2.0,2.0,51.0,2,492.0
Super built-up  Area,Haralur Road,1300.0,2.0,2.0,79.0,2,650.0
Super built-up  Area,other,1550.0,2.0,2.0,160.0,2,775.0
Built-up  Area,Akshaya Nagar,1666.0,3.0,3.0,95.0,3,555.3333333333334
Super built-up  Area,other,1845.0,3.0,3.0,91.0,3,615.0
Super built-up  Area,other,1676.0,3.0,3.0,52.0,3,558.6666666666666
Super built-up  Area,Uttarahalli,1137.0,2.0,2.0,63.0,2,568.5
Super built-up  Area,Electronic City,1360.0,2.0,2.0,70.5,3,453.3333333333333
Super built-up  Area,other,1374.0,2.0,2.0,70.0,3,458.0
Super built-up  Area,other,2145.0,4.0,4.0,125.0,4,536.25
Built-up  Area,Electronic City Phase II,1790.0,3.0,3.0,100.0,3,596.6666666666666
Built-up  Area,Somasundara Palya,1033.0,2.0,2.0,48.0,2,516.5
Super built-up  Area,other,1240.0,2.0,2.0,52.6,2,620.0
Built-up  Area,other,1500.0,2.0,2.0,97.0,3,500.0
Super built-up  Area,Marathahalli,1730.0,3.0,3.0,139.0,3,576.6666666666666
Super built-up  Area,Whitefield,1545.0,3.0,3.0,79.0,3,515.0
Plot  Area,other,1200.0,3.0,3.0,120.0,3,400.0
Built-up  Area,other,1700.0,4.0,4.0,108.0,4,425.0
Super built-up  Area,Lingadheeranahalli,1682.0,3.0,3.0,120.0,3,560.6666666666666
Built-up  Area,Yelahanka,1371.0,2.0,2.0,65.0,3,457.0
Super built-up  Area,Ambalipura,1730.0,3.0,3.0,120.0,3,576.6666666666666
Super built-up  Area,EPIP Zone,1500.0,3.0,3.0,102.0,3,500.0
Carpet  Area,other,1203.0,2.0,2.0,59.86,2,601.5
Super built-up  Area,other,1600.0,3.0,3.0,76.0,3,533.3333333333334
Super built-up  Area,Varthur,1665.0,3.0,3.0,53.0,3,555.0
Super built-up  Area,Haralur Road,1444.0,2.0,2.0,80.0,3,481.3333333333333
Super built-up  Area,Lingadheeranahalli,1521.0,3.0,3.0,94.71,3,507.0
Built-up  Area,Marathahalli,1325.0,1.0,1.0,92.0,2,662.5
Super built-up  Area,Electronics City Phase 1,650.0,1.0,1.0,23.0,1,650.0
Super built-up  Area,Electronic City Phase II,769.0,2.0,2.0,40.0,2,384.5
Super built-up  Area,Electronic City,1571.0,3.0,3.0,105.0,3,523.6666666666666
Super built-up  Area,Hennur Road,1445.0,3.0,3.0,86.56,3,481.6666666666667
Super built-up  Area,Hosur Road,1590.0,2.0,2.0,135.0,3,530.0
Super built-up  Area,Bommasandra,902.0,2.0,2.0,49.0,2,451.0
Built-up  Area,Yelahanka,1712.0,3.0,3.0,82.0,3,570.6666666666666
Super built-up  Area,Kundalahalli,1920.0,3.0,3.0,150.0,3,640.0
Super built-up  Area,Electronic City,1089.0,2.0,2.0,45.0,2,544.5
Built-up  Area,Horamavu Agara,1106.0,2.0,2.0,43.09,2,553.0
Super built-up  Area,Kanakpura Road,1339.0,2.0,2.0,58.0,2,669.5
Built-up  Area,Thanisandra,923.0,1.0,1.0,45.69,1,923.0
Super built-up  Area,Lakshminarayana Pura,1175.0,2.0,2.0,75.0,2,587.5
Built-up  Area,Thubarahalli,975.0,2.0,2.0,55.0,2,487.5
Super built-up  Area,Subramanyapura,1330.0,3.0,3.0,72.0,3,443.3333333333333
Super built-up  Area,Thanisandra,1183.0,2.0,2.0,59.74,2,591.5
Super built-up  Area,Ramamurthy Nagar,1170.0,2.0,2.0,46.8,2,585.0
Super built-up  Area,Raja Rajeshwari Nagar,1530.0,3.0,3.0,51.77,3,510.0
Built-up  Area,Hebbal,1420.0,2.0,2.0,107.0,2,710.0
Super built-up  Area,Kanakpura Road,1591.0,3.0,3.0,115.0,3,530.3333333333334
Super built-up  Area,Hoodi,1055.0,2.0,2.0,57.63,2,527.5
Super built-up  Area,Iblur Village,1918.0,3.0,3.0,129.0,3,639.3333333333334
Super built-up  Area,Sarjapur  Road,1280.0,2.0,2.0,76.0,2,640.0
Super built-up  Area,Nagarbhavi,1560.0,3.0,3.0,66.0,3,520.0
Super built-up  Area,Sarjapur  Road,1145.0,2.0,2.0,49.5,2,572.5
Super built-up  Area,Hebbal,1320.0,2.0,2.0,92.0,2,660.0
Super built-up  Area,Bannerghatta Road,1344.0,2.0,2.0,42.0,3,448.0
Super built-up  Area,Lakshminarayana Pura,1190.0,2.0,2.0,75.0,2,595.0
Built-up  Area,Whitefield,1000.0,2.0,2.0,35.0,2,500.0
Super built-up  Area,other,1000.0,2.0,2.0,48.5,2,500.0
Super built-up  Area,Jalahalli,2113.0,3.0,3.0,155.0,3,704.3333333333334
Super built-up  Area,Harlur,1884.0,4.0,4.0,120.0,4,471.0
Super built-up  Area,Electronic City,1110.0,2.0,2.0,40.0,2,555.0
Super built-up  Area,Kudlu,1027.0,2.0,2.0,43.0,2,513.5
Plot  Area,other,1200.0,3.0,3.0,165.0,3,400.0
Super built-up  Area,Kudlu Gate,703.0,1.0,1.0,52.0,1,703.0
Super built-up  Area,Bellandur,1195.0,2.0,2.0,51.0,2,597.5
Super built-up  Area,other,1302.0,2.0,2.0,69.1,2,651.0
Super built-up  Area,Begur Road,1583.0,3.0,3.0,74.4,3,527.6666666666666
Super built-up  Area,other,1488.0,2.0,2.0,60.0,3,496.0
Super built-up  Area,Kammasandra,1385.0,2.0,2.0,34.63,3,461.6666666666667
Built-up  Area,Electronic City,1600.0,3.0,3.0,104.0,3,533.3333333333334
Super built-up  Area,Old Airport Road,1150.0,2.0,2.0,90.0,2,575.0
Super built-up  Area,Kanakpura Road,1299.0,2.0,2.0,85.0,2,649.5
Super built-up  Area,Devanahalli,1282.0,2.0,2.0,52.43,3,427.3333333333333
Super built-up  Area,other,861.0,2.0,2.0,35.0,2,430.5
Built-up  Area,Bannerghatta Road,1600.0,3.0,3.0,95.0,3,533.3333333333334
Super built-up  Area,other,1390.0,2.0,2.0,80.0,3,463.3333333333333
Super built-up  Area,Gunjur,1195.0,2.0,2.0,44.0,2,597.5
Super built-up  Area,other,1159.0,2.0,2.0,60.0,2,579.5
Super built-up  Area,Whitefield,1386.0,3.0,3.0,57.46,3,462.0
Super built-up  Area,Harlur,1197.0,2.0,2.0,79.0,2,598.5
Super built-up  Area,Bommasandra,1295.0,2.0,2.0,50.28,3,431.6666666666667
Super built-up  Area,Whitefield,1132.0,2.0,2.0,79.28,2,566.0
Super built-up  Area,Hebbal,1645.0,3.0,3.0,135.0,3,548.3333333333334
Super built-up  Area,Marathahalli,1937.0,3.0,3.0,140.0,3,645.6666666666666
Super built-up  Area,Doddathoguru,1015.0,2.0,2.0,33.5,2,507.5
Super built-up  Area,other,1350.0,2.0,2.0,80.99,3,450.0
Super built-up  Area,Kengeri Satellite Town,1149.0,2.0,2.0,29.0,3,383.0
Plot  Area,other,1500.0,3.0,3.0,87.0,3,500.0
Super built-up  Area,Yelahanka,1566.0,3.0,3.0,97.0,3,522.0
Super built-up  Area,KR Puram,1290.0,2.0,2.0,49.02,2,645.0
Super built-up  Area,other,1839.0,3.0,3.0,165.0,3,613.0
Super built-up  Area,Electronic City Phase II,1400.0,2.0,2.0,40.43,3,466.6666666666667
Super built-up  Area,Whitefield,1140.0,2.0,2.0,39.0,2,570.0
Super built-up  Area,Tumkur Road,1343.5,3.0,3.0,57.76,3,447.8333333333333
Built-up  Area,other,1100.0,2.0,2.0,46.0,2,550.0
Built-up  Area,other,1200.0,2.0,2.0,55.0,2,600.0
Super built-up  Area,Uttarahalli,1315.0,2.0,2.0,74.0,3,438.3333333333333
Super built-up  Area,Anandapura,1141.0,2.0,2.0,42.75,2,570.5
Super built-up  Area,AECS Layout,1080.0,2.0,2.0,55.0,2,540.0
Super built-up  Area,Varthur,1111.0,2.0,2.0,41.88,2,555.5
Super built-up  Area,Bannerghatta Road,1275.0,2.0,2.0,65.0,2,637.5
Super built-up  Area,Battarahalli,1135.0,2.0,2.0,43.0,2,567.5
Super built-up  Area,other,1392.0,2.0,2.0,130.0,2,696.0
Super built-up  Area,Bellandur,1050.0,2.0,2.0,72.0,2,525.0
Super built-up  Area,Hosa Road,1513.0,3.0,3.0,103.0,3,504.3333333333333
Super built-up  Area,Gottigere,1621.0,3.0,3.0,72.0,3,540.3333333333334
Super built-up  Area,Bannerghatta Road,892.0,2.0,2.0,39.0,2,446.0
Super built-up  Area,Whitefield,1205.0,2.0,2.0,40.0,2,602.5
Super built-up  Area,Indira Nagar,1400.0,2.0,2.0,168.0,2,700.0
Super built-up  Area,Kengeri,726.0,2.0,2.0,35.0,2,363.0
Plot  Area,other,1500.0,3.0,3.0,149.0,3,500.0
Super built-up  Area,Begur Road,1170.0,2.0,2.0,46.0,2,585.0
Super built-up  Area,Doddathoguru,1104.0,2.0,2.0,39.0,2,552.0
Super built-up  Area,Kanakpura Road,950.0,2.0,2.0,45.0,2,475.0
Built-up  Area,other,1650.0,2.0,2.0,52.0,3,550.0
Super built-up  Area,other,1559.0,3.0,3.0,127.0,3,519.6666666666666
Built-up  Area,other,1100.0,2.0,2.0,38.0,2,550.0
Super built-up  Area,other,1750.0,3.0,3.0,150.0,3,583.3333333333334
Super built-up  Area,Ramagondanahalli,1215.0,2.0,2.0,45.5,2,607.5
Super built-up  Area,Talaghattapura,1868.0,3.0,3.0,135.0,3,622.6666666666666
Super built-up  Area,Hulimavu,1225.0,2.0,2.0,55.0,2,612.5
Super built-up  Area,other,1896.0,3.0,3.0,125.0,4,474.0
Super built-up  Area,Sonnenahalli,605.0,1.0,1.0,40.0,1,605.0
Super built-up  Area,Electronic City Phase II,900.0,2.0,2.0,32.5,2,450.0
Super built-up  Area,Hulimavu,1255.0,2.0,2.0,74.0,2,627.5
Built-up  Area,Electronic City,1500.0,2.0,2.0,100.0,3,500.0
Super built-up  Area,Thanisandra,1296.0,2.0,2.0,72.0,2,648.0
Built-up  Area,Raja Rajeshwari Nagar,1023.0,2.0,2.0,42.0,2,511.5
Super built-up  Area,Thanisandra,1020.0,2.0,2.0,44.5,2,510.0
Super built-up  Area,Choodasandra,1530.0,3.0,3.0,77.0,3,510.0
Built-up  Area,other,1605.0,2.0,2.0,85.0,3,535.0
Built-up  Area,6th Phase JP Nagar,1140.0,2.0,2.0,65.0,2,570.0
Super built-up  Area,Green Glen Layout,1725.0,3.0,3.0,130.0,3,575.0
Super built-up  Area,Bisuvanahalli,1075.0,2.0,2.0,50.0,3,358.3333333333333
Super built-up  Area,Kannamangala,1574.0,3.0,3.0,93.34,3,524.6666666666666
Super built-up  Area,Marathahalli,1550.0,3.0,3.0,83.0,3,516.6666666666666
Super built-up  Area,other,1205.0,2.0,2.0,60.0,2,602.5
Super built-up  Area,Kambipura,1082.0,2.0,2.0,55.0,3,360.6666666666667
Super built-up  Area,Uttarahalli,1215.0,2.0,2.0,52.85,3,405.0
Super built-up  Area,Kanakpura Road,1452.0,3.0,3.0,60.98,3,484.0
Super built-up  Area,Electronic City Phase II,1329.0,2.0,2.0,41.0,3,443.0
Super built-up  Area,Uttarahalli,1312.5,3.0,3.0,51.19,3,437.5
Super built-up  Area,other,1255.0,2.0,2.0,80.0,2,627.5
Super built-up  Area,other,1904.0,3.0,3.0,155.0,3,634.6666666666666
Super built-up  Area,other,2135.0,3.0,3.0,160.0,3,711.6666666666666
Super built-up  Area,Kalena Agrahara,800.0,2.0,2.0,30.0,2,400.0
Super built-up  Area,Hormavu,1500.0,3.0,3.0,70.0,3,500.0
Super built-up  Area,Bannerghatta Road,1880.0,3.0,3.0,95.0,3,626.6666666666666
Super built-up  Area,Electronic City,1440.0,2.0,2.0,55.0,3,480.0
Super built-up  Area,Akshaya Nagar,1575.0,3.0,3.0,90.0,3,525.0
Super built-up  Area,Varthur,1097.0,2.0,2.0,33.82,2,548.5
Super built-up  Area,Raja Rajeshwari Nagar,1070.0,2.0,2.0,50.0,2,535.0
Super built-up  Area,other,1000.0,2.0,2.0,58.0,2,500.0
Built-up  Area,Frazer Town,1900.0,4.0,4.0,145.0,3,633.3333333333334
Built-up  Area,Jigani,937.0,2.0,2.0,44.0,2,468.5
Built-up  Area,Green Glen Layout,1075.0,2.0,2.0,60.0,2,537.5
Super built-up  Area,other,936.0,2.0,2.0,43.0,2,468.0
Super built-up  Area,Marathahalli,1350.0,2.0,2.0,86.0,2,675.0
Super built-up  Area,Devanahalli,1174.0,2.0,2.0,59.0,2,587.0
Super built-up  Area,Hosur Road,1890.0,3.0,3.0,162.0,3,630.0
Built-up  Area,Yelahanka,1653.0,3.0,3.0,120.0,3,551.0
Super built-up  Area,Bisuvanahalli,1075.0,2.0,2.0,52.0,3,358.3333333333333
Super built-up  Area,7th Phase JP Nagar,1212.0,3.0,3.0,42.0,2,606.0
Super built-up  Area,Kudlu Gate,1532.0,3.0,3.0,83.0,3,510.6666666666667
Super built-up  Area,Padmanabhanagar,1531.0,2.0,2.0,75.0,3,510.3333333333333
Super built-up  Area,Uttarahalli,1325.0,2.0,2.0,53.0,2,662.5
Super built-up  Area,Electronic City,1156.0,2.0,2.0,44.0,3,385.3333333333333
Super built-up  Area,Bannerghatta Road,1260.0,2.0,2.0,70.0,2,630.0
Super built-up  Area,Vittasandra,1934.0,2.0,2.0,90.0,2,967.0
Super built-up  Area,Kasavanhalli,1476.0,3.0,3.0,95.0,3,492.0
Super built-up  Area,other,1185.0,2.0,2.0,85.0,2,592.5
Super built-up  Area,other,1265.0,2.0,2.0,82.0,3,421.6666666666667
Built-up  Area,Hulimavu,1175.0,2.0,2.0,45.0,2,587.5
Super built-up  Area,Whitefield,1195.0,2.0,2.0,70.0,2,597.5
Super built-up  Area,Hosur Road,1180.0,2.0,2.0,36.5,2,590.0
Super built-up  Area,Jakkur,1050.0,2.0,2.0,49.87,2,525.0
Built-up  Area,Subramanyapura,929.0,2.0,2.0,48.0,2,464.5
Super built-up  Area,Jigani,1252.0,3.0,3.0,61.0,3,417.3333333333333
Built-up  Area,Green Glen Layout,1485.0,3.0,3.0,115.0,3,495.0
Super built-up  Area,Electronics City Phase 1,1124.0,2.0,2.0,55.0,3,374.6666666666667
Super built-up  Area,Hennur Road,1482.0,2.0,2.0,97.0,3,494.0
Super built-up  Area,Jalahalli,1570.0,3.0,3.0,140.0,3,523.3333333333334
Super built-up  Area,Chandapura,520.0,1.0,1.0,14.04,1,520.0
Super built-up  Area,other,2000.0,3.0,3.0,160.0,3,666.6666666666666
Super built-up  Area,Prithvi Layout,1352.0,2.0,2.0,75.0,2,676.0
Super built-up  Area,Electronic City,1152.0,2.0,2.0,65.0,2,576.0
Super built-up  Area,Hegde Nagar,1965.0,4.0,4.0,125.0,3,655.0
Built-up  Area,other,1300.0,2.0,2.0,70.0,3,433.3333333333333
Super built-up  Area,Hoskote,1740.0,3.0,3.0,60.0,3,580.0
Built-up  Area,Bannerghatta Road,1788.0,3.0,3.0,90.0,3,596.0
Super built-up  Area,Kanakapura,1151.0,2.0,2.0,59.0,2,575.5
Super built-up  Area,Uttarahalli,1300.0,2.0,2.0,60.0,3,433.3333333333333
Super built-up  Area,Hebbal,1645.0,3.0,3.0,117.0,3,548.3333333333334
Super built-up  Area,7th Phase JP Nagar,1175.0,2.0,2.0,82.5,2,587.5
Built-up  Area,Dasarahalli,1150.0,2.0,2.0,70.0,2,575.0
Super built-up  Area,Balagere,1007.0,2.0,2.0,65.0,2,503.5
Super built-up  Area,other,1080.0,2.0,2.0,45.0,2,540.0
Super built-up  Area,Electronic City,1070.0,2.0,2.0,60.0,2,535.0
Super built-up  Area,other,1532.0,3.0,3.0,115.0,3,510.6666666666667
Super built-up  Area,Hennur,1040.0,2.0,2.0,42.12,2,520.0
Super built-up  Area,Tumkur Road,1137.5,2.0,2.0,48.905,2,568.75
Super built-up  Area,Thanisandra,1430.0,2.0,2.0,51.6,3,476.6666666666667
Super built-up  Area,other,1827.0,3.0,3.0,100.0,3,609.0
Super built-up  Area,other,1210.0,2.0,2.0,75.0,2,605.0
Super built-up  Area,other,1500.0,3.0,3.0,95.0,3,500.0
Super built-up  Area,Hebbal,1251.0,2.0,2.0,88.73,2,625.5
Super built-up  Area,HSR Layout,1600.0,2.0,2.0,115.0,3,533.3333333333334
Super built-up  Area,Electronic City,1128.0,2.0,2.0,65.5,2,564.0
Super built-up  Area,Budigere,1820.0,3.0,3.0,93.0,3,606.6666666666666
Super built-up  Area,Thigalarapalya,2072.0,4.0,4.0,159.0,3,690.6666666666666
Super built-up  Area,Raja Rajeshwari Nagar,1510.0,2.0,2.0,59.0,3,503.3333333333333
Super built-up  Area,Hoodi,1925.0,2.0,2.0,114.0,3,641.6666666666666
Super built-up  Area,Thigalarapalya,2072.0,4.0,4.0,147.0,3,690.6666666666666
Plot  Area,KR Puram,1752.0,3.0,3.0,145.0,3,584.0
Super built-up  Area,Sahakara Nagar,960.0,2.0,2.0,56.0,2,480.0
Super built-up  Area,other,1180.0,2.0,2.0,63.0,2,590.0
Super built-up  Area,Bisuvanahalli,1180.0,2.0,2.0,46.0,3,393.3333333333333
Super built-up  Area,Kanakpura Road,1300.0,3.0,3.0,69.0,3,433.3333333333333
Super built-up  Area,other,1305.0,2.0,2.0,59.0,3,435.0
Super built-up  Area,Jakkur,1290.0,2.0,2.0,80.0,2,645.0
Super built-up  Area,Hoskote,1170.0,2.0,2.0,45.0,2,585.0
Super built-up  Area,other,1400.0,2.0,2.0,78.0,2,700.0
Super built-up  Area,Lakshminarayana Pura,1200.0,2.0,2.0,75.0,2,600.0
Built-up  Area,other,1155.0,2.0,2.0,60.0,3,385.0
Built-up  Area,Hormavu,1725.0,3.0,3.0,85.0,3,575.0
Super built-up  Area,Kanakpura Road,700.0,2.0,2.0,40.0,2,350.0
Super built-up  Area,Hoodi,1112.0,2.0,2.0,88.0,2,556.0
Super built-up  Area,Somasundara Palya,1178.0,2.0,2.0,78.0,2,589.0
Super built-up  Area,other,1274.0,2.0,2.0,81.0,2,637.0
Super built-up  Area,Doddathoguru,915.0,2.0,2.0,32.0,2,457.5
Super built-up  Area,Hosur Road,760.0,1.0,1.0,21.28,1,760.0
Built-up  Area,other,1540.0,3.0,3.0,68.0,3,513.3333333333334
Super built-up  Area,other,1645.0,3.0,3.0,95.0,3,548.3333333333334
Super built-up  Area,other,1056.0,2.0,2.0,33.0,2,528.0
Super built-up  Area,other,1161.0,2.0,2.0,36.69,2,580.5
Super built-up  Area,other,1097.0,2.0,2.0,65.0,2,548.5
Built-up  Area,Uttarahalli,850.0,2.0,2.0,35.0,2,425.0
Super built-up  Area,Green Glen Layout,1715.0,3.0,3.0,115.0,3,571.6666666666666
Super built-up  Area,Electronic City,1200.0,2.0,2.0,59.0,2,600.0
Super built-up  Area,Banashankari,1400.0,2.0,2.0,78.0,3,466.6666666666667
Carpet  Area,Kanakpura Road,458.0,1.0,1.0,19.695,1,458.0
Built-up  Area,Kalyan nagar,1640.0,3.0,3.0,88.0,3,546.6666666666666
Super built-up  Area,Banashankari,1700.0,3.0,3.0,125.0,3,566.6666666666666
Super built-up  Area,Bommasandra,1478.0,2.0,2.0,44.0,3,492.6666666666667
Super built-up  Area,Kanakapura,1110.0,2.0,2.0,38.85,2,555.0
Super built-up  Area,Uttarahalli,1627.86,3.0,3.0,88.0,3,542.62
Built-up  Area,other,620.0,2.0,2.0,22.0,2,310.0
Super built-up  Area,Hosa Road,1133.0,2.0,2.0,52.0,2,566.5
Super built-up  Area,Hennur Road,1182.0,2.0,2.0,82.5,2,591.0
Super built-up  Area,Tumkur Road,1500.0,3.0,3.0,100.0,3,500.0
Super built-up  Area,Marathahalli,1200.0,2.0,2.0,58.0,2,600.0
Super built-up  Area,Raja Rajeshwari Nagar,1128.0,2.0,2.0,48.79,2,564.0
Built-up  Area,other,1100.0,2.0,2.0,45.0,2,550.0
Super built-up  Area,Kengeri Satellite Town,635.0,1.0,1.0,22.0,2,317.5
Super built-up  Area,Ardendale,2062.0,3.0,3.0,140.0,4,515.5
Built-up  Area,Thanisandra,1874.0,4.0,4.0,130.0,3,624.6666666666666
Super built-up  Area,Old Madras Road,1171.0,2.0,2.0,75.0,2,585.5
Super built-up  Area,Panathur,1315.0,2.0,2.0,59.1,3,438.3333333333333
Super built-up  Area,Jakkur,1760.0,3.0,3.0,110.0,3,586.6666666666666
Super built-up  Area,Hennur Road,1192.0,2.0,2.0,62.0,3,397.3333333333333
Super built-up  Area,Hebbal,1645.0,3.0,3.0,121.0,3,548.3333333333334
Super built-up  Area,Whitefield,1250.0,2.0,2.0,72.0,2,625.0
Super built-up  Area,Whitefield,709.0,1.0,1.0,34.385,1,709.0
Super built-up  Area,Hosa Road,1369.1,2.0,2.0,104.0,2,684.55
Super built-up  Area,Kanakapura,1938.0,3.0,3.0,113.0,3,646.0
Super built-up  Area,Budigere,1636.0,3.0,3.0,85.0,3,545.3333333333334
Super built-up  Area,Akshaya Nagar,1430.0,2.0,2.0,75.0,3,476.6666666666667
Carpet  Area,Electronic City Phase II,993.0,2.0,2.0,50.0,3,331.0
Super built-up  Area,Yelahanka,1270.0,2.0,2.0,78.0,2,635.0
Super built-up  Area,Panathur,1109.0,2.0,2.0,63.0,2,554.5
Super built-up  Area,other,1280.0,2.0,2.0,49.75,2,640.0
Plot  Area,Devanahalli,1600.0,3.0,3.0,180.0,3,533.3333333333334
Super built-up  Area,Marathahalli,607.0,1.0,1.0,35.0,1,607.0
Super built-up  Area,Electronic City Phase II,1418.0,3.0,3.0,52.47,3,472.6666666666667
Built-up  Area,EPIP Zone,1125.0,2.0,2.0,65.0,2,562.5
Super built-up  Area,CV Raman Nagar,1825.0,3.0,3.0,126.0,3,608.3333333333334
Super built-up  Area,Whitefield,1320.0,2.0,2.0,79.5,2,660.0
Super built-up  Area,Whitefield,750.0,2.0,2.0,52.7,2,375.0
Super built-up  Area,Yelahanka,1400.0,2.0,2.0,80.54,3,466.6666666666667
Built-up  Area,other,965.0,2.0,2.0,48.0,2,482.5
Super built-up  Area,KR Puram,1100.0,2.0,2.0,43.0,2,550.0
Super built-up  Area,Whitefield,1180.0,2.0,2.0,41.0,2,590.0
Super built-up  Area,HSR Layout,1145.0,2.0,2.0,48.0,2,572.5
Super built-up  Area,Kenchenahalli,1015.0,2.0,2.0,58.0,2,507.5
Super built-up  Area,JP Nagar,1300.0,2.0,2.0,109.0,2,650.0
Built-up  Area,Hebbal Kempapura,1300.0,2.0,2.0,102.0,2,650.0
Super built-up  Area,Hosa Road,1512.0,3.0,3.0,123.0,3,504.0
Carpet  Area,Bhoganhalli,1053.4,3.0,3.0,88.91,3,351.1333333333334
Super built-up  Area,Yeshwanthpur,605.0,1.0,1.0,41.745,1,605.0
Super built-up  Area,Hormavu,1153.0,2.0,2.0,65.0,2,576.5
Super built-up  Area,Hulimavu,1255.0,2.0,2.0,69.0,2,627.5
Super built-up  Area,Marathahalli,1583.0,3.0,3.0,109.0,3,527.6666666666666
Super built-up  Area,other,1505.0,2.0,2.0,90.0,2,752.5
Super built-up  Area,other,1810.0,4.0,4.0,148.0,3,603.3333333333334
Super built-up  Area,Subramanyapura,975.0,2.0,2.0,63.0,2,487.5
Super built-up  Area,other,1530.0,2.0,2.0,97.0,3,510.0
Super built-up  Area,Kereguddadahalli,1300.0,2.0,2.0,39.0,3,433.3333333333333
Super built-up  Area,Sarjapur  Road,1308.0,2.0,2.0,83.0,2,654.0
Super built-up  Area,Sarjapur  Road,1592.0,3.0,3.0,91.0,3,530.6666666666666
Super built-up  Area,Rajaji Nagar,1222.0,2.0,2.0,112.0,2,611.0
Super built-up  Area,Raja Rajeshwari Nagar,1267.0,2.0,2.0,42.85,2,633.5
Super built-up  Area,Balagere,656.0,1.0,1.0,53.0,1,656.0
Super built-up  Area,Thanisandra,1698.0,3.0,3.0,102.0,3,566.0
Built-up  Area,other,1500.0,3.0,3.0,70.0,3,500.0
Super built-up  Area,Electronic City,1152.0,2.0,2.0,65.75,2,576.0
Super built-up  Area,other,900.0,2.0,2.0,42.0,2,450.0
Built-up  Area,Akshaya Nagar,1419.0,2.0,2.0,73.0,3,473.0
Super built-up  Area,Gottigere,990.0,2.0,2.0,40.0,2,495.0
Super built-up  Area,Bannerghatta Road,1100.0,2.0,2.0,39.0,2,550.0
Super built-up  Area,Whitefield,1095.0,2.0,2.0,35.0,2,547.5
Super built-up  Area,Budigere,1444.0,2.0,2.0,70.0,2,722.0
Super built-up  Area,Whitefield,1415.0,2.0,2.0,67.0,2,707.5
Super built-up  Area,other,1600.0,3.0,3.0,72.0,3,533.3333333333334
Super built-up  Area,Whitefield,1105.0,2.0,2.0,41.36,2,552.5
Super built-up  Area,Electronic City,1225.0,3.0,3.0,45.03,3,408.3333333333333
Super built-up  Area,Talaghattapura,1856.0,3.0,3.0,135.0,3,618.6666666666666
Super built-up  Area,Sarjapur  Road,1150.0,2.0,2.0,77.0,2,575.0
Super built-up  Area,Whitefield,2094.0,2.6926096474673513,2.6926096474673513,113.19,3,698.0
Super built-up  Area,5th Phase JP Nagar,1485.0,2.0,2.0,67.0,3,495.0
Super built-up  Area,Hennur Road,1036.0,2.0,2.0,59.46,2,518.0
Super built-up  Area,other,1400.0,2.0,2.0,80.0,2,700.0
Built-up  Area,Kodichikkanahalli,1150.0,2.0,2.0,48.0,2,575.0
Super built-up  Area,Kenchenahalli,715.0,1.0,1.0,45.0,1,715.0
Built-up  Area,Nagarbhavi,1400.0,2.0,2.0,85.0,3,466.6666666666667
Super built-up  Area,Padmanabhanagar,1400.0,3.0,3.0,65.0,3,466.6666666666667
Super built-up  Area,Whitefield,1700.0,3.0,3.0,140.0,3,566.6666666666666
Super built-up  Area,Kanakpura Road,1591.0,3.0,3.0,120.0,3,530.3333333333334
Super built-up  Area,Nagarbhavi,1515.0,2.0,2.0,79.0,3,505.0
Super built-up  Area,Chandapura,975.0,2.0,2.0,24.86,2,487.5
Super built-up  Area,Yeshwanthpur,1382.0,2.0,2.0,76.18,3,460.6666666666667
Super built-up  Area,other,1533.0,3.0,3.0,150.0,3,511.0
Super built-up  Area,Yelahanka,1391.0,2.0,2.0,64.5,3,463.6666666666667
Super built-up  Area,Begur Road,1160.0,2.0,2.0,42.92,2,580.0
Super built-up  Area,Kanakpura Road,1482.0,3.0,3.0,60.98,3,494.0
Super built-up  Area,Whitefield,1405.0,2.0,2.0,84.5,2,702.5
Built-up  Area,Gunjur,1190.0,2.0,2.0,40.0,2,595.0
Super built-up  Area,Harlur,1174.0,2.0,2.0,78.0,2,587.0
Super built-up  Area,Thanisandra,1411.0,3.0,3.0,93.04,3,470.3333333333333
Super built-up  Area,other,745.0,2.0,2.0,50.0,2,372.5
Super built-up  Area,Kereguddadahalli,1000.0,2.0,2.0,30.0,2,500.0
Super built-up  Area,Jigani,923.0,2.0,2.0,50.0,2,461.5
Built-up  Area,Yeshwanthpur,1000.0,2.0,2.0,32.0,2,500.0
Super built-up  Area,Battarahalli,1276.0,2.0,2.0,45.0,2,638.0
Built-up  Area,other,1460.0,3.0,3.0,70.0,3,486.6666666666667
Super built-up  Area,other,833.0,1.0,1.0,49.0,1,833.0
Super built-up  Area,Ramamurthy Nagar,1200.0,2.0,2.0,48.0,2,600.0
Super built-up  Area,Yeshwanthpur,669.0,1.0,1.0,36.85,1,669.0
Super built-up  Area,Koramangala,1594.0,3.0,3.0,125.0,3,531.3333333333334
Super built-up  Area,Kothanur,1790.0,3.0,3.0,105.0,3,596.6666666666666
Super built-up  Area,Whitefield,1345.0,2.0,2.0,57.0,3,448.3333333333333
Super built-up  Area,Yeshwanthpur,1385.0,2.0,2.0,76.18,3,461.6666666666667
Super built-up  Area,Kanakpura Road,1207.0,2.0,2.0,79.9,2,603.5
Super built-up  Area,Varthur,1140.0,2.0,2.0,55.5,2,570.0
Built-up  Area,other,1220.0,2.0,2.0,68.0,2,610.0
Built-up  Area,Sarjapur  Road,1965.0,3.0,3.0,120.0,3,655.0
Built-up  Area,Koramangala,1760.0,2.0,2.0,115.0,3,586.6666666666666
Super built-up  Area,Haralur Road,1225.0,2.0,2.0,70.0,2,612.5
Super built-up  Area,Yelahanka,1322.0,2.0,2.0,86.0,2,661.0
Super built-up  Area,AECS Layout,1045.0,2.0,2.0,36.58,2,522.5
Super built-up  Area,other,1545.0,3.0,3.0,85.0,3,515.0
Super built-up  Area,Thanisandra,1996.0,3.0,3.0,135.0,3,665.3333333333334
Super built-up  Area,Brookefield,1125.0,2.0,2.0,70.0,2,562.5
Super built-up  Area,Mysore Road,1560.0,3.0,3.0,115.0,3,520.0
Built-up  Area,other,780.0,2.0,2.0,35.0,2,390.0
Super built-up  Area,other,1350.0,2.0,2.0,41.0,2,675.0
Super built-up  Area,Dasanapura,708.0,1.0,1.0,28.32,1,708.0
Super built-up  Area,Sarjapur  Road,1680.0,3.0,3.0,160.0,3,560.0
Super built-up  Area,Hoodi,1400.0,2.0,2.0,82.0,2,700.0
Super built-up  Area,Bellandur,1310.0,2.0,2.0,72.0,2,655.0
Super built-up  Area,Electronics City Phase 1,1175.0,2.0,2.0,57.0,2,587.5
Built-up  Area,other,1428.0,2.0,2.0,80.0,3,476.0
Super built-up  Area,other,1842.0,3.0,3.0,115.0,3,614.0
Super built-up  Area,Sector 2 HSR Layout,1146.0,2.0,2.0,55.0,2,573.0
Super built-up  Area,Rachenahalli,440.0,1.0,1.0,28.0,1,440.0
Super built-up  Area,Sahakara Nagar,1048.0,2.0,2.0,50.0,2,524.0
Super built-up  Area,Thanisandra,1801.0,3.0,3.0,115.0,3,600.3333333333334
Super built-up  Area,Whitefield,1150.0,2.0,2.0,90.0,2,575.0
Super built-up  Area,Talaghattapura,1868.0,3.0,3.0,120.0,3,622.6666666666666
Super built-up  Area,Begur,1445.0,2.0,2.0,47.1,3,481.6666666666667
Super built-up  Area,Hebbal Kempapura,1466.0,2.0,2.0,140.0,3,488.6666666666667
Super built-up  Area,Somasundara Palya,1185.0,2.0,2.0,70.0,2,592.5
Super built-up  Area,Hebbal,1760.0,3.0,3.0,123.0,3,586.6666666666666
Super built-up  Area,Haralur Road,1000.0,2.0,2.0,78.0,2,500.0
Super built-up  Area,7th Phase JP Nagar,1215.0,2.0,2.0,90.0,2,607.5
Super built-up  Area,EPIP Zone,1734.0,3.0,3.0,125.0,3,578.0
Super built-up  Area,Rachenahalli,1113.0,2.0,2.0,55.0,2,556.5
Built-up  Area,Kereguddadahalli,1240.0,3.0,3.0,41.0,3,413.3333333333333
Super built-up  Area,Ambalipura,896.0,2.0,2.0,30.13,2,448.0
Super built-up  Area,BTM 2nd Stage,1200.0,2.0,2.0,35.0,2,600.0
Built-up  Area,Sarjapur,1500.0,2.0,2.0,30.0,2,750.0
Super built-up  Area,other,1096.0,2.0,2.0,48.0,2,548.0
Super built-up  Area,Rachenahalli,1550.0,3.0,3.0,74.5,3,516.6666666666666
Super built-up  Area,Seegehalli,1830.0,4.0,4.0,82.0,3,610.0
Super built-up  Area,Hoodi,1746.0,3.0,3.0,84.95,3,582.0
Super built-up  Area,other,1305.0,2.0,2.0,60.0,3,435.0
Super built-up  Area,Thigalarapalya,1207.0,2.0,2.0,62.0,2,603.5
Built-up  Area,Thanisandra,1678.0,3.0,3.0,125.0,3,559.3333333333334
Super built-up  Area,Kaggalipura,950.0,2.0,2.0,50.0,2,475.0
Super built-up  Area,Ardendale,1732.46,3.0,3.0,92.0,3,577.4866666666667
Super built-up  Area,Attibele,1639.0,2.0,2.0,40.98,3,546.3333333333334
Super built-up  Area,Marathahalli,1360.0,2.0,2.0,103.0,2,680.0
Super built-up  Area,Lakshminarayana Pura,1656.0,3.0,3.0,150.0,3,552.0
Super built-up  Area,Sarjapur  Road,985.0,2.0,2.0,49.0,2,492.5
Super built-up  Area,7th Phase JP Nagar,1050.0,2.0,2.0,75.0,2,525.0
Super built-up  Area,other,1600.0,2.0,2.0,160.0,3,533.3333333333334
Super built-up  Area,Ramagondanahalli,1253.0,2.0,2.0,52.66,2,626.5
Super built-up  Area,other,1655.0,3.0,3.0,155.0,3,551.6666666666666
Super built-up  Area,Sarjapur  Road,1418.0,2.0,2.0,78.0,2,709.0
Super built-up  Area,Kalena Agrahara,1270.0,2.0,2.0,100.0,2,635.0
Super built-up  Area,other,1200.0,2.0,2.0,75.0,2,600.0
Super built-up  Area,Begur Road,1410.0,2.0,2.0,50.06,3,470.0
Super built-up  Area,Electronic City,1060.0,2.0,2.0,58.0,2,530.0
Super built-up  Area,KR Puram,950.0,2.0,2.0,40.0,2,475.0
Super built-up  Area,other,1235.0,2.0,2.0,60.0,2,617.5
Super built-up  Area,Budigere,722.0,1.0,1.0,46.0,1,722.0
Built-up  Area,Sarjapur  Road,1200.0,2.0,2.0,93.0,2,600.0
Built-up  Area,other,1225.0,3.0,3.0,60.0,3,408.3333333333333
Super built-up  Area,other,705.0,1.0,1.0,52.5,1,705.0
Super built-up  Area,Battarahalli,1880.0,3.0,3.0,94.36,3,626.6666666666666
Built-up  Area,other,1550.0,2.0,2.0,60.0,3,516.6666666666666
Super built-up  Area,Lingadheeranahalli,1893.0,3.0,3.0,130.0,3,631.0
Super built-up  Area,other,1650.0,3.0,3.0,75.0,3,550.0
Built-up  Area,other,1113.0,2.0,2.0,46.0,2,556.5
Super built-up  Area,Sarjapur  Road,1586.0,3.0,3.0,70.0,3,528.6666666666666
Super built-up  Area,Yelahanka New Town,1541.0,3.0,3.0,80.0,3,513.6666666666666
Super built-up  Area,Haralur Road,1830.0,3.0,3.0,101.0,3,610.0
Super built-up  Area,Bommasandra,1015.0,2.0,2.0,40.0,2,507.5
Super built-up  Area,Raja Rajeshwari Nagar,1120.0,2.0,2.0,37.95,2,560.0
Super built-up  Area,Hoodi,706.0,1.0,1.0,48.24,1,706.0
Plot  Area,Kanakpura Road,1900.0,3.0,3.0,99.0,3,633.3333333333334
Super built-up  Area,Bisuvanahalli,1075.0,2.0,2.0,42.0,3,358.3333333333333
Super built-up  Area,Kanakpura Road,1290.0,2.0,2.0,80.0,2,645.0
Super built-up  Area,Akshaya Nagar,1200.0,2.0,2.0,50.0,2,600.0
Built-up  Area,Hormavu,1150.0,2.0,2.0,53.11,2,575.0
Super built-up  Area,other,1730.0,3.0,3.0,140.0,3,576.6666666666666
Super built-up  Area,Budigere,1991.0,4.0,4.0,88.0,3,663.6666666666666
Super built-up  Area,Sarjapur  Road,1115.0,2.0,2.0,60.0,2,557.5
Super built-up  Area,Koramangala,1900.0,3.0,3.0,150.0,3,633.3333333333334
Super built-up  Area,Whitefield,1109.0,2.0,2.0,41.49,2,554.5
Super built-up  Area,9th Phase JP Nagar,1005.0,2.0,2.0,43.0,2,502.5
Super built-up  Area,Kengeri,416.0,1.0,1.0,19.5,1,416.0
Super built-up  Area,1st Phase JP Nagar,1394.0,2.0,2.0,100.0,2,697.0
Super built-up  Area,Harlur,2138.0,3.0,3.0,110.0,3,712.6666666666666
Built-up  Area,other,1550.0,3.0,3.0,160.0,3,516.6666666666666
Super built-up  Area,other,1300.0,3.0,3.0,80.0,3,433.3333333333333
Super built-up  Area,Thanisandra,1265.0,2.0,2.0,82.0,2,632.5
Carpet  Area,other,1050.0,2.0,2.0,40.0,2,525.0
Super built-up  Area,Varthur,1012.0,2.0,2.0,59.0,2,506.0
Plot  Area,Varthur,1600.0,4.0,4.0,112.0,4,400.0
Super built-up  Area,Yelahanka,1326.0,2.0,2.0,57.0,2,663.0
Super built-up  Area,Whitefield,1700.0,3.0,3.0,95.0,3,566.6666666666666
Carpet  Area,Bhoganhalli,910.2,2.0,2.0,80.64,2,455.1
Super built-up  Area,Marathahalli,615.0,1.0,1.0,44.0,1,615.0
Super built-up  Area,Haralur Road,575.0,1.0,1.0,88.0,1,575.0
Super built-up  Area,Electronic City,1025.0,2.0,2.0,54.1,2,512.5
Built-up  Area,other,1758.0,3.0,3.0,95.0,3,586.0
Super built-up  Area,other,1342.0,3.0,3.0,92.0,3,447.3333333333333
Super built-up  Area,Kalyan nagar,1800.0,3.0,3.0,85.0,3,600.0
Super built-up  Area,Raja Rajeshwari Nagar,1608.0,2.0,2.0,85.0,2,804.0
Super built-up  Area,Ramamurthy Nagar,1410.0,2.0,2.0,56.4,3,470.0
Super built-up  Area,other,909.0,2.0,2.0,40.0,3,303.0
Super built-up  Area,Kalyan nagar,1080.0,2.0,2.0,73.0,2,540.0
Super built-up  Area,Akshaya Nagar,1092.0,2.0,2.0,60.0,2,546.0
Super built-up  Area,Jalahalli,1932.0,4.0,4.0,135.0,3,644.0
Super built-up  Area,KR Puram,1156.0,2.0,2.0,72.0,2,578.0
Super built-up  Area,Thubarahalli,1330.0,2.0,2.0,75.0,2,665.0
Super built-up  Area,Thanisandra,1917.0,4.0,4.0,113.0,3,639.0
Super built-up  Area,Chandapura,985.0,2.0,2.0,25.12,2,492.5
Super built-up  Area,Bellandur,1785.0,3.0,3.0,118.0,3,595.0
Super built-up  Area,Hebbal,1645.0,3.0,3.0,120.0,3,548.3333333333334
Super built-up  Area,Gottigere,1235.0,2.0,2.0,63.0,2,617.5
Super built-up  Area,Thanisandra,662.0,1.0,1.0,42.0,1,662.0
Super built-up  Area,Whitefield,1215.0,2.0,2.0,62.0,2,607.5
Super built-up  Area,Sarjapur  Road,1525.0,2.0,2.0,87.0,3,508.3333333333333
Built-up  Area,other,1000.0,2.0,2.0,48.0,2,500.0
Super built-up  Area,Hebbal,1255.0,2.0,2.0,90.0,3,418.3333333333333
Super built-up  Area,Mysore Road,1560.0,3.0,3.0,120.0,3,520.0
Super built-up  Area,Kodichikkanahalli,1620.0,2.0,2.0,85.0,3,540.0
Super built-up  Area,Marathahalli,1595.0,3.0,3.0,90.0,3,531.6666666666666
Built-up  Area,9th Phase JP Nagar,835.0,2.0,2.0,37.0,2,417.5
Super built-up  Area,Hennur Road,2182.0,3.0,3.0,72.04,3,727.3333333333334
Super built-up  Area,BTM 2nd Stage,1070.0,2.0,2.0,48.0,2,535.0
Super built-up  Area,Electronics City Phase 1,755.0,1.0,1.0,42.41,1,755.0
Built-up  Area,Electronics City Phase 1,919.0,2.0,2.0,28.0,2,459.5
Super built-up  Area,Bannerghatta Road,1725.0,3.0,3.0,110.0,3,575.0
Super built-up  Area,Sarjapur  Road,1346.0,2.0,2.0,71.32,2,673.0
Built-up  Area,Electronic City Phase II,1070.0,2.0,2.0,45.0,2,535.0
Super built-up  Area,Begur Road,1225.0,2.0,2.0,35.52,2,612.5
Built-up  Area,Neeladri Nagar,640.0,1.0,1.0,20.5,1,640.0
Super built-up  Area,other,1645.0,3.0,3.0,87.5,3,548.3333333333334
Super built-up  Area,Marathahalli,1350.0,2.0,2.0,89.0,2,675.0
Super built-up  Area,Vittasandra,1404.0,2.0,2.0,68.8,2,702.0
Super built-up  Area,Electronic City,1105.0,2.0,2.0,35.0,3,368.3333333333333
Super built-up  Area,Kanakpura Road,900.0,2.0,2.0,41.0,2,450.0
Super built-up  Area,Thanisandra,1948.0,3.0,3.0,130.0,3,649.3333333333334
Super built-up  Area,other,1252.0,2.0,2.0,55.0,2,626.0
Super built-up  Area,7th Phase JP Nagar,1300.0,3.0,3.0,89.13,3,433.3333333333333
Super built-up  Area,7th Phase JP Nagar,1130.0,2.0,2.0,73.0,2,565.0
Built-up  Area,Thanisandra,1690.0,3.0,3.0,125.0,3,563.3333333333334
Super built-up  Area,Marathahalli,1020.0,2.0,2.0,57.0,2,510.0
Built-up  Area,Sarjapur  Road,915.0,2.0,2.0,37.0,2,457.5
Super built-up  Area,other,1450.0,3.0,3.0,68.0,3,483.3333333333333
Super built-up  Area,Thigalarapalya,2215.0,4.0,4.0,156.0,3,738.3333333333334
Super built-up  Area,Marathahalli,1600.0,3.0,3.0,88.0,2,800.0
Super built-up  Area,Uttarahalli,1280.0,2.0,2.0,75.0,2,640.0
Super built-up  Area,Hebbal,1255.0,3.0,3.0,77.68,3,418.3333333333333
Super built-up  Area,Koramangala,1320.0,2.0,2.0,150.0,2,660.0
Super built-up  Area,Hoodi,1257.0,2.0,2.0,69.0,2,628.5
Super built-up  Area,Raja Rajeshwari Nagar,1240.0,2.0,2.0,53.27,2,620.0
Super built-up  Area,Hulimavu,1255.0,2.0,2.0,66.0,2,627.5
Super built-up  Area,Tumkur Road,1789.0,3.0,3.0,98.0,3,596.3333333333334
Super built-up  Area,Electronic City,660.0,1.0,1.0,18.0,2,330.0
Super built-up  Area,other,1155.0,2.0,2.0,56.0,2,577.5
Super built-up  Area,other,1235.0,2.0,2.0,65.0,2,617.5
Super built-up  Area,CV Raman Nagar,1025.0,2.0,2.0,50.0,2,512.5
Built-up  Area,Raja Rajeshwari Nagar,1395.0,2.0,2.0,72.0,3,465.0
Super built-up  Area,Dodda Nekkundi,1252.0,2.0,2.0,71.0,3,417.3333333333333
Super built-up  Area,Hennur Road,1081.0,2.0,2.0,30.27,2,540.5
Super built-up  Area,Haralur Road,1255.0,3.0,3.0,130.0,3,418.3333333333333
Super built-up  Area,Ardendale,2062.0,3.0,3.0,150.0,4,515.5
Super built-up  Area,Choodasandra,1220.0,3.0,3.0,56.0,3,406.6666666666667
Super built-up  Area,Bisuvanahalli,1180.0,2.0,2.0,60.0,3,393.3333333333333
Super built-up  Area,Sarjapur  Road,715.0,1.0,1.0,29.0,1,715.0
Super built-up  Area,Sarjapur  Road,1230.0,2.0,2.0,94.5,2,615.0
Super built-up  Area,Kaggadasapura,1035.0,2.0,2.0,45.5,2,517.5
Super built-up  Area,other,1300.0,3.0,3.0,77.99,3,433.3333333333333
Super built-up  Area,Kanakpura Road,1100.0,3.0,3.0,52.97,3,366.6666666666667
Super built-up  Area,Whitefield,1216.0,2.0,2.0,84.0,2,608.0
Super built-up  Area,other,705.0,1.0,1.0,57.0,1,705.0
Super built-up  Area,Gottigere,1385.0,3.0,3.0,64.0,3,461.6666666666667
Super built-up  Area,Electronic City Phase II,1310.0,2.0,2.0,32.75,3,436.6666666666667
Built-up  Area,Sarjapur  Road,1043.0,2.0,2.0,39.5,2,521.5
Super built-up  Area,Koramangala,1320.0,2.0,2.0,110.0,2,660.0
Super built-up  Area,Varthur,1140.0,2.0,2.0,39.9,2,570.0
Built-up  Area,Kadugodi,1100.0,2.0,2.0,45.0,2,550.0
Super built-up  Area,Hebbal,1586.0,3.0,3.0,90.0,3,528.6666666666666
Built-up  Area,other,1365.0,3.0,3.0,60.0,2,682.5
Super built-up  Area,Rajaji Nagar,1263.0,2.0,2.0,107.0,2,631.5
Super built-up  Area,Begur Road,1565.0,2.0,2.0,59.76,3,521.6666666666666
Plot  Area,Karuna Nagar,1163.0,3.0,3.0,180.0,3,387.6666666666667
Built-up  Area,Sarjapur  Road,1750.0,3.0,3.0,99.0,3,583.3333333333334
Super built-up  Area,Kudlu,1143.0,2.0,2.0,55.0,2,571.5
Super built-up  Area,Hennur Road,1936.0,3.0,3.0,118.0,3,645.3333333333334
Super built-up  Area,Electronic City,660.0,1.0,1.0,15.0,2,330.0
Super built-up  Area,Chandapura,700.0,1.0,1.0,19.0,2,350.0
Super built-up  Area,Electronic City,1000.0,2.0,2.0,41.0,2,500.0
Super built-up  Area,Gottigere,1000.0,2.0,2.0,35.0,2,500.0
Super built-up  Area,Kengeri Satellite Town,818.0,2.0,2.0,26.0,2,409.0
Built-up  Area,Bommenahalli,1680.0,3.0,3.0,135.0,4,420.0
Super built-up  Area,Indira Nagar,1145.0,2.0,2.0,100.0,2,572.5
Super built-up  Area,Sarjapur  Road,1145.0,2.0,2.0,62.0,2,572.5
Super built-up  Area,Kanakpura Road,700.0,2.0,2.0,34.98,2,350.0
Built-up  Area,Bannerghatta Road,950.0,2.0,2.0,38.0,2,475.0
Super built-up  Area,Thubarahalli,1085.0,2.0,2.0,70.0,2,542.5
Super built-up  Area,Raja Rajeshwari Nagar,1165.0,2.0,2.0,45.0,2,582.5
Built-up  Area,Bommasandra,1000.0,2.0,2.0,35.0,2,500.0
Super built-up  Area,Horamavu Agara,1169.0,2.0,2.0,64.0,2,584.5
Super built-up  Area,Whitefield,1840.0,3.0,3.0,140.0,3,613.3333333333334
Built-up  Area,other,1550.0,3.0,3.0,75.0,3,516.6666666666666
Built-up  Area,Gunjur,1457.0,2.0,2.0,60.0,2,728.5
Plot  Area,Sarjapur  Road,1500.0,3.0,3.0,88.0,3,500.0
Built-up  Area,Lakshminarayana Pura,1165.0,2.0,2.0,75.0,2,582.5
Super built-up  Area,Thanisandra,1430.0,2.0,2.0,54.11,3,476.6666666666667
Super built-up  Area,Electronic City,1500.0,2.0,2.0,78.0,3,500.0
Super built-up  Area,Marathahalli,780.0,1.0,1.0,55.0,1,780.0
Built-up  Area,Bannerghatta Road,1220.0,2.0,2.0,80.0,2,610.0
Super built-up  Area,Kanakpura Road,1110.0,2.0,2.0,43.0,2,555.0
Super built-up  Area,Bannerghatta Road,1130.0,2.0,2.0,78.0,2,565.0
Super built-up  Area,Electronic City,1213.0,2.0,2.0,59.32,2,606.5
Super built-up  Area,Kengeri,900.0,2.0,2.0,45.0,2,450.0
Super built-up  Area,Panathur,1199.0,2.0,2.0,85.0,2,599.5
Super built-up  Area,Bhoganhalli,2072.5,2.6926096474673513,2.6926096474673513,111.0,4,518.125
Super built-up  Area,Uttarahalli,661.0,1.0,1.0,36.0,1,661.0
Super built-up  Area,Marathahalli,1710.0,3.0,3.0,100.0,3,570.0
Built-up  Area,Kengeri Satellite Town,1030.0,2.0,2.0,50.0,2,515.0
Super built-up  Area,Green Glen Layout,1751.0,2.0,2.0,115.0,3,583.6666666666666
Built-up  Area,other,800.0,1.0,1.0,170.0,2,400.0
Super built-up  Area,Panathur,1255.0,2.0,2.0,79.0,2,627.5
Super built-up  Area,Whitefield,1778.0,3.0,3.0,122.0,3,592.6666666666666
Super built-up  Area,other,1100.0,2.0,2.0,45.0,2,550.0
Super built-up  Area,Hennur Road,1480.0,2.0,2.0,65.0,2,740.0
Super built-up  Area,Marathahalli,1358.0,2.0,2.0,81.0,2,679.0
Built-up  Area,Electronics City Phase 1,580.0,1.0,1.0,27.0,1,580.0
Super built-up  Area,Choodasandra,1197.0,2.0,2.0,63.0,2,598.5
Super built-up  Area,Lingadheeranahalli,1705.0,3.0,3.0,110.0,3,568.3333333333334
Built-up  Area,Electronic City Phase II,1310.0,2.0,2.0,37.83,3,436.6666666666667
Super built-up  Area,Hoodi,1132.0,2.0,2.0,67.9,2,566.0
Super built-up  Area,Electronic City,1575.0,3.0,3.0,90.0,3,525.0
Super built-up  Area,other,1302.0,2.0,2.0,66.0,2,651.0
Built-up  Area,other,435.0,1.0,1.0,19.5,1,435.0
Super built-up  Area,other,1590.0,3.0,3.0,120.0,3,530.0
Built-up  Area,Electronic City Phase II,1140.0,2.0,2.0,33.06,2,570.0
Super built-up  Area,Kasavanhalli,1090.0,2.0,2.0,59.8,2,545.0
Super built-up  Area,Thanisandra,1922.0,3.0,3.0,106.0,3,640.6666666666666
Super built-up  Area,Thanisandra,965.0,2.0,2.0,67.0,2,482.5
Super built-up  Area,Electronic City Phase II,1089.0,2.0,2.0,32.67,2,544.5
Super built-up  Area,other,1358.0,2.0,2.0,43.1,3,452.6666666666667
Super built-up  Area,Hoodi,1108.0,2.0,2.0,87.0,2,554.0
Super built-up  Area,Sarjapur  Road,1190.0,2.0,2.0,50.0,2,595.0
Super built-up  Area,Vijayanagar,1749.0,3.0,3.0,117.0,3,583.0
Built-up  Area,Electronic City,1449.0,3.0,3.0,100.0,3,483.0
Super built-up  Area,Bommanahalli,1625.0,2.6926096474673513,2.6926096474673513,87.72,3,541.6666666666666
Built-up  Area,Whitefield,1400.0,2.0,2.0,80.0,2,700.0
Super built-up  Area,Green Glen Layout,1750.0,3.0,3.0,130.0,3,583.3333333333334
Super built-up  Area,7th Phase JP Nagar,1450.0,3.0,3.0,100.0,3,483.3333333333333
Super built-up  Area,Haralur Road,1810.0,3.0,3.0,126.0,3,603.3333333333334
Super built-up  Area,Vittasandra,1246.0,2.0,2.0,62.3,2,623.0
Super built-up  Area,Brookefield,1420.0,3.0,3.0,85.0,3,473.3333333333333
Built-up  Area,Talaghattapura,2254.0,3.0,3.0,170.0,3,751.3333333333334
Super built-up  Area,Kadugodi,1711.0,3.0,3.0,75.0,3,570.3333333333334
Super built-up  Area,Raja Rajeshwari Nagar,1120.0,2.0,2.0,37.97,2,560.0
Super built-up  Area,Kaggalipura,950.0,2.0,2.0,47.0,2,475.0
Built-up  Area,other,1560.0,2.0,2.0,145.0,2,780.0
Built-up  Area,other,1340.0,2.0,2.0,77.0,2,670.0
Super built-up  Area,Sarjapur  Road,1846.0,3.0,3.0,145.0,3,615.3333333333334
Super built-up  Area,Balagere,1205.0,2.0,2.0,70.0,2,602.5
Super built-up  Area,Thanisandra,1140.0,2.0,2.0,36.0,2,570.0
Super built-up  Area,Raja Rajeshwari Nagar,1140.0,2.0,2.0,38.65,2,570.0
Super built-up  Area,other,1300.0,2.0,2.0,63.0,3,433.3333333333333
Super built-up  Area,Bellandur,1051.0,2.0,2.0,60.0,2,525.5
Built-up  Area,other,1135.0,2.0,2.0,32.91,2,567.5
Super built-up  Area,other,1665.0,3.0,3.0,105.0,3,555.0
Super built-up  Area,other,1220.0,2.0,2.0,48.79,2,610.0
Super built-up  Area,Ambalipura,1351.0,2.0,2.0,77.0,2,675.5
Super built-up  Area,Hebbal,1636.0,3.0,3.0,119.0,3,545.3333333333334
Built-up  Area,Attibele,418.0,1.0,1.0,12.0,1,418.0
Built-up  Area,Kanakpura Road,1339.0,2.0,2.0,62.0,2,669.5
Super built-up  Area,other,1100.0,2.0,2.0,46.0,2,550.0
Super built-up  Area,Marathahalli,1290.0,2.0,2.0,52.0,2,645.0
Super built-up  Area,Sarjapur  Road,1846.0,3.0,3.0,155.0,3,615.3333333333334
Super built-up  Area,Hegde Nagar,1847.0,3.0,3.0,135.0,3,615.6666666666666
Super built-up  Area,Hoodi,1430.0,2.0,2.0,110.0,2,715.0
Super built-up  Area,Hennur Road,1590.0,3.0,3.0,96.5,3,530.0
Plot  Area,Bommenahalli,1632.0,3.0,3.0,128.0,4,408.0
Super built-up  Area,Ramamurthy Nagar,1000.0,2.0,2.0,41.0,3,333.3333333333333
Super built-up  Area,other,1065.0,2.0,2.0,58.0,2,532.5
Super built-up  Area,Haralur Road,1520.0,2.0,2.0,96.0,3,506.6666666666667
Super built-up  Area,Bisuvanahalli,1075.0,2.0,2.0,43.0,3,358.3333333333333
Built-up  Area,Gubbalala,1539.0,2.0,2.0,52.36,3,513.0
Super built-up  Area,other,1342.0,2.0,2.0,115.0,2,671.0
Super built-up  Area,other,1004.0,2.0,2.0,49.0,2,502.0
Super built-up  Area,Ramagondanahalli,1295.0,2.0,2.0,95.0,2,647.5
Super built-up  Area,Thanisandra,1098.0,2.0,2.0,74.0,2,549.0
Built-up  Area,Bellandur,1450.0,3.0,3.0,68.0,3,483.3333333333333
Super built-up  Area,Yelahanka,654.0,1.0,1.0,37.0,1,654.0
Super built-up  Area,Vijayanagar,1046.0,2.0,2.0,75.0,2,523.0
Super built-up  Area,Domlur,1950.0,3.0,3.0,165.0,3,650.0
Super built-up  Area,Bhoganhalli,1610.0,3.0,3.0,84.53,3,536.6666666666666
Super built-up  Area,Ramagondanahalli,1151.0,2.0,2.0,50.5,2,575.5
Super built-up  Area,Electronic City,1125.0,2.0,2.0,58.0,2,562.5
Super built-up  Area,Bommanahalli,1850.0,3.0,3.0,90.0,3,616.6666666666666
Super built-up  Area,Harlur,1174.0,2.0,2.0,75.0,2,587.0
Super built-up  Area,Kadugodi,1314.0,2.0,2.0,78.0,2,657.0
Super built-up  Area,Kaggadasapura,1010.0,2.0,2.0,55.0,2,505.0
Super built-up  Area,Haralur Road,1520.0,2.0,2.0,125.0,3,506.6666666666667
Super built-up  Area,Sarjapur  Road,1067.0,2.0,2.0,60.0,2,533.5
Super built-up  Area,Bommasandra,955.0,2.0,2.0,35.28,2,477.5
Super built-up  Area,Kanakpura Road,1366.0,2.0,2.0,83.0,2,683.0
Built-up  Area,Electronic City,1090.0,2.0,2.0,35.03,2,545.0
Built-up  Area,Jigani,1250.0,3.0,3.0,58.0,3,416.6666666666667
Super built-up  Area,Indira Nagar,1470.0,2.0,2.0,170.0,2,735.0
Built-up  Area,Hennur Road,1445.0,2.0,2.0,105.0,3,481.6666666666667
Super built-up  Area,Vijayanagar,606.0,1.0,1.0,40.0,1,606.0
Super built-up  Area,Marathahalli,1205.0,2.0,2.0,75.0,2,602.5
Super built-up  Area,Vijayanagar,1200.0,2.0,2.0,62.0,2,600.0
Built-up  Area,other,1450.0,3.0,3.0,42.0,3,483.3333333333333
Super built-up  Area,Budigere,1139.0,2.0,2.0,60.0,2,569.5
Super built-up  Area,Green Glen Layout,1530.0,3.0,3.0,105.0,3,510.0
Super built-up  Area,Electronic City,1575.0,3.0,3.0,101.0,3,525.0
Super built-up  Area,Whitefield,650.0,1.0,1.0,25.0,1,650.0
Super built-up  Area,Akshaya Nagar,1700.0,3.0,3.0,80.0,3,566.6666666666666
Super built-up  Area,Varthur,1090.0,2.0,2.0,48.0,2,545.0
Plot  Area,other,1200.0,3.0,3.0,72.0,3,400.0
Super built-up  Area,Thanisandra,1437.0,2.0,2.0,71.13,2,718.5
Super built-up  Area,Hennur Road,1036.0,2.0,2.0,59.45,2,518.0
Super built-up  Area,other,1125.0,2.0,2.0,40.0,2,562.5
Super built-up  Area,Electronic City,660.0,1.0,1.0,16.0,2,330.0
Super built-up  Area,Talaghattapura,1804.0,3.0,3.0,115.0,3,601.3333333333334
Super built-up  Area,Thanisandra,1795.0,3.0,3.0,140.0,3,598.3333333333334
Super built-up  Area,7th Phase JP Nagar,1050.0,2.0,2.0,50.0,2,525.0
Super built-up  Area,Dasarahalli,2100.0,3.0,3.0,120.0,3,700.0
Built-up  Area,Electronics City Phase 1,940.0,2.0,2.0,49.0,2,470.0
Built-up  Area,BTM 2nd Stage,1280.0,2.0,2.0,80.0,2,640.0
Super built-up  Area,Whitefield,2155.0,3.0,3.0,125.0,4,538.75
Super built-up  Area,Hebbal,1255.0,2.0,2.0,95.0,3,418.3333333333333
Super built-up  Area,other,1388.0,3.0,3.0,69.99,3,462.6666666666667
Built-up  Area,other,905.0,1.0,1.0,52.0,1,905.0
Super built-up  Area,other,1176.0,2.0,2.0,44.0,2,588.0
Super built-up  Area,Uttarahalli,1390.0,2.0,2.0,61.16,3,463.3333333333333
Super built-up  Area,Marathahalli,1583.0,3.0,3.0,115.0,3,527.6666666666666
Super built-up  Area,Jigani,1252.0,3.0,3.0,63.0,3,417.3333333333333
Super built-up  Area,Gottigere,1075.0,2.0,2.0,30.0,2,537.5
Super built-up  Area,Bannerghatta Road,1486.0,3.0,3.0,83.22,3,495.3333333333333
Carpet  Area,other,1103.0,2.0,2.0,55.0,2,551.5
Super built-up  Area,other,1577.0,3.0,3.0,67.0,3,525.6666666666666
Built-up  Area,Yelahanka,1465.0,3.0,3.0,80.01,3,488.3333333333333
Built-up  Area,other,1600.0,3.0,3.0,64.0,3,533.3333333333334
Built-up  Area,Uttarahalli,1090.0,2.0,2.0,45.0,2,545.0
Super built-up  Area,Yelahanka,1721.0,3.0,3.0,80.86,3,573.6666666666666
Super built-up  Area,Varthur,1450.0,3.0,3.0,71.0,3,483.3333333333333
Super built-up  Area,Battarahalli,1071.0,2.0,2.0,62.0,2,535.5
Super built-up  Area,other,2065.0,3.0,3.0,130.0,3,688.3333333333334
Built-up  Area,Kanakpura Road,1800.0,3.0,3.0,90.0,3,600.0
Super built-up  Area,Hormavu,1123.0,2.0,2.0,56.0,2,561.5
Super built-up  Area,Akshaya Nagar,1884.0,3.0,3.0,98.0,3,628.0
Super built-up  Area,Lakshminarayana Pura,1145.0,2.0,2.0,75.0,2,572.5
Super built-up  Area,Hebbal,1328.0,2.0,2.0,60.0,3,442.6666666666667
Super built-up  Area,Subramanyapura,950.0,2.0,2.0,55.0,2,475.0
Super built-up  Area,other,1250.0,2.0,2.0,59.0,2,625.0
Built-up  Area,other,1115.0,2.0,2.0,46.0,2,557.5
Super built-up  Area,Gollarapalya Hosahalli,1318.0,3.0,3.0,54.0,3,439.3333333333333
Super built-up  Area,Uttarahalli,1235.0,2.0,2.0,90.0,2,617.5
Plot  Area,Yeshwanthpur,1200.0,2.0,2.0,63.0,2,600.0
Super built-up  Area,Thanisandra,1146.0,2.0,2.0,38.0,2,573.0
Super built-up  Area,Mysore Road,1070.0,2.0,2.0,49.65,2,535.0
Built-up  Area,Begur Road,1400.0,2.0,2.0,50.06,3,466.6666666666667
Super built-up  Area,Uttarahalli,1123.0,2.0,2.0,48.0,2,561.5
Built-up  Area,Kengeri,787.0,2.0,2.0,31.0,2,393.5
Super built-up  Area,Kambipura,1082.0,2.0,2.0,45.0,3,360.6666666666667
Carpet  Area,other,1130.0,2.0,2.0,52.0,2,565.0
Built-up  Area,Hebbal,1269.0,2.0,2.0,73.0,3,423.0
Super built-up  Area,Hennur Road,1976.0,3.0,3.0,65.21,3,658.6666666666666
Super built-up  Area,Kothanur,1820.0,3.0,3.0,77.0,3,606.6666666666666
Super built-up  Area,Uttarahalli,1329.0,2.0,2.0,56.0,3,443.0
Super built-up  Area,Kanakpura Road,1339.0,2.0,2.0,71.5,2,669.5
Built-up  Area,BTM 2nd Stage,1100.0,2.0,2.0,70.0,2,550.0
Built-up  Area,Whitefield,810.0,1.0,1.0,21.0,1,810.0
Super built-up  Area,other,1100.0,2.0,2.0,85.0,2,550.0
Super built-up  Area,Rachenahalli,680.0,1.0,1.0,32.64,1,680.0
Super built-up  Area,Hoodi,1925.0,3.0,3.0,110.0,3,641.6666666666666
Built-up  Area,Begur,1475.0,2.0,2.0,74.0,3,491.6666666666667
Super built-up  Area,Haralur Road,1300.0,2.0,2.0,75.0,2,650.0
Super built-up  Area,other,1559.0,3.0,3.0,120.0,3,519.6666666666666
Super built-up  Area,Begur Road,1410.0,2.0,2.0,53.58,3,470.0
Super built-up  Area,Channasandra,1104.0,2.0,2.0,35.5,2,552.0
Built-up  Area,other,1550.0,2.0,2.0,79.0,3,516.6666666666666
Super built-up  Area,Kanakpura Road,670.0,1.0,1.0,35.0,1,670.0
Super built-up  Area,Jakkur,1483.0,2.0,2.0,98.0,2,741.5
Super built-up  Area,other,1540.0,2.0,2.0,70.0,3,513.3333333333334
Super built-up  Area,Bannerghatta Road,1460.0,2.0,2.0,75.0,3,486.6666666666667
Super built-up  Area,other,1230.0,2.0,2.0,58.0,2,615.0
Built-up  Area,Kanakpura Road,1340.0,2.0,2.0,60.0,2,670.0
Super built-up  Area,Electronic City,919.0,2.0,2.0,40.0,2,459.5
Super built-up  Area,Hosur Road,1733.0,2.0,2.0,85.0,3,577.6666666666666
Super built-up  Area,Jigani,1221.0,3.0,3.0,72.0,3,407.0
Built-up  Area,Nagarbhavi,710.0,2.0,2.0,40.0,1,710.0
Super built-up  Area,Electronic City,1500.0,2.0,2.0,78.25,3,500.0
Super built-up  Area,Akshaya Nagar,2061.0,3.0,3.0,175.0,3,687.0
Super built-up  Area,Balagere,1210.0,2.0,2.0,74.0,2,605.0
Super built-up  Area,other,950.0,2.0,2.0,40.0,2,475.0
Super built-up  Area,Raja Rajeshwari Nagar,1303.0,2.0,2.0,44.17,2,651.5
Super built-up  Area,Thigalarapalya,1418.0,2.0,2.0,105.0,2,709.0
Built-up  Area,Bannerghatta Road,1015.0,2.0,2.0,48.0,2,507.5
Super built-up  Area,other,1010.0,2.0,2.0,40.0,2,505.0
Super built-up  Area,other,1508.0,3.0,3.0,75.0,3,502.6666666666667
Super built-up  Area,7th Phase JP Nagar,1275.0,2.0,2.0,87.0,2,637.5
Built-up  Area,7th Phase JP Nagar,1460.0,3.0,3.0,70.0,3,486.6666666666667
Super built-up  Area,other,1110.0,2.0,2.0,58.0,2,555.0
Super built-up  Area,Hennur Road,1832.0,3.0,3.0,125.0,3,610.6666666666666
Super built-up  Area,Hebbal,1088.0,2.0,2.0,61.45,2,544.0
Super built-up  Area,Thanisandra,1564.0,3.0,3.0,104.0,3,521.3333333333334
Super built-up  Area,Kadugodi,1030.0,2.0,2.0,35.02,2,515.0
Super built-up  Area,Sarjapur  Road,1700.0,3.0,3.0,95.0,3,566.6666666666666
Super built-up  Area,other,999.0,2.0,2.0,43.66,2,499.5
Super built-up  Area,Kanakpura Road,1300.0,2.0,2.0,89.76,2,650.0
Super built-up  Area,other,1265.0,2.0,2.0,78.0,2,632.5
Super built-up  Area,Bhoganhalli,1974.0,4.0,4.0,106.0,4,493.5
Super built-up  Area,other,1180.0,2.0,2.0,40.0,2,590.0
Super built-up  Area,Kodichikkanahalli,1560.0,2.0,2.0,65.0,3,520.0
Super built-up  Area,Hosakerehalli,1085.0,2.0,2.0,41.23,2,542.5
Super built-up  Area,Vijayanagar,1300.0,2.0,2.0,75.0,3,433.3333333333333
Super built-up  Area,Marathahalli,1600.0,3.0,3.0,56.0,3,533.3333333333334
Super built-up  Area,Kengeri Satellite Town,795.0,2.0,2.0,32.0,2,397.5
Super built-up  Area,Uttarahalli,1345.0,2.0,2.0,47.0,3,448.3333333333333
Super built-up  Area,Kanakpura Road,1706.0,3.0,3.0,135.0,3,568.6666666666666
Super built-up  Area,Yelahanka,2100.0,4.0,4.0,180.0,4,525.0
Built-up  Area,Kanakpura Road,1260.0,3.0,3.0,63.58,3,420.0
Super built-up  Area,Abbigere,1260.0,2.0,2.0,45.0,3,420.0
Super built-up  Area,Jalahalli,1045.0,2.0,2.0,58.0,2,522.5
Super built-up  Area,other,412.5,1.0,1.0,19.8,1,412.5
Super built-up  Area,Kudlu Gate,1113.0,2.0,2.0,50.0,2,556.5
Built-up  Area,Varthur,1210.0,2.0,2.0,60.0,2,605.0
Super built-up  Area,Kanakpura Road,1155.0,2.0,2.0,55.5,2,577.5
Super built-up  Area,Hoodi,1132.0,2.0,2.0,89.0,2,566.0
Super built-up  Area,Hennur Road,1359.0,2.0,2.0,104.0,2,679.5
Built-up  Area,5th Phase JP Nagar,600.0,1.0,1.0,30.0,1,600.0
Super built-up  Area,HSR Layout,1009.0,2.0,2.0,56.0,2,504.5
Super built-up  Area,Yelahanka,1226.0,2.0,2.0,52.71,2,613.0
Super built-up  Area,Electronic City,1363.0,2.0,2.0,79.0,2,681.5
Super built-up  Area,other,1060.0,2.0,2.0,42.0,2,530.0
Built-up  Area,Marathahalli,1200.0,2.0,2.0,67.0,2,600.0
Built-up  Area,other,1495.0,2.0,2.0,75.0,3,498.3333333333333
Built-up  Area,Rajaji Nagar,1440.0,2.0,2.0,170.0,2,720.0
Super built-up  Area,Kasavanhalli,1545.0,3.0,3.0,69.0,3,515.0
Built-up  Area,Kengeri,1470.0,3.0,3.0,50.0,3,490.0
Built-up  Area,other,1450.0,2.0,2.0,81.0,3,483.3333333333333
Super built-up  Area,7th Phase JP Nagar,1650.0,3.0,3.0,110.0,3,550.0
Super built-up  Area,Chandapura,1095.0,2.0,2.0,32.0,3,365.0
Super built-up  Area,other,1143.0,2.0,2.0,62.0,2,571.5
Super built-up  Area,Hebbal,1349.0,2.0,2.0,97.8,2,674.5
Built-up  Area,other,1280.0,2.0,2.0,45.0,3,426.6666666666667
Super built-up  Area,Whitefield,1216.0,2.0,2.0,69.06,2,608.0
Super built-up  Area,Malleshwaram,1290.0,2.0,2.0,120.0,2,645.0
Super built-up  Area,Electronic City,1156.0,2.0,2.0,42.0,2,578.0
Super built-up  Area,Thanisandra,1230.0,2.0,2.0,44.0,2,615.0
Super built-up  Area,other,1070.0,2.0,2.0,33.15,2,535.0
Super built-up  Area,Ramagondanahalli,1235.0,2.0,2.0,49.3,2,617.5
Built-up  Area,other,1117.0,2.0,2.0,110.0,2,558.5
Super built-up  Area,Kundalahalli,1724.0,3.0,3.0,124.0,3,574.6666666666666
Super built-up  Area,other,600.0,1.0,1.0,43.0,1,600.0
Super built-up  Area,KR Puram,1930.0,2.0,2.0,57.9,3,643.3333333333334
Super built-up  Area,Whitefield,1216.0,2.0,2.0,75.0,2,608.0
Built-up  Area,KR Puram,1452.0,3.0,3.0,60.0,3,484.0
Super built-up  Area,Whitefield,1355.0,2.0,2.0,78.0,2,677.5
Super built-up  Area,Bommanahalli,957.0,2.0,2.0,53.0,2,478.5
Super built-up  Area,Bellandur,1550.0,2.0,2.0,59.0,2,775.0
Super built-up  Area,Bannerghatta Road,1115.0,2.0,2.0,61.0,2,557.5
Super built-up  Area,Yelahanka,1692.0,3.0,3.0,83.0,3,564.0
Super built-up  Area,Hormavu,1385.0,2.0,2.0,69.0,3,461.6666666666667
Super built-up  Area,Hosa Road,760.0,1.0,1.0,24.9,1,760.0
Super built-up  Area,Electronics City Phase 1,1335.0,2.0,2.0,67.0,2,667.5
Super built-up  Area,Bommanahalli,910.0,2.0,2.0,45.0,2,455.0
Super built-up  Area,Kanakpura Road,1610.0,2.0,2.0,55.0,3,536.6666666666666
Super built-up  Area,Hennur Road,1341.0,2.0,2.0,75.76,2,670.5
Super built-up  Area,Uttarahalli,1285.0,2.0,2.0,44.98,3,428.3333333333333
Super built-up  Area,Yeshwanthpur,1679.0,3.0,3.0,92.13,3,559.6666666666666
Super built-up  Area,8th Phase JP Nagar,500.0,1.0,1.0,31.0,1,500.0
Super built-up  Area,Whitefield,1255.0,2.0,2.0,77.0,2,627.5
Super built-up  Area,Hennur Road,1040.0,2.0,2.0,50.0,2,520.0
Super built-up  Area,other,1062.0,2.0,2.0,47.0,2,531.0
Super built-up  Area,other,805.5,2.0,2.0,19.33,2,402.75
Super built-up  Area,Hosur Road,950.0,2.0,2.0,60.0,2,475.0
Super built-up  Area,Whitefield,1216.0,2.0,2.0,73.0,2,608.0
Super built-up  Area,HSR Layout,1300.0,2.0,2.0,98.0,2,650.0
Super built-up  Area,Yelahanka,1033.0,2.0,2.0,52.58,2,516.5
Super built-up  Area,Yelahanka,1390.0,2.0,2.0,65.31,2,695.0
Super built-up  Area,Whitefield,709.0,1.0,1.0,34.735,1,709.0
Super built-up  Area,Whitefield,1140.0,2.0,2.0,45.0,2,570.0
Super built-up  Area,Yeshwanthpur,670.0,1.0,1.0,36.85,1,670.0
Super built-up  Area,Bhoganhalli,2171.0,4.0,4.0,111.0,4,542.75
Super built-up  Area,Bannerghatta Road,1136.0,2.0,2.0,48.0,2,568.0
Built-up  Area,other,1477.0,2.0,2.0,80.0,3,492.3333333333333
Super built-up  Area,Yelahanka,1040.0,2.0,2.0,48.86,2,520.0
Super built-up  Area,Varthur,1070.0,2.0,2.0,46.0,2,535.0
Built-up  Area,Electronic City Phase II,1253.0,2.0,2.0,65.8,2,626.5
Super built-up  Area,Whitefield,1190.0,2.0,2.0,60.0,2,595.0
Super built-up  Area,Whitefield,1312.0,2.0,2.0,55.0,2,656.0
Built-up  Area,KR Puram,750.0,2.0,2.0,40.0,2,375.0
Built-up  Area,Koramangala,1615.0,3.0,3.0,115.0,3,538.3333333333334
Super built-up  Area,Whitefield,1745.0,3.0,3.0,100.0,3,581.6666666666666
Super built-up  Area,Thanisandra,1220.0,2.0,2.0,44.6,2,610.0
Super built-up  Area,other,1793.0,3.0,3.0,98.0,3,597.6666666666666
Super built-up  Area,Yelahanka New Town,1385.0,2.0,2.0,65.0,2,692.5
Super built-up  Area,Haralur Road,2017.0,2.0,2.0,125.0,3,672.3333333333334
Super built-up  Area,other,960.0,2.0,2.0,33.0,2,480.0
Super built-up  Area,Uttarahalli,1125.0,2.0,2.0,47.0,2,562.5
Super built-up  Area,Akshaya Nagar,1551.0,2.0,2.0,60.0,3,517.0
Super built-up  Area,Marathahalli,1060.0,2.0,2.0,48.0,2,530.0
Super built-up  Area,Bharathi Nagar,1384.0,2.0,2.0,59.0,2,692.0
Super built-up  Area,other,620.0,2.0,2.0,23.0,2,310.0
Super built-up  Area,Bommasandra,1005.0,2.0,2.0,39.77,2,502.5
Super built-up  Area,Whitefield,1096.0,2.0,2.0,39.0,2,548.0
Super built-up  Area,Bellandur,1685.0,3.0,3.0,100.0,3,561.6666666666666
Super built-up  Area,Balagere,1210.0,2.0,2.0,83.0,2,605.0
Super built-up  Area,Kammasandra,1030.0,1.0,1.0,25.75,2,515.0
Super built-up  Area,Jakkur,1482.0,3.0,3.0,86.0,3,494.0
Super built-up  Area,Hebbal,1344.0,2.0,2.0,108.0,2,672.0
Super built-up  Area,Hosa Road,1532.0,3.0,3.0,98.13,3,510.6666666666667
Super built-up  Area,JP Nagar,1245.0,2.0,2.0,110.0,2,622.5
Super built-up  Area,Nagarbhavi,1212.0,2.0,2.0,50.0,2,606.0
Super built-up  Area,Ramagondanahalli,2257.0,3.0,3.0,159.0,3,752.3333333333334
Super built-up  Area,Gunjur,1080.0,2.0,2.0,41.0,2,540.0
Super built-up  Area,Varthur,1360.0,2.0,2.0,85.0,3,453.3333333333333
Super built-up  Area,Electronic City Phase II,1400.0,2.0,2.0,40.44,3,466.6666666666667
Super built-up  Area,KR Puram,1462.5,2.6926096474673513,2.6926096474673513,62.81,3,487.5
Super built-up  Area,Electronics City Phase 1,1175.0,2.0,2.0,69.0,2,587.5
Super built-up  Area,Raja Rajeshwari Nagar,1185.0,2.0,2.0,40.17,2,592.5
Super built-up  Area,other,2250.0,3.0,3.0,113.0,3,750.0
Super built-up  Area,Sarjapur  Road,1178.0,2.0,2.0,40.43,2,589.0
Super built-up  Area,Whitefield,825.0,1.0,1.0,44.9,1,825.0
Super built-up  Area,Electronics City Phase 1,1113.12,2.0,2.0,55.0,2,556.56
Super built-up  Area,Gottigere,1010.0,2.0,2.0,35.0,2,505.0
Super built-up  Area,Hosur Road,1194.0,2.0,2.0,71.64,2,597.0
Super built-up  Area,Electronic City,1108.0,2.0,2.0,67.15,2,554.0
Super built-up  Area,Kanakpura Road,700.0,2.0,2.0,34.99,2,350.0
Super built-up  Area,Tumkur Road,1250.0,2.0,2.0,33.0,2,625.0
Super built-up  Area,Raja Rajeshwari Nagar,1140.0,2.0,2.0,49.27,2,570.0
Super built-up  Area,other,985.0,2.0,2.0,55.0,2,492.5
Super built-up  Area,Bellandur,982.0,2.0,2.0,55.0,2,491.0
Built-up  Area,9th Phase JP Nagar,600.0,1.0,1.0,20.0,1,600.0
Super built-up  Area,Akshaya Nagar,1314.0,2.0,2.0,68.8,2,657.0
Super built-up  Area,1st Phase JP Nagar,1077.0,2.0,2.0,93.0,2,538.5
Built-up  Area,Chandapura,1891.0,2.6926096474673513,2.6926096474673513,66.165,4,472.75
Super built-up  Area,other,1643.0,3.0,3.0,75.0,3,547.6666666666666
Super built-up  Area,Abbigere,1020.0,2.0,2.0,41.82,2,510.0
Built-up  Area,other,1740.0,3.0,3.0,55.0,3,580.0
Built-up  Area,Thanisandra,1241.0,2.0,2.0,61.0,3,413.6666666666667
Super built-up  Area,Hennur,1041.0,2.0,2.0,40.6,2,520.5
Super built-up  Area,Bommanahalli,1050.0,2.0,2.0,46.0,2,525.0
Super built-up  Area,Kanakpura Road,1309.0,2.0,2.0,64.39,2,654.5
Super built-up  Area,Raja Rajeshwari Nagar,1430.0,2.0,2.0,50.0,3,476.6666666666667
Super built-up  Area,Old Madras Road,1065.0,2.0,2.0,47.86,2,532.5
Carpet  Area,Bhoganhalli,1548.3,4.0,4.0,129.0,4,387.075
Super built-up  Area,Hosa Road,1525.84,3.0,3.0,117.0,3,508.6133333333333
Super built-up  Area,Begur Road,1200.0,2.0,2.0,42.6,2,600.0
Super built-up  Area,other,1852.0,2.0,2.0,95.0,3,617.3333333333334
Built-up  Area,Jigani,918.0,2.0,2.0,49.0,2,459.0
Super built-up  Area,Whitefield,1227.0,2.0,2.0,53.49,2,613.5
Super built-up  Area,Panathur,1198.0,2.0,2.0,82.0,2,599.0
Super built-up  Area,other,797.0,2.0,2.0,32.0,2,398.5
Built-up  Area,other,1350.0,2.0,2.0,68.0,3,450.0
Super built-up  Area,Thigalarapalya,2215.0,4.0,4.0,160.0,3,738.3333333333334
Plot  Area,Ramamurthy Nagar,1006.0,2.0,2.0,57.0,2,503.0
Super built-up  Area,Electronic City,1128.0,2.0,2.0,65.7,2,564.0
Super built-up  Area,other,1310.0,2.0,2.0,68.0,3,436.6666666666667
Super built-up  Area,Banashankari,1390.0,2.0,2.0,86.0,2,695.0
Super built-up  Area,Electronic City,1170.0,2.0,2.0,33.0,2,585.0
Super built-up  Area,Gottigere,1385.0,2.0,2.0,50.0,3,461.6666666666667
Super built-up  Area,Electronic City Phase II,1160.0,2.0,2.0,33.5,2,580.0
Super built-up  Area,Bannerghatta Road,1200.0,2.0,2.0,69.0,3,400.0
Super built-up  Area,Mahadevpura,1475.0,2.0,2.0,55.0,2,737.5
Built-up  Area,Sarjapur  Road,1939.0,3.0,3.0,98.0,3,646.3333333333334
Built-up  Area,7th Phase JP Nagar,850.0,2.0,2.0,42.0,2,425.0
Built-up  Area,Balagere,675.0,1.0,1.0,45.0,1,675.0
Built-up  Area,Electronic City,1060.0,2.0,2.0,51.0,2,530.0
Super built-up  Area,Whitefield,1235.0,2.0,2.0,47.0,2,617.5
Super built-up  Area,Banashankari,1460.0,2.0,2.0,70.0,2,730.0
Super built-up  Area,Akshaya Nagar,1690.0,3.0,3.0,85.0,3,563.3333333333334
Built-up  Area,Indira Nagar,850.0,1.0,1.0,57.0,1,850.0
Super built-up  Area,Kanakpura Road,1843.0,3.0,3.0,82.0,3,614.3333333333334
Built-up  Area,7th Phase JP Nagar,1680.0,3.0,3.0,117.0,3,560.0
Super built-up  Area,Kundalahalli,1047.0,2.0,2.0,84.0,2,523.5
Super built-up  Area,Raja Rajeshwari Nagar,1095.0,2.0,2.0,38.33,2,547.5
Built-up  Area,Hosa Road,1100.0,2.0,2.0,85.0,3,366.6666666666667
Super built-up  Area,Uttarahalli,1685.0,3.0,3.0,85.0,3,561.6666666666666
Built-up  Area,Marathahalli,1050.0,2.0,2.0,65.0,2,525.0
Super built-up  Area,Bannerghatta Road,1465.0,2.0,2.0,76.0,3,488.3333333333333
Built-up  Area,Electronic City,630.0,1.0,1.0,60.0,1,630.0
Built-up  Area,other,1350.0,3.0,3.0,60.0,3,450.0
Super built-up  Area,other,1760.0,3.0,3.0,160.0,3,586.6666666666666
Super built-up  Area,other,1200.0,2.0,2.0,42.0,2,600.0
Built-up  Area,other,1100.0,2.0,2.0,78.0,2,550.0
Super built-up  Area,Hormavu,1617.5,3.0,3.0,73.595,3,539.1666666666666
Super built-up  Area,Gottigere,1410.0,2.0,2.0,45.0,2,705.0
Super built-up  Area,Mahadevpura,1434.0,2.0,2.0,67.39,3,478.0
Super built-up  Area,EPIP Zone,1343.0,2.0,2.0,86.0,2,671.5
Super built-up  Area,Kanakpura Road,1550.0,3.0,3.0,65.11,3,516.6666666666666
Super built-up  Area,Yelahanka,1345.0,2.0,2.0,57.0,3,448.3333333333333
Super built-up  Area,Electronic City Phase II,975.0,2.0,2.0,45.0,3,325.0
Super built-up  Area,JP Nagar,1152.0,2.0,2.0,34.56,2,576.0
Super built-up  Area,Kadugodi,1762.0,3.0,3.0,112.0,3,587.3333333333334
Built-up  Area,Kengeri Satellite Town,560.0,2.0,2.0,16.6,2,280.0
Super built-up  Area,Electronic City,1410.0,2.0,2.0,38.0,3,470.0
Super built-up  Area,Thanisandra,1853.0,3.0,3.0,64.86,3,617.6666666666666
Super built-up  Area,Hebbal,1138.0,2.0,2.0,110.0,2,569.0
Super built-up  Area,Whitefield,1870.0,3.0,3.0,138.0,3,623.3333333333334
Super built-up  Area,Panathur,1199.0,2.0,2.0,86.0,2,599.5
Super built-up  Area,Kundalahalli,1047.0,2.0,2.0,83.0,2,523.5
Super built-up  Area,Kengeri Satellite Town,1302.5,2.0,2.0,44.285,2,651.25
Super built-up  Area,Jakkur,1645.0,3.0,3.0,100.0,3,548.3333333333334
Super built-up  Area,Hosur Road,1766.0,3.0,3.0,130.0,3,588.6666666666666
Super built-up  Area,Jigani,1221.0,3.0,3.0,52.0,3,407.0
Super built-up  Area,Sarjapur  Road,1278.0,2.0,2.0,90.0,2,639.0
Super built-up  Area,Kodichikkanahalli,1025.0,2.0,2.0,66.0,2,512.5
Super built-up  Area,Whitefield,1175.0,2.0,2.0,39.0,2,587.5
Super built-up  Area,Sarjapur  Road,975.0,2.0,2.0,28.275,2,487.5
Super built-up  Area,Sarjapur,625.0,1.0,1.0,19.0,1,625.0
Super built-up  Area,other,937.0,2.0,2.0,35.0,2,468.5
Super built-up  Area,JP Nagar,750.0,1.0,1.0,52.5,1,750.0
Built-up  Area,other,1475.0,3.0,3.0,78.0,3,491.6666666666667
Plot  Area,Mysore Road,900.0,2.0,2.0,65.0,2,450.0
Super built-up  Area,Electronic City Phase II,1116.0,2.0,2.0,37.0,2,558.0
Super built-up  Area,Bhoganhalli,1760.0,3.0,3.0,127.0,3,586.6666666666666
Super built-up  Area,Sahakara Nagar,1914.0,3.0,3.0,179.0,3,638.0
Super built-up  Area,Budigere,1820.0,3.0,3.0,85.5,3,606.6666666666666
Built-up  Area,Kalena Agrahara,1565.0,3.0,3.0,78.0,3,521.6666666666666
Super built-up  Area,Begur Road,1334.0,2.0,2.0,42.69,2,667.0
Super built-up  Area,Jigani,914.0,2.0,2.0,49.0,2,457.0
Super built-up  Area,Yelahanka,2145.0,3.0,3.0,125.0,3,715.0
Super built-up  Area,other,1255.0,2.0,2.0,120.0,2,627.5
Super built-up  Area,Bommasandra,1014.0,2.0,2.0,35.0,2,507.0
Super built-up  Area,Attibele,695.0,1.0,1.0,25.0,2,347.5
Super built-up  Area,Attibele,850.0,1.0,1.0,25.0,2,425.0
Super built-up  Area,Banashankari,1200.0,2.0,2.0,60.0,2,600.0
Super built-up  Area,Hoodi,1769.0,3.0,3.0,96.87,3,589.6666666666666
Carpet  Area,Bhoganhalli,1554.3,4.0,4.0,131.0,4,388.575
Super built-up  Area,other,905.0,2.0,2.0,40.0,2,452.5
Super built-up  Area,Marathahalli,1435.0,3.0,3.0,73.0,3,478.3333333333333
Built-up  Area,Kodihalli,1620.0,3.0,3.0,130.0,3,540.0
Super built-up  Area,Electronic City,1025.0,2.0,2.0,49.0,2,512.5
Super built-up  Area,Thanisandra,1430.0,2.0,2.0,54.5,3,476.6666666666667
Super built-up  Area,Panathur,1235.0,2.0,2.0,65.0,2,617.5
Super built-up  Area,Electronics City Phase 1,1291.0,2.0,2.0,32.0,3,430.3333333333333
Super built-up  Area,Kanakpura Road,1498.0,3.0,3.0,95.0,3,499.3333333333333
Super built-up  Area,AECS Layout,1123.0,2.0,2.0,64.0,2,561.5
Super built-up  Area,Raja Rajeshwari Nagar,1235.0,2.0,2.0,75.0,2,617.5
Super built-up  Area,Sarjapur  Road,1305.0,2.0,2.0,99.0,2,652.5
Super built-up  Area,Old Madras Road,2010.0,3.0,3.0,125.0,4,502.5
Built-up  Area,other,1277.0,2.0,2.0,59.0,2,638.5
Super built-up  Area,Akshaya Nagar,1265.0,2.0,2.0,67.0,2,632.5
Super built-up  Area,Kanakpura Road,525.0,2.6926096474673513,2.6926096474673513,27.0,1,525.0
Super built-up  Area,other,1442.0,3.0,3.0,56.24,3,480.6666666666667
Super built-up  Area,Ardendale,1224.0,2.0,2.0,70.0,2,612.0
Super built-up  Area,other,1233.0,2.0,2.0,100.0,2,616.5
Super built-up  Area,Electronic City,1449.0,3.0,3.0,90.0,3,483.0
Super built-up  Area,other,1090.0,2.0,2.0,54.0,2,545.0
Super built-up  Area,JP Nagar,1200.0,2.0,2.0,78.0,2,600.0
Super built-up  Area,BTM 2nd Stage,1000.0,2.0,2.0,58.0,2,500.0
Super built-up  Area,Thanisandra,1732.0,3.0,3.0,85.73,3,577.3333333333334
Super built-up  Area,Banashankari,1290.0,2.0,2.0,80.0,2,645.0
Super built-up  Area,Thanisandra,1917.0,4.0,4.0,100.0,3,639.0
Built-up  Area,other,1100.0,2.0,2.0,57.0,2,550.0
Super built-up  Area,other,1425.0,2.0,2.0,65.0,3,475.0
Super built-up  Area,Whitefield,1655.0,3.0,3.0,113.0,3,551.6666666666666
Plot  Area,Yelahanka,1800.0,4.0,4.0,180.0,4,450.0
Built-up  Area,other,2050.0,3.0,3.0,100.0,4,512.5
Super built-up  Area,Whitefield,530.0,1.0,1.0,29.44,1,530.0
Super built-up  Area,Kambipura,883.0,2.0,2.0,37.0,2,441.5
Super built-up  Area,other,1275.0,3.0,3.0,59.0,3,425.0
Super built-up  Area,Bellandur,1063.0,2.0,2.0,58.0,2,531.5
Super built-up  Area,Balagere,656.0,1.0,1.0,43.0,1,656.0
Super built-up  Area,Marathahalli,881.0,2.0,2.0,48.06,2,440.5
Built-up  Area,Bisuvanahalli,700.0,1.0,1.0,32.0,2,350.0
Super built-up  Area,Hosa Road,1680.0,3.0,3.0,101.0,3,560.0
Super built-up  Area,other,1253.0,2.0,2.0,57.0,2,626.5
Super built-up  Area,Iblur Village,2100.0,4.0,4.0,145.0,3,700.0
Super built-up  Area,Electronic City,1070.0,2.0,2.0,58.0,2,535.0
Built-up  Area,Electronic City Phase II,1125.0,2.0,2.0,29.25,2,562.5
Super built-up  Area,Electronic City,1210.0,2.0,2.0,54.0,2,605.0
Built-up  Area,Electronic City,1500.0,2.0,2.0,75.0,3,500.0
Super built-up  Area,other,1652.5,3.0,3.0,90.0,3,550.8333333333334
Super built-up  Area,Yeshwanthpur,1381.0,2.0,2.0,76.18,3,460.3333333333333
Super built-up  Area,Whitefield,1085.0,2.0,2.0,57.0,2,542.5
Super built-up  Area,Whitefield,905.0,1.0,1.0,50.0,1,905.0
Super built-up  Area,Hennur Road,1685.0,3.0,3.0,95.0,3,561.6666666666666
Super built-up  Area,Somasundara Palya,1200.0,2.0,2.0,75.0,2,600.0
Super built-up  Area,Anandapura,1151.0,2.0,2.0,42.9,2,575.5
Super built-up  Area,Kanakpura Road,1665.0,3.0,3.0,86.91,3,555.0
Built-up  Area,Kengeri Satellite Town,800.0,2.0,2.0,40.0,2,400.0
Super built-up  Area,Rajiv Nagar,1030.0,2.0,2.0,46.5,2,515.0
Super built-up  Area,Hoodi,1257.0,2.0,2.0,71.03,2,628.5
Super built-up  Area,Whitefield,1600.0,3.0,3.0,82.0,3,533.3333333333334
Super built-up  Area,Choodasandra,1465.0,3.0,3.0,75.0,3,488.3333333333333
Super built-up  Area,Jakkur,1650.0,3.0,3.0,111.0,3,550.0
Super built-up  Area,Koramangala,1300.0,2.0,2.0,82.0,2,650.0
Built-up  Area,KR Puram,1000.0,2.0,2.0,44.5,2,500.0
Super built-up  Area,Mahadevpura,1146.0,2.0,2.0,53.8,2,573.0
Super built-up  Area,other,2159.0,3.0,3.0,110.0,3,719.6666666666666
Super built-up  Area,Whitefield,1255.0,2.0,2.0,40.0,2,627.5
Super built-up  Area,Padmanabhanagar,1200.0,2.0,2.0,60.0,2,600.0
Built-up  Area,Sarjapur  Road,1040.0,2.0,2.0,37.0,2,520.0
Super built-up  Area,Uttarahalli,1180.0,2.0,2.0,41.3,2,590.0
Built-up  Area,Sarjapur  Road,1374.0,3.0,3.0,51.0,3,458.0
Super built-up  Area,Whitefield,630.5,1.0,1.0,32.15,1,630.5
Super built-up  Area,Yelahanka,1200.0,2.0,2.0,54.0,2,600.0
Built-up  Area,Haralur Road,2017.0,3.0,3.0,105.0,3,672.3333333333334
Built-up  Area,Whitefield,905.0,1.0,1.0,52.0,1,905.0
Super built-up  Area,Gottigere,1380.0,2.0,2.0,95.0,3,460.0
Super built-up  Area,Harlur,1620.0,3.0,3.0,110.0,3,540.0
Super built-up  Area,Sarjapur  Road,1000.0,2.0,2.0,38.5,2,500.0
Super built-up  Area,Kothanur,1760.0,3.0,3.0,111.0,3,586.6666666666666
Super built-up  Area,Yelahanka,1322.0,2.0,2.0,75.0,2,661.0
Super built-up  Area,Sahakara Nagar,1500.0,3.0,3.0,125.0,3,500.0
Super built-up  Area,Kaggadasapura,1256.0,2.0,2.0,50.0,3,418.6666666666667
Super built-up  Area,Brookefield,941.0,2.0,2.0,48.0,2,470.5
Super built-up  Area,Hennur Road,1414.0,2.0,2.0,84.18,2,707.0
Super built-up  Area,Kanakpura Road,712.0,1.0,1.0,38.44,1,712.0
Super built-up  Area,Hebbal,1200.0,2.0,2.0,49.0,2,600.0
Built-up  Area,other,1680.0,3.0,3.0,135.0,3,560.0
Super built-up  Area,Uttarahalli,1380.0,2.0,2.0,42.0,2,690.0
Super built-up  Area,Hebbal,1088.0,2.0,2.0,62.0,2,544.0
Super built-up  Area,Harlur,1414.0,3.0,3.0,77.5,3,471.3333333333333
Super built-up  Area,other,1265.0,2.0,2.0,58.0,2,632.5
Built-up  Area,other,1035.0,2.0,2.0,44.0,2,517.5
Super built-up  Area,Sonnenahalli,614.5,1.0,1.0,30.715,1,614.5
Super built-up  Area,Vittasandra,1650.0,3.0,3.0,84.0,3,550.0
Super built-up  Area,Marathahalli,1130.0,2.0,2.0,58.0,3,376.6666666666667
Super built-up  Area,JP Nagar,1850.0,2.0,2.0,110.0,3,616.6666666666666
Built-up  Area,other,1090.0,2.0,2.0,45.0,2,545.0
Super built-up  Area,JP Nagar,1100.0,2.0,2.0,45.0,2,550.0
Super built-up  Area,Kammasandra,1365.0,2.0,2.0,34.13,3,455.0
Super built-up  Area,Vijayanagar,1484.0,3.0,3.0,79.19,3,494.6666666666667
Super built-up  Area,Green Glen Layout,1630.0,3.0,3.0,68.0,3,543.3333333333334
Super built-up  Area,Whitefield,1451.0,2.0,2.0,52.43,3,483.6666666666667
Super built-up  Area,Kanakpura Road,1330.0,2.0,2.0,107.0,2,665.0
Super built-up  Area,Thanisandra,2127.0,3.0,3.0,135.0,3,709.0
Super built-up  Area,Sarjapur  Road,1173.0,2.0,2.0,45.75,3,391.0
Super built-up  Area,JP Nagar,1197.0,2.0,2.0,47.88,2,598.5
Super built-up  Area,Kanakpura Road,1450.0,3.0,3.0,62.4,3,483.3333333333333
Super built-up  Area,Whitefield,1187.0,2.0,2.0,37.85,2,593.5
Super built-up  Area,Panathur,1370.0,2.0,2.0,54.8,3,456.6666666666667
Super built-up  Area,Yelahanka,1036.0,2.0,2.0,39.37,2,518.0
Super built-up  Area,Old Madras Road,2010.0,3.0,3.0,115.0,4,502.5
Super built-up  Area,Thanisandra,1265.0,2.0,2.0,46.6,2,632.5
Super built-up  Area,Anandapura,1576.0,3.0,3.0,58.0,3,525.3333333333334
Super built-up  Area,Kudlu,1293.0,2.0,2.0,85.0,3,431.0
Super built-up  Area,Munnekollal,1210.0,2.0,2.0,75.0,2,605.0
Built-up  Area,HSR Layout,1126.0,2.0,2.0,69.0,2,563.0
Built-up  Area,other,1440.0,2.0,2.0,70.0,3,480.0
Built-up  Area,Ramamurthy Nagar,1300.0,2.0,2.0,52.0,3,433.3333333333333
Super built-up  Area,Thanisandra,1276.0,2.0,2.0,75.0,2,638.0
Super built-up  Area,Whitefield,1216.0,2.0,2.0,83.0,2,608.0
Built-up  Area,other,1126.0,2.0,2.0,39.0,2,563.0
Super built-up  Area,Raja Rajeshwari Nagar,1162.0,2.0,2.0,65.0,2,581.0
Super built-up  Area,Whitefield,1301.0,2.0,2.0,65.0,2,650.5
Super built-up  Area,Devanahalli,658.0,1.0,1.0,34.0,1,658.0
Built-up  Area,Chandapura,1208.51,3.0,3.0,42.0,3,402.83666666666664
Super built-up  Area,Raja Rajeshwari Nagar,1133.0,2.0,2.0,38.41,2,566.5
Super built-up  Area,other,1760.0,2.0,2.0,116.0,3,586.6666666666666
Super built-up  Area,Sarjapur,940.0,2.0,2.0,25.38,2,470.0
Super built-up  Area,other,1145.0,2.0,2.0,57.0,2,572.5
Super built-up  Area,Bannerghatta Road,1302.5,2.0,2.0,67.73,2,651.25
Built-up  Area,Thubarahalli,1216.0,2.0,2.0,80.0,2,608.0
Super built-up  Area,Tumkur Road,1459.0,2.0,2.0,110.0,3,486.3333333333333
Super built-up  Area,Jakkur,1622.0,2.0,2.0,80.0,3,540.6666666666666
Super built-up  Area,Kanakpura Road,1843.0,3.0,3.0,85.0,3,614.3333333333334
Super built-up  Area,other,1430.0,2.0,2.0,69.5,3,476.6666666666667
Super built-up  Area,Begur Road,1565.0,2.0,2.0,57.91,3,521.6666666666666
Super built-up  Area,other,1670.0,3.0,3.0,160.0,3,556.6666666666666
Super built-up  Area,Lakshminarayana Pura,1695.0,3.0,3.0,150.0,3,565.0
Super built-up  Area,other,1410.0,2.0,2.0,75.0,2,705.0
Super built-up  Area,other,900.0,2.0,2.0,50.0,2,450.0
Built-up  Area,Thanisandra,693.0,1.0,1.0,34.3,1,693.0
Super built-up  Area,Iblur Village,1920.0,3.0,3.0,150.0,3,640.0
Super built-up  Area,other,705.0,1.0,1.0,55.0,1,705.0
Super built-up  Area,Mahadevpura,1532.0,2.0,2.0,62.0,2,766.0
Super built-up  Area,Rajiv Nagar,1330.0,2.0,2.0,93.0,2,665.0
Built-up  Area,Sarjapur  Road,1530.0,2.0,2.0,60.0,3,510.0
Super built-up  Area,Harlur,1630.0,3.0,3.0,95.1,3,543.3333333333334
Built-up  Area,Brookefield,1595.0,2.0,2.0,75.0,3,531.6666666666666
Super built-up  Area,7th Phase JP Nagar,1000.0,2.0,2.0,53.0,2,500.0
Built-up  Area,Mysore Road,883.0,2.0,2.0,50.0,2,441.5
Super built-up  Area,other,1776.0,2.0,2.0,75.0,3,592.0
Super built-up  Area,other,1347.0,2.0,2.0,37.72,3,449.0
Super built-up  Area,Whitefield,1330.0,2.0,2.0,55.0,3,443.3333333333333
Super built-up  Area,Harlur,1459.0,3.0,3.0,135.0,3,486.3333333333333
Super built-up  Area,other,1200.0,2.0,2.0,52.5,2,600.0
Super built-up  Area,Electronic City,660.0,1.0,1.0,15.5,2,330.0
Super built-up  Area,Yelahanka,1405.0,2.0,2.0,50.58,2,702.5
Super built-up  Area,Yelahanka,602.0,1.0,1.0,26.0,1,602.0
Super built-up  Area,JP Nagar,1500.0,2.0,2.0,82.0,3,500.0
Built-up  Area,other,1539.0,3.0,3.0,60.0,3,513.0
Super built-up  Area,other,1100.0,2.0,2.0,53.0,3,366.6666666666667
Super built-up  Area,Raja Rajeshwari Nagar,1151.0,2.0,2.0,49.0,2,575.5
Super built-up  Area,other,1350.0,3.0,3.0,78.3,3,450.0
Super built-up  Area,Bannerghatta Road,1200.0,2.0,2.0,65.0,2,600.0
Super built-up  Area,Sarjapur  Road,1700.0,3.0,3.0,93.5,3,566.6666666666666
Built-up  Area,other,1560.0,3.0,3.0,125.0,3,520.0
Super built-up  Area,Sarjapur  Road,1403.0,3.0,3.0,56.0,3,467.6666666666667
Super built-up  Area,Tumkur Road,1416.0,3.0,3.0,94.0,3,472.0
Super built-up  Area,7th Phase JP Nagar,1680.0,3.0,3.0,125.0,3,560.0
Super built-up  Area,Doddathoguru,1595.0,3.0,3.0,62.0,3,531.6666666666666
Super built-up  Area,Kanakpura Road,1507.0,2.0,2.0,95.0,3,502.3333333333333
Super built-up  Area,Hennur Road,1949.0,3.0,3.0,133.0,3,649.6666666666666
Super built-up  Area,Yelahanka,1100.0,2.0,2.0,60.0,2,550.0
Super built-up  Area,Gottigere,1425.0,2.0,2.0,47.0,3,475.0
Super built-up  Area,other,550.0,1.0,1.0,23.0,1,550.0
Built-up  Area,other,1783.0,3.0,3.0,125.0,3,594.3333333333334
Super built-up  Area,Haralur Road,1520.0,2.0,2.0,90.0,3,506.6666666666667
Super built-up  Area,Sarjapur  Road,1060.0,2.0,2.0,55.0,2,530.0
Super built-up  Area,Raja Rajeshwari Nagar,1267.0,2.0,2.0,54.35,2,633.5
Super built-up  Area,Bannerghatta Road,1240.0,2.0,2.0,65.0,2,620.0
Super built-up  Area,other,1570.0,3.0,3.0,78.0,3,523.3333333333334
Super built-up  Area,Whitefield,1355.0,3.0,3.0,76.0,2,677.5
Super built-up  Area,Raja Rajeshwari Nagar,1550.0,3.0,3.0,52.45,3,516.6666666666666
Built-up  Area,Raja Rajeshwari Nagar,1100.0,2.0,2.0,50.0,2,550.0
Super built-up  Area,9th Phase JP Nagar,1466.0,2.0,2.0,71.0,2,733.0
Super built-up  Area,Rachenahalli,1550.0,3.0,3.0,72.5,3,516.6666666666666
Super built-up  Area,Kengeri,540.0,1.0,1.0,22.5,1,540.0
Plot  Area,8th Phase JP Nagar,950.0,3.0,3.0,130.0,3,316.6666666666667
Super built-up  Area,Hebbal,1987.0,4.0,4.0,165.0,3,662.3333333333334
Super built-up  Area,Hoodi,1305.0,2.0,2.0,75.0,2,652.5
Super built-up  Area,Yelahanka,1614.0,2.0,2.0,100.0,3,538.0
Built-up  Area,Magadi Road,600.0,1.0,1.0,22.0,2,300.0
Super built-up  Area,Thigalarapalya,2072.0,4.0,4.0,155.0,3,690.6666666666666
Super built-up  Area,Electronic City,919.0,2.0,2.0,34.0,2,459.5
Plot  Area,other,1200.0,3.0,3.0,150.0,3,400.0
Built-up  Area,other,1000.0,2.0,2.0,42.0,2,500.0
Super built-up  Area,Lingadheeranahalli,2245.0,4.0,4.0,154.0,4,561.25
Super built-up  Area,Bannerghatta Road,1476.0,3.0,3.0,125.0,3,492.0
Super built-up  Area,Ambedkar Nagar,1852.0,3.0,3.0,130.0,3,617.3333333333334
Super built-up  Area,Panathur,1597.0,3.0,3.0,67.12,3,532.3333333333334
Super built-up  Area,Marathahalli,1152.0,2.0,2.0,90.0,2,576.0
Plot  Area,Kammasandra,1400.0,3.0,3.0,92.0,3,466.6666666666667
Super built-up  Area,Yelahanka,1890.0,3.0,3.0,108.0,3,630.0
Built-up  Area,other,830.0,2.0,2.0,40.0,2,415.0
Built-up  Area,Electronic City Phase II,1165.0,2.0,2.0,30.29,2,582.5
Super built-up  Area,Bommanahalli,1100.0,1.0,1.0,55.0,2,550.0
Built-up  Area,9th Phase JP Nagar,1890.0,2.0,2.0,93.0,3,630.0
Super built-up  Area,other,1685.0,3.0,3.0,60.0,3,561.6666666666666
Super built-up  Area,other,827.0,2.0,2.0,45.0,2,413.5
Built-up  Area,Electronics City Phase 1,635.0,1.0,1.0,26.0,1,635.0
Super built-up  Area,other,1050.0,2.0,2.0,50.0,2,525.0
Super built-up  Area,Raja Rajeshwari Nagar,1751.0,3.0,3.0,72.0,3,583.6666666666666
Super built-up  Area,Bommasandra,1020.0,2.0,2.0,40.89,2,510.0
Super built-up  Area,Thanisandra,1148.0,2.0,2.0,43.5,2,574.0
Super built-up  Area,Bellandur,1325.0,2.0,2.0,65.0,2,662.5
Super built-up  Area,other,1261.0,2.0,2.0,61.0,2,630.5
Super built-up  Area,7th Phase JP Nagar,1675.0,2.0,2.0,135.0,3,558.3333333333334
Built-up  Area,Uttarahalli,1160.0,2.0,2.0,45.0,2,580.0
Super built-up  Area,Sahakara Nagar,1914.0,3.0,3.0,149.0,3,638.0
Super built-up  Area,other,1458.0,3.0,3.0,79.0,3,486.0
Super built-up  Area,Akshaya Nagar,1662.0,3.0,3.0,90.0,3,554.0
Super built-up  Area,Yelahanka,1556.0,3.0,3.0,86.0,3,518.6666666666666
Super built-up  Area,Jigani,918.0,2.0,2.0,50.0,2,459.0
Super built-up  Area,Sarjapur  Road,1455.0,2.0,2.0,98.0,3,485.0
Built-up  Area,Bannerghatta Road,1100.0,2.0,2.0,52.0,3,366.6666666666667
Super built-up  Area,Sarjapur  Road,1405.0,3.0,3.0,48.87,3,468.3333333333333
Super built-up  Area,Subramanyapura,929.0,2.0,2.0,56.0,2,464.5
Super built-up  Area,Channasandra,1065.0,2.0,2.0,40.47,2,532.5
Super built-up  Area,Bannerghatta Road,1532.5,3.0,3.0,84.29,3,510.8333333333333
Built-up  Area,Anandapura,1250.0,2.0,2.0,45.0,2,625.0
Super built-up  Area,Marathahalli,1680.0,3.0,3.0,105.0,3,560.0
Super built-up  Area,Nagarbhavi,1146.0,2.0,2.0,50.0,2,573.0
Super built-up  Area,Ramagondanahalli,1451.0,3.0,3.0,60.44,3,483.6666666666667
Super built-up  Area,other,1424.0,2.0,2.0,55.0,3,474.6666666666667
Super built-up  Area,Gottigere,1435.0,2.0,2.0,62.0,3,478.3333333333333
Super built-up  Area,Devanahalli,658.0,1.0,1.0,26.91,1,658.0
Super built-up  Area,Whitefield,1242.0,2.0,2.0,65.0,2,621.0
Super built-up  Area,Yelahanka,1610.0,4.0,4.0,85.0,3,536.6666666666666
Super built-up  Area,Hulimavu,1127.0,2.0,2.0,65.0,2,563.5
Super built-up  Area,other,1250.0,3.0,3.0,55.0,3,416.6666666666667
Plot  Area,other,2200.0,4.0,4.0,160.0,3,733.3333333333334
Super built-up  Area,Chandapura,876.0,2.0,2.0,29.5,2,438.0
Super built-up  Area,Kadugodi,1314.0,2.0,2.0,83.0,2,657.0
Super built-up  Area,Rachenahalli,690.0,1.0,1.0,39.8,1,690.0
Built-up  Area,other,1230.0,2.0,2.0,55.0,2,615.0
Super built-up  Area,Bommasandra,920.0,2.0,2.0,37.2,2,460.0
Built-up  Area,Sarjapur  Road,1850.0,3.0,3.0,140.0,3,616.6666666666666
Super built-up  Area,Electronic City,1073.0,2.0,2.0,60.0,2,536.5
Super built-up  Area,other,1540.0,3.0,3.0,76.0,3,513.3333333333334
Super built-up  Area,Kanakpura Road,1550.0,3.0,3.0,63.5,3,516.6666666666666
Super built-up  Area,Kalyan nagar,1198.0,2.0,2.0,65.0,2,599.0
Super built-up  Area,other,1656.0,3.0,3.0,90.0,3,552.0
Super built-up  Area,other,1900.0,3.0,3.0,155.0,3,633.3333333333334
Built-up  Area,Ramagondanahalli,1910.0,3.0,3.0,142.0,3,636.6666666666666
Super built-up  Area,Whitefield,1495.0,2.0,2.0,67.0,3,498.3333333333333
Super built-up  Area,Thanisandra,2172.0,3.0,3.0,76.02,3,724.0
Super built-up  Area,Whitefield,1548.0,3.0,3.0,65.0,3,516.0
Super built-up  Area,Hosur Road,1689.0,3.0,3.0,103.0,3,563.0
Super built-up  Area,other,1100.0,2.0,2.0,61.0,2,550.0
Super built-up  Area,Hennur Road,1250.0,2.0,2.0,77.88,3,416.6666666666667
Built-up  Area,other,1942.0,3.0,3.0,155.0,3,647.3333333333334
Super built-up  Area,Haralur Road,1985.0,3.0,3.0,130.0,3,661.6666666666666
Super built-up  Area,Sarjapur  Road,950.0,1.0,1.0,39.9,1,950.0
Super built-up  Area,Green Glen Layout,1752.0,3.0,3.0,105.0,3,584.0
Super built-up  Area,Old Madras Road,1480.0,2.0,2.0,84.0,3,493.3333333333333
Super built-up  Area,Sarjapur  Road,1826.0,3.0,3.0,130.0,3,608.6666666666666
Super built-up  Area,Thanisandra,934.0,2.0,2.0,55.0,2,467.0
Super built-up  Area,Mahadevpura,1620.0,2.0,2.0,76.0,3,540.0
Super built-up  Area,Electronic City,1070.0,2.0,2.0,47.0,2,535.0
Super built-up  Area,Electronic City Phase II,1611.0,2.0,2.0,48.33,3,537.0
Super built-up  Area,Whitefield,1405.0,3.0,3.0,58.0,3,468.3333333333333
Super built-up  Area,other,1515.0,3.0,3.0,90.0,3,505.0
Super built-up  Area,Thigalarapalya,1830.0,4.0,4.0,150.0,3,610.0
Built-up  Area,Kaggadasapura,1710.0,3.0,3.0,60.0,3,570.0
Built-up  Area,other,935.0,2.0,2.0,51.5,2,467.5
Super built-up  Area,Yeshwanthpur,1678.0,3.0,3.0,92.13,3,559.3333333333334
Built-up  Area,Brookefield,1410.0,2.0,2.0,80.0,3,470.0
Super built-up  Area,Jakkur,1125.0,2.0,2.0,65.0,2,562.5
Super built-up  Area,Magadi Road,1191.0,2.0,2.0,55.38,3,397.0
Super built-up  Area,CV Raman Nagar,1525.0,2.0,2.0,67.0,3,508.3333333333333
Super built-up  Area,other,600.0,1.0,1.0,25.0,2,300.0
Super built-up  Area,Thanisandra,1185.0,2.0,2.0,44.0,2,592.5
Super built-up  Area,Electronics City Phase 1,1190.0,2.0,2.0,68.0,2,595.0
Super built-up  Area,Whitefield,1355.0,2.0,2.0,73.0,2,677.5
Super built-up  Area,Yelahanka New Town,500.0,2.0,2.0,24.0,1,500.0
Super built-up  Area,other,1250.0,3.0,3.0,50.0,3,416.6666666666667
Super built-up  Area,KR Puram,1583.0,2.6926096474673513,2.6926096474673513,70.445,3,527.6666666666666
Super built-up  Area,other,1206.0,2.0,2.0,53.0,2,603.0
Super built-up  Area,Rajaji Nagar,1357.0,2.0,2.0,130.0,2,678.5
Super built-up  Area,8th Phase JP Nagar,909.0,2.0,2.0,40.9,2,454.5
Built-up  Area,Brookefield,1100.0,2.0,2.0,55.0,2,550.0
Super built-up  Area,Raja Rajeshwari Nagar,1306.0,2.0,2.0,44.17,2,653.0
Super built-up  Area,Kalena Agrahara,610.0,1.0,1.0,39.0,1,610.0
Super built-up  Area,Yelahanka,1484.0,2.0,2.0,56.4,3,494.6666666666667
Super built-up  Area,Ramamurthy Nagar,1125.0,2.0,2.0,47.0,2,562.5
Built-up  Area,other,1250.0,2.0,2.0,58.0,2,625.0
Built-up  Area,1st Phase JP Nagar,840.0,2.0,2.0,50.0,1,840.0
Super built-up  Area,other,583.0,1.0,1.0,26.9,1,583.0
Super built-up  Area,Whitefield,750.0,1.0,1.0,51.0,1,750.0
Super built-up  Area,Marathahalli,1600.0,3.0,3.0,58.0,3,533.3333333333334
Super built-up  Area,other,1365.0,2.0,2.0,49.0,3,455.0
Super built-up  Area,Hormavu,1260.0,2.0,2.0,35.0,2,630.0
Super built-up  Area,Electronics City Phase 1,1190.0,2.0,2.0,33.92,2,595.0
Super built-up  Area,other,1510.0,3.0,3.0,47.57,3,503.3333333333333
Super built-up  Area,Kundalahalli,1120.0,2.0,2.0,53.76,2,560.0
Super built-up  Area,Whitefield,1115.0,2.0,2.0,34.555,2,557.5
Super built-up  Area,other,1717.0,3.0,3.0,99.0,3,572.3333333333334
Built-up  Area,other,2099.0,3.0,3.0,95.0,3,699.6666666666666
Built-up  Area,Bannerghatta Road,1465.0,2.0,2.0,45.87,3,488.3333333333333
Super built-up  Area,Haralur Road,1255.0,2.0,2.0,90.0,3,418.3333333333333
Built-up  Area,Electronic City Phase II,1065.0,2.0,2.0,30.88,2,532.5
Super built-up  Area,Bellandur,1281.0,2.0,2.0,87.0,2,640.5
Super built-up  Area,Electronic City,1210.0,2.0,2.0,25.0,2,605.0
Carpet  Area,Kaggadasapura,1215.0,2.0,2.0,43.0,2,607.5
Super built-up  Area,Mysore Road,1237.0,2.0,2.0,73.0,2,618.5
Super built-up  Area,Lakshminarayana Pura,1300.0,2.0,2.0,70.0,2,650.0
Super built-up  Area,Whitefield,1105.0,2.0,2.0,39.99,2,552.5
Super built-up  Area,Chandapura,1505.0,2.0,2.0,42.0,3,501.6666666666667
Built-up  Area,Banashankari,1186.0,2.0,2.0,65.0,2,593.0
Super built-up  Area,Kengeri,750.0,2.0,2.0,35.5,2,375.0
Built-up  Area,Varthur,1083.0,2.0,2.0,28.0,2,541.5
Super built-up  Area,Thanisandra,1056.0,2.0,2.0,68.0,2,528.0
Super built-up  Area,other,2108.0,3.0,3.0,85.0,3,702.6666666666666
Super built-up  Area,Banashankari,1650.0,3.0,3.0,101.0,3,550.0
Built-up  Area,Electronic City Phase II,1220.0,3.0,3.0,36.6,3,406.6666666666667
Super built-up  Area,other,1198.0,2.0,2.0,54.0,2,599.0
Super built-up  Area,other,1190.0,2.0,2.0,70.0,2,595.0
Super built-up  Area,Yelahanka,1260.0,2.0,2.0,59.2,2,630.0
Super built-up  Area,Talaghattapura,2254.0,3.0,3.0,153.0,3,751.3333333333334
Built-up  Area,JP Nagar,820.0,2.0,2.0,45.0,2,410.0
Super built-up  Area,Electronic City,1296.0,2.0,2.0,65.0,2,648.0
Super built-up  Area,Whitefield,1173.0,2.0,2.0,77.0,2,586.5
Built-up  Area,Yelahanka,1102.0,2.0,2.0,52.0,2,551.0
Built-up  Area,Prithvi Layout,1620.0,3.0,3.0,65.0,3,540.0
Super built-up  Area,Yelahanka,1519.0,2.0,2.0,65.0,2,759.5
Super built-up  Area,other,1594.0,3.0,3.0,99.0,3,531.3333333333334
Super built-up  Area,other,1250.0,2.0,2.0,68.0,2,625.0
Super built-up  Area,Haralur Road,1056.0,2.0,2.0,60.0,2,528.0
Super built-up  Area,other,1464.0,2.0,2.0,145.0,2,732.0
Built-up  Area,Gollarapalya Hosahalli,861.0,2.0,2.0,36.5,2,430.5
Super built-up  Area,Kundalahalli,1047.0,2.0,2.0,82.62,2,523.5
Super built-up  Area,Ramamurthy Nagar,1000.0,2.0,2.0,62.0,2,500.0
Super built-up  Area,Lingadheeranahalli,1682.0,3.0,3.0,113.0,3,560.6666666666666
Super built-up  Area,Dasanapura,814.0,2.0,2.0,42.0,2,407.0
Built-up  Area,Dodda Nekkundi,1145.0,2.0,2.0,46.5,2,572.5
Super built-up  Area,Varthur,965.0,2.0,2.0,34.0,2,482.5
Built-up  Area,Banashankari,1300.0,2.0,2.0,55.0,3,433.3333333333333
Super built-up  Area,1st Phase JP Nagar,1590.0,3.0,3.0,131.0,3,530.0
Super built-up  Area,Begur Road,644.0,1.0,1.0,40.0,1,644.0
Super built-up  Area,Whitefield,982.0,2.0,2.0,37.0,2,491.0
Super built-up  Area,other,1555.0,3.0,3.0,75.17,3,518.3333333333334
Super built-up  Area,Electronics City Phase 1,1085.0,2.0,2.0,46.0,2,542.5
Built-up  Area,Thanisandra,1595.0,3.0,3.0,110.0,3,531.6666666666666
Super built-up  Area,Raja Rajeshwari Nagar,1196.0,2.0,2.0,40.44,2,598.0
Super built-up  Area,Yelahanka,1859.0,3.0,3.0,108.0,3,619.6666666666666
Super built-up  Area,9th Phase JP Nagar,1079.0,2.0,2.0,60.0,2,539.5
Super built-up  Area,Whitefield,1118.0,2.0,2.0,42.0,2,559.0
Super built-up  Area,CV Raman Nagar,1198.0,2.0,2.0,60.0,2,599.0
Super built-up  Area,Chandapura,1162.5,2.6926096474673513,2.6926096474673513,30.215,3,387.5
Super built-up  Area,Thigalarapalya,1830.0,4.0,4.0,135.0,3,610.0
Super built-up  Area,other,1160.0,2.0,2.0,59.0,2,580.0
Super built-up  Area,other,2070.0,3.0,3.0,135.0,3,690.0
Built-up  Area,Kannamangala,957.0,2.0,2.0,52.5,2,478.5
Super built-up  Area,Bannerghatta Road,1268.0,2.0,2.0,69.0,2,634.0
Super built-up  Area,Bannerghatta Road,1450.0,2.0,2.0,87.0,3,483.3333333333333
Built-up  Area,other,1600.0,2.0,2.0,75.0,3,533.3333333333334
Super built-up  Area,Uttarahalli,1330.0,2.0,2.0,57.0,3,443.3333333333333
Super built-up  Area,Jakkur,1355.0,2.0,2.0,65.0,3,451.6666666666667
Super built-up  Area,other,1100.0,2.0,2.0,38.49,2,550.0
Built-up  Area,other,900.0,1.0,1.0,44.0,2,450.0
Super built-up  Area,Haralur Road,1140.0,2.0,2.0,42.0,2,570.0
Super built-up  Area,Talaghattapura,2106.0,3.0,3.0,148.0,3,702.0
Super built-up  Area,Marathahalli,1602.0,2.0,2.0,104.0,2,801.0
Super built-up  Area,Sarjapur  Road,1660.0,2.0,2.0,116.0,3,553.3333333333334
Super built-up  Area,Electronic City Phase II,1549.0,3.0,3.0,80.0,3,516.3333333333334
Super built-up  Area,Marathahalli,700.0,1.0,1.0,38.0,1,700.0
Super built-up  Area,Balagere,1012.0,2.0,2.0,64.0,2,506.0
Super built-up  Area,Whitefield,1216.0,2.0,2.0,69.0,2,608.0
Super built-up  Area,Electronic City Phase II,1065.0,2.0,2.0,56.13,2,532.5
Super built-up  Area,Thanisandra,1411.0,3.0,3.0,93.15,3,470.3333333333333
Super built-up  Area,other,1400.0,2.0,2.0,57.5,2,700.0
Super built-up  Area,Hoskote,1250.0,3.0,3.0,29.0,3,416.6666666666667
Super built-up  Area,other,1000.0,2.0,2.0,35.0,2,500.0
Super built-up  Area,Panathur,1580.0,3.0,3.0,71.89,3,526.6666666666666
Super built-up  Area,Subramanyapura,1800.0,3.0,3.0,90.0,3,600.0
Super built-up  Area,other,1500.0,2.0,2.0,130.0,2,750.0
Super built-up  Area,Kasavanhalli,1494.0,3.0,3.0,82.0,3,498.0
Super built-up  Area,Bhoganhalli,1949.0,3.0,3.0,129.0,3,649.6666666666666
Super built-up  Area,other,1020.0,2.0,2.0,46.5,2,510.0
Super built-up  Area,Mysore Road,883.0,2.0,2.0,45.0,2,441.5
Super built-up  Area,Yeshwanthpur,1240.0,2.0,2.0,80.0,2,620.0
Super built-up  Area,Hegde Nagar,1835.0,3.0,3.0,88.0,3,611.6666666666666
Built-up  Area,Gottigere,945.0,2.0,2.0,45.0,2,472.5
Super built-up  Area,other,1504.0,2.0,2.0,100.0,3,501.3333333333333
Super built-up  Area,Lakshminarayana Pura,1569.0,3.0,3.0,150.0,3,523.0
Super built-up  Area,Harlur,1755.0,3.0,3.0,130.0,3,585.0
Super built-up  Area,Vijayanagar,1760.0,3.0,3.0,140.0,3,586.6666666666666
Super built-up  Area,Electronics City Phase 1,1450.0,3.0,3.0,72.54,3,483.3333333333333
Super built-up  Area,5th Phase JP Nagar,1000.0,2.0,2.0,48.0,2,500.0
Super built-up  Area,Choodasandra,1215.0,2.0,2.0,59.0,2,607.5
Super built-up  Area,Raja Rajeshwari Nagar,1178.0,2.0,2.0,75.0,2,589.0
Super built-up  Area,other,2040.0,2.0,2.0,59.0,2,1020.0
Super built-up  Area,other,1602.0,2.0,2.0,165.0,3,534.0
Super built-up  Area,Sarjapur  Road,1700.0,3.0,3.0,108.0,3,566.6666666666666
Built-up  Area,Jigani,1200.0,3.0,3.0,65.0,3,400.0
Plot  Area,other,1500.0,3.0,3.0,72.0,3,500.0
Plot  Area,Karuna Nagar,1240.0,3.0,3.0,165.0,3,413.3333333333333
Built-up  Area,other,1280.0,2.0,2.0,48.0,3,426.6666666666667
Super built-up  Area,CV Raman Nagar,1560.0,2.0,2.0,85.0,2,780.0
Super built-up  Area,other,900.0,2.0,2.0,45.0,2,450.0
Super built-up  Area,7th Phase JP Nagar,1850.0,3.0,3.0,155.0,3,616.6666666666666
Built-up  Area,Hennur Road,1831.0,3.0,3.0,110.0,3,610.3333333333334
Super built-up  Area,Sarjapur  Road,1272.5,2.0,2.0,40.72,3,424.1666666666667
Super built-up  Area,Budigere,1820.0,3.0,3.0,85.4,3,606.6666666666666
Super built-up  Area,Bisuvanahalli,1075.0,2.0,2.0,41.0,3,358.3333333333333
Super built-up  Area,Kadugodi,925.0,1.0,1.0,40.7,1,925.0
Super built-up  Area,Electronic City,1140.0,2.0,2.0,70.93,2,570.0
Super built-up  Area,Kaggadasapura,1805.0,2.0,2.0,75.0,3,601.6666666666666
Plot  Area,Bommenahalli,1355.0,3.0,3.0,135.0,4,338.75
Super built-up  Area,Koramangala,1716.0,2.0,2.0,115.0,3,572.0
Super built-up  Area,Chandapura,937.0,2.0,2.0,30.0,2,468.5
Built-up  Area,other,1490.0,2.0,2.0,115.0,3,496.6666666666667
Super built-up  Area,Whitefield,1100.0,2.0,2.0,37.0,2,550.0
Super built-up  Area,Thigalarapalya,1000.0,2.0,2.0,48.53,2,500.0
Super built-up  Area,Kundalahalli,1047.0,2.0,2.0,91.0,2,523.5
Super built-up  Area,Akshaya Nagar,1420.0,2.0,2.0,75.0,3,473.3333333333333
Super built-up  Area,Sarjapur  Road,1539.0,3.0,3.0,85.0,3,513.0
Super built-up  Area,other,1550.0,3.0,3.0,59.0,3,516.6666666666666
Super built-up  Area,Seegehalli,1553.0,3.0,3.0,68.0,3,517.6666666666666
Super built-up  Area,Electronic City Phase II,920.0,2.0,2.0,26.0,2,460.0
Super built-up  Area,other,1740.0,3.0,3.0,120.0,3,580.0
Super built-up  Area,Kundalahalli,1724.0,3.0,3.0,146.0,3,574.6666666666666
Super built-up  Area,other,1020.0,2.0,2.0,60.0,2,510.0
Super built-up  Area,Thubarahalli,1200.0,2.0,2.0,80.0,2,600.0
Built-up  Area,Haralur Road,1140.0,2.0,2.0,58.0,2,570.0
Super built-up  Area,other,550.0,1.0,1.0,16.0,1,550.0
Super built-up  Area,Bannerghatta Road,1450.0,3.0,3.0,44.0,3,483.3333333333333
Super built-up  Area,Kanakpura Road,700.0,2.0,2.0,35.07,2,350.0
Super built-up  Area,Yelahanka,1050.0,2.0,2.0,45.0,2,525.0
Super built-up  Area,other,1492.0,2.0,2.0,65.0,2,746.0
Super built-up  Area,Sarjapur  Road,1489.0,2.0,2.0,82.0,3,496.3333333333333
Super built-up  Area,other,1431.0,3.0,3.0,65.0,3,477.0
Super built-up  Area,Lingadheeranahalli,1682.0,3.0,3.0,114.0,3,560.6666666666666
Super built-up  Area,Panathur,1198.0,2.0,2.0,86.26,2,599.0
Super built-up  Area,Sarjapur  Road,1550.0,2.0,2.0,69.75,3,516.6666666666666
Super built-up  Area,Sarjapur  Road,539.0,1.0,1.0,45.0,1,539.0
Super built-up  Area,Thubarahalli,1200.0,2.0,2.0,79.55,2,600.0
Super built-up  Area,Sarjapur  Road,1186.0,2.0,2.0,40.0,3,395.3333333333333
Super built-up  Area,Thanisandra,1039.0,2.0,2.0,39.5,2,519.5
Built-up  Area,Brookefield,1225.0,2.0,2.0,66.5,2,612.5
Built-up  Area,Bommanahalli,1350.0,2.0,2.0,72.0,2,675.0
Super built-up  Area,other,1520.0,3.0,3.0,111.0,3,506.6666666666667
Built-up  Area,other,1391.0,2.0,2.0,64.5,3,463.6666666666667
Super built-up  Area,Rachenahalli,1200.0,2.0,2.0,50.0,2,600.0
Super built-up  Area,Yelahanka,1322.0,2.0,2.0,80.0,2,661.0
Super built-up  Area,Whitefield,2173.0,3.0,3.0,128.0,3,724.3333333333334
Super built-up  Area,Sarjapur  Road,1200.0,2.0,2.0,75.0,2,600.0
Super built-up  Area,Devanahalli,698.5,1.0,1.0,28.57,1,698.5
Super built-up  Area,other,1250.0,2.0,2.0,90.0,2,625.0
Built-up  Area,Whitefield,1435.0,3.0,3.0,45.0,3,478.3333333333333
Super built-up  Area,Electronics City Phase 1,1175.0,2.0,2.0,64.98,2,587.5
Built-up  Area,other,900.0,2.0,2.0,33.0,2,450.0
Super built-up  Area,other,1602.0,2.0,2.0,170.0,3,534.0
Super built-up  Area,Thanisandra,1220.0,2.0,2.0,42.0,2,610.0
Super built-up  Area,Sarjapur  Road,2145.0,3.0,3.0,180.0,3,715.0
Super built-up  Area,Bannerghatta Road,960.0,2.0,2.0,58.0,2,480.0
Super built-up  Area,other,907.0,1.0,1.0,38.0,1,907.0
Super built-up  Area,Old Madras Road,1210.0,2.0,2.0,74.0,2,605.0
Super built-up  Area,other,1230.0,2.0,2.0,70.0,2,615.0
Super built-up  Area,5th Phase JP Nagar,1350.0,2.0,2.0,75.0,3,450.0
Super built-up  Area,Kenchenahalli,1150.0,2.0,2.0,58.0,2,575.0
Super built-up  Area,Sarjapur,1404.0,2.0,2.0,53.35,3,468.0
Super built-up  Area,Yelahanka,1285.0,2.0,2.0,56.0,2,642.5
Super built-up  Area,Hormavu,1018.0,2.0,2.0,50.8,2,509.0
Super built-up  Area,other,1600.0,3.0,3.0,95.0,3,533.3333333333334
Super built-up  Area,9th Phase JP Nagar,1480.0,2.0,2.0,80.0,2,740.0
Super built-up  Area,Akshaya Nagar,1435.0,3.0,3.0,53.0,3,478.3333333333333
Super built-up  Area,CV Raman Nagar,1590.0,2.0,2.0,85.0,3,530.0
Super built-up  Area,Kengeri,1741.0,3.0,3.0,80.0,3,580.3333333333334
Super built-up  Area,JP Nagar,1750.0,3.0,3.0,123.0,3,583.3333333333334
Super built-up  Area,Tumkur Road,1027.0,2.0,2.0,60.0,2,513.5
Built-up  Area,other,596.0,2.0,2.0,22.0,2,298.0
Super built-up  Area,Sahakara Nagar,1000.0,2.0,2.0,60.0,2,500.0
Super built-up  Area,Varthur,1120.0,2.0,2.0,44.24,2,560.0
Super built-up  Area,other,1570.0,3.0,3.0,110.0,3,523.3333333333334
Super built-up  Area,Koramangala,1500.0,3.0,3.0,135.0,3,500.0
Built-up  Area,Frazer Town,1315.0,2.0,2.0,140.0,2,657.5
Super built-up  Area,Electronic City Phase II,1140.0,2.0,2.0,33.84,2,570.0
Super built-up  Area,Banashankari,1105.0,2.0,2.0,90.0,2,552.5
Super built-up  Area,Whitefield,905.0,1.0,1.0,62.0,1,905.0
Super built-up  Area,Kudlu Gate,1185.0,2.0,2.0,50.0,2,592.5
Super built-up  Area,other,1458.0,3.0,3.0,60.0,3,486.0
Super built-up  Area,Hormavu,1555.0,3.0,3.0,75.0,3,518.3333333333334
Built-up  Area,other,1200.0,2.0,2.0,45.0,2,600.0
Super built-up  Area,Sarjapur  Road,1308.0,2.0,2.0,58.86,2,654.0
Super built-up  Area,Kudlu,1024.0,2.0,2.0,44.0,2,512.0
Super built-up  Area,Seegehalli,1639.0,3.0,3.0,120.0,3,546.3333333333334
Super built-up  Area,Hennur Road,1232.0,2.0,2.0,87.0,2,616.0
Super built-up  Area,Jakkur,1230.0,2.0,2.0,79.0,2,615.0
Super built-up  Area,other,2120.0,3.0,3.0,177.0,3,706.6666666666666
Super built-up  Area,Electronic City,1096.0,2.0,2.0,40.55,2,548.0
Super built-up  Area,Horamavu Agara,1107.83,2.0,2.0,41.51,2,553.915
Super built-up  Area,Sarjapur  Road,1320.0,2.0,2.0,115.0,2,660.0
Super built-up  Area,8th Phase JP Nagar,1431.5,3.0,3.0,72.02,3,477.1666666666667
Super built-up  Area,Whitefield,1320.0,2.0,2.0,99.26,2,660.0
Built-up  Area,other,1315.0,2.0,2.0,65.0,3,438.3333333333333
Super built-up  Area,other,1000.0,2.0,2.0,44.0,2,500.0
Super built-up  Area,Hosakerehalli,1596.0,3.0,3.0,79.8,3,532.0
Super built-up  Area,Bannerghatta Road,1750.0,3.0,3.0,130.0,3,583.3333333333334
Super built-up  Area,Old Madras Road,1350.0,3.0,3.0,47.25,3,450.0
Super built-up  Area,other,1713.0,3.0,3.0,125.0,3,571.0
Built-up  Area,other,1200.0,2.0,2.0,43.0,2,600.0
Super built-up  Area,Binny Pete,1795.0,3.0,3.0,139.0,3,598.3333333333334
Built-up  Area,Kereguddadahalli,600.0,1.0,1.0,19.5,1,600.0
Super built-up  Area,Hegde Nagar,1965.0,4.0,4.0,132.0,3,655.0
Super built-up  Area,Electronics City Phase 1,1200.0,2.0,2.0,59.76,2,600.0
Super built-up  Area,Jigani,914.0,2.0,2.0,55.0,2,457.0
Super built-up  Area,Whitefield,1485.0,2.0,2.0,96.51,2,742.5
Super built-up  Area,Kanakapura,1460.0,2.0,2.0,43.79,3,486.6666666666667
Super built-up  Area,Thanisandra,1450.0,2.0,2.0,57.0,2,725.0
Built-up  Area,HSR Layout,1360.0,2.0,2.0,53.0,3,453.3333333333333
Super built-up  Area,Uttarahalli,1125.0,2.0,2.0,48.0,2,562.5
Super built-up  Area,7th Phase JP Nagar,1460.0,2.0,2.0,100.0,3,486.6666666666667
Built-up  Area,other,1107.0,2.0,2.0,40.0,2,553.5
Super built-up  Area,Bhoganhalli,1760.0,3.0,3.0,128.0,3,586.6666666666666
Super built-up  Area,other,1600.0,3.0,3.0,112.0,3,533.3333333333334
Super built-up  Area,Whitefield,1755.0,3.0,3.0,101.0,3,585.0
Super built-up  Area,Hulimavu,1200.0,2.0,2.0,50.0,2,600.0
Super built-up  Area,other,1266.67,2.0,2.0,69.0,2,633.335
Super built-up  Area,Mysore Road,1029.5,2.0,2.0,50.855,2,514.75
Super built-up  Area,Raja Rajeshwari Nagar,1128.0,2.0,2.0,40.0,2,564.0
Super built-up  Area,Raja Rajeshwari Nagar,1151.0,2.0,2.0,39.0,2,575.5
Super built-up  Area,Electronic City,1017.0,2.0,2.0,27.0,2,508.5
Built-up  Area,Sarjapur  Road,920.0,2.0,2.0,40.0,2,460.0
Super built-up  Area,Munnekollal,1750.0,3.0,3.0,86.5,3,583.3333333333334
Built-up  Area,Dasanapura,1163.0,2.0,2.0,65.0,2,581.5
Super built-up  Area,other,1800.0,3.0,3.0,95.0,3,600.0
Super built-up  Area,CV Raman Nagar,1100.0,2.0,2.0,58.0,2,550.0
Super built-up  Area,other,1410.0,3.0,3.0,65.0,3,470.0
Super built-up  Area,Begur Road,1200.0,2.0,2.0,45.6,2,600.0
Super built-up  Area,Whitefield,1608.0,2.0,2.0,63.0,3,536.0
Super built-up  Area,Kasavanhalli,770.0,1.0,1.0,43.82,1,770.0
Super built-up  Area,Ardendale,1777.26,3.0,3.0,105.0,3,592.42
Super built-up  Area,Kanakpura Road,1339.0,2.0,2.0,85.0,2,669.5
Built-up  Area,other,1080.0,2.0,2.0,44.8,2,540.0
Built-up  Area,Hulimavu,1450.0,3.0,3.0,72.0,3,483.3333333333333
Super built-up  Area,Sarjapur  Road,1163.0,2.0,2.0,62.0,3,387.6666666666667
Built-up  Area,Hebbal,1299.0,2.0,2.0,100.0,2,649.5
Super built-up  Area,JP Nagar,2195.0,2.6926096474673513,2.6926096474673513,152.0,3,731.6666666666666
Super built-up  Area,KR Puram,1140.0,2.0,2.0,43.32,2,570.0
Super built-up  Area,Kanakpura Road,1900.0,3.0,3.0,125.0,3,633.3333333333334
Super built-up  Area,Electronic City,1110.0,2.0,2.0,39.95,2,555.0
Super built-up  Area,other,1089.0,2.0,2.0,60.0,2,544.5
Built-up  Area,Kereguddadahalli,1080.0,2.0,2.0,32.0,2,540.0
Super built-up  Area,Thanisandra,1093.0,2.0,2.0,68.1,2,546.5
Super built-up  Area,Hegde Nagar,1703.0,3.0,3.0,125.0,3,567.6666666666666
Super built-up  Area,Hebbal,1200.0,2.0,2.0,60.0,2,600.0
Super built-up  Area,Marathahalli,1690.0,3.0,3.0,116.0,3,563.3333333333334
Super built-up  Area,Yelahanka,1305.0,2.0,2.0,78.0,2,652.5
Super built-up  Area,other,1194.0,2.0,2.0,55.0,2,597.0
Super built-up  Area,Whitefield,2225.0,3.0,3.0,149.0,3,741.6666666666666
Super built-up  Area,other,1022.0,2.0,2.0,57.0,2,511.0
Built-up  Area,other,1153.0,2.0,2.0,45.0,2,576.5
Built-up  Area,other,1560.0,3.0,3.0,68.0,3,520.0
Super built-up  Area,Billekahalli,1350.0,3.0,3.0,55.0,2,675.0
Super built-up  Area,Chandapura,800.0,2.0,2.0,25.0,2,400.0
Super built-up  Area,Electronic City,2093.0,4.0,4.0,104.0,4,523.25
Super built-up  Area,Bannerghatta Road,1275.0,2.0,2.0,73.0,2,637.5
Super built-up  Area,Begur Road,1215.0,2.0,2.0,43.13,2,607.5
Super built-up  Area,Begur Road,1444.0,2.0,2.0,71.5,3,481.3333333333333
Super built-up  Area,other,950.0,2.0,2.0,38.0,2,475.0
Super built-up  Area,Hennur,1231.0,2.0,2.0,50.0,2,615.5
Super built-up  Area,Yeshwanthpur,1713.0,3.0,3.0,110.0,3,571.0
Built-up  Area,Sonnenahalli,1310.0,2.0,2.0,46.0,3,436.6666666666667
Super built-up  Area,Jalahalli,790.0,2.0,2.0,49.5,2,395.0
Super built-up  Area,Whitefield,1250.0,2.0,2.0,82.0,2,625.0
Built-up  Area,Subramanyapura,1260.0,2.0,2.0,76.0,3,420.0
Super built-up  Area,Rajaji Nagar,1615.0,3.0,3.0,175.0,3,538.3333333333334
Super built-up  Area,Electronic City,1025.0,2.0,2.0,53.9,2,512.5
Super built-up  Area,Sarjapur  Road,1877.0,4.0,4.0,150.0,3,625.6666666666666
Built-up  Area,Lakshminarayana Pura,1649.0,3.0,3.0,150.0,3,549.6666666666666
Built-up  Area,other,1012.0,2.0,2.0,42.0,2,506.0
Super built-up  Area,Green Glen Layout,1680.0,4.0,4.0,95.0,3,560.0
Super built-up  Area,Old Madras Road,1171.0,2.0,2.0,72.0,2,585.5
Super built-up  Area,Tumkur Road,1027.0,2.0,2.0,68.62,2,513.5
Super built-up  Area,Kanakapura,1090.0,2.0,2.0,38.15,2,545.0
Super built-up  Area,Hennur Road,1232.0,2.0,2.0,74.0,2,616.0
Super built-up  Area,Kanakpura Road,525.0,1.0,1.0,27.0,1,525.0
Super built-up  Area,Choodasandra,1254.0,2.0,2.0,65.0,3,418.0
Super built-up  Area,Kanakpura Road,1593.0,3.0,3.0,118.0,3,531.0
Super built-up  Area,other,1333.0,2.0,2.0,77.27,2,666.5
Super built-up  Area,Raja Rajeshwari Nagar,1375.0,2.0,2.0,54.99,3,458.3333333333333
Super built-up  Area,Ardendale,1650.0,3.0,3.0,82.0,3,550.0
Super built-up  Area,Thanisandra,1430.0,2.0,2.0,51.48,3,476.6666666666667
Built-up  Area,Electronic City,940.0,2.0,2.0,54.0,2,470.0
Super built-up  Area,Electronic City,435.0,1.0,1.0,21.0,1,435.0
Super built-up  Area,Begur Road,1160.0,2.0,2.0,36.54,2,580.0
Super built-up  Area,Electronic City,1500.0,2.0,2.0,77.5,3,500.0
Super built-up  Area,Koramangala,1890.0,2.0,2.0,100.0,3,630.0
Super built-up  Area,Whitefield,1495.0,2.6926096474673513,2.6926096474673513,61.28,3,498.3333333333333
Super built-up  Area,Tumkur Road,1459.0,2.0,2.0,95.0,3,486.3333333333333
Super built-up  Area,Yelahanka,1711.0,3.0,3.0,85.61,3,570.3333333333334
Super built-up  Area,Hoodi,1250.0,2.0,2.0,98.0,2,625.0
Super built-up  Area,Thigalarapalya,2072.0,4.0,4.0,160.0,3,690.6666666666666
Plot  Area,Kundalahalli,1600.0,3.0,3.0,170.0,3,533.3333333333334
Super built-up  Area,Kengeri Satellite Town,920.0,2.0,2.0,39.0,2,460.0
Super built-up  Area,Chandapura,778.0,2.0,2.0,25.29,2,389.0
Super built-up  Area,Electronic City,1631.0,3.0,3.0,80.0,3,543.6666666666666
Super built-up  Area,Kanakpura Road,525.0,1.0,1.0,27.5,1,525.0
Built-up  Area,Jalahalli,1395.0,3.0,3.0,82.0,3,465.0
Super built-up  Area,other,2000.0,3.0,3.0,105.0,3,666.6666666666666
Super built-up  Area,Hennur Road,1232.0,2.0,2.0,66.0,2,616.0
Super built-up  Area,Gubbalala,1205.0,2.0,2.0,70.0,2,602.5
Super built-up  Area,other,1179.0,2.0,2.0,55.0,3,393.0
Super built-up  Area,other,1013.0,2.0,2.0,51.0,2,506.5
Super built-up  Area,Uttarahalli,1160.0,2.0,2.0,40.6,2,580.0
Super built-up  Area,7th Phase JP Nagar,1200.0,2.0,2.0,62.5,2,600.0
Plot  Area,other,1200.0,3.0,3.0,99.0,3,400.0
Super built-up  Area,Marathahalli,1065.0,2.0,2.0,55.0,2,532.5
Built-up  Area,Lakshminarayana Pura,1395.0,2.0,2.0,75.0,2,697.5
Built-up  Area,Hebbal Kempapura,1725.0,2.0,2.0,165.0,3,575.0
Built-up  Area,other,1007.0,2.0,2.0,43.0,2,503.5
Super built-up  Area,Mysore Road,940.0,2.0,2.0,43.61,2,470.0
Super built-up  Area,other,675.0,1.0,1.0,15.0,2,337.5
Super built-up  Area,Hebbal,1390.0,2.0,2.0,95.0,2,695.0
Super built-up  Area,Lakshminarayana Pura,1500.0,3.0,3.0,104.0,3,500.0
Super built-up  Area,Vijayanagar,2047.0,3.0,3.0,136.0,3,682.3333333333334
Super built-up  Area,Jakkur,1202.0,2.0,2.0,79.0,2,601.0
Super built-up  Area,other,1012.0,2.0,2.0,59.0,2,506.0
Super built-up  Area,Gunjur,2132.0,3.0,3.0,80.0,3,710.6666666666666
Super built-up  Area,Harlur,1331.0,2.0,2.0,88.0,2,665.5
Super built-up  Area,other,1280.0,2.0,2.0,49.0,3,426.6666666666667
Super built-up  Area,Balagere,1007.0,2.0,2.0,62.0,2,503.5
Super built-up  Area,Thanisandra,1370.0,2.0,2.0,61.0,3,456.6666666666667
Super built-up  Area,other,925.0,2.0,2.0,35.0,2,462.5
Built-up  Area,Attibele,450.0,1.0,1.0,12.5,1,450.0
Super built-up  Area,Hennur Road,1341.0,2.0,2.0,95.0,2,670.5
Super built-up  Area,Tumkur Road,992.0,2.0,2.0,60.0,2,496.0
Super built-up  Area,Uttarahalli,1163.0,2.0,2.0,68.0,2,581.5
Super built-up  Area,Sarjapur  Road,1229.0,2.0,2.0,70.0,2,614.5
Super built-up  Area,Electronic City Phase II,1219.0,2.0,2.0,61.26,2,609.5
Super built-up  Area,Raja Rajeshwari Nagar,1525.0,2.0,2.0,99.13,3,508.3333333333333
Super built-up  Area,Kasavanhalli,1147.0,2.0,2.0,60.0,2,573.5
Super built-up  Area,Akshaya Nagar,1412.0,2.0,2.0,88.0,3,470.6666666666667
Super built-up  Area,Nagarbhavi,1190.0,2.0,2.0,63.0,2,595.0
Super built-up  Area,Jigani,1352.0,3.0,3.0,65.0,3,450.6666666666667
Super built-up  Area,Uttarahalli,1330.0,2.0,2.0,39.9,3,443.3333333333333
Super built-up  Area,Electronic City,1355.0,2.0,2.0,67.0,2,677.5
Super built-up  Area,Ramamurthy Nagar,1200.0,2.0,2.0,46.0,2,600.0
Built-up  Area,Sarjapur  Road,1342.0,2.0,2.0,70.0,2,671.0
Super built-up  Area,Begur Road,1615.0,3.0,3.0,50.87,3,538.3333333333334
Super built-up  Area,Devanahalli,1080.0,2.0,2.0,52.0,2,540.0
Super built-up  Area,other,1600.0,2.0,2.0,31.0,2,800.0
Super built-up  Area,Electronic City,1200.0,2.0,2.0,34.0,2,600.0
Built-up  Area,other,1605.0,3.0,3.0,65.0,3,535.0
Super built-up  Area,other,1200.0,2.0,2.0,80.0,2,600.0
Super built-up  Area,Chandapura,1230.0,2.0,2.0,31.37,3,410.0
Super built-up  Area,other,946.0,2.0,2.0,45.0,2,473.0
Super built-up  Area,Sarjapur  Road,1711.0,3.0,3.0,110.0,3,570.3333333333334
Super built-up  Area,Chandapura,950.0,2.0,2.0,25.65,2,475.0
Super built-up  Area,Kudlu Gate,1656.0,3.0,3.0,80.0,3,552.0
Super built-up  Area,Uttarahalli,1075.0,2.0,2.0,46.76,2,537.5
Super built-up  Area,other,665.0,1.0,1.0,32.0,1,665.0
Super built-up  Area,Electronics City Phase 1,1145.0,2.0,2.0,54.0,2,572.5
Super built-up  Area,Whitefield,1185.0,2.0,2.0,41.0,2,592.5
Built-up  Area,Marathahalli,1693.0,3.0,3.0,125.0,3,564.3333333333334
Super built-up  Area,Uttarahalli,1155.0,2.0,2.0,40.6,2,577.5
Super built-up  Area,KR Puram,1200.0,2.0,2.0,42.0,2,600.0
Super built-up  Area,other,1439.0,3.0,3.0,57.23,3,479.6666666666667
Built-up  Area,Yelahanka,1315.0,2.0,2.0,75.0,2,657.5
Super built-up  Area,Vijayanagar,1178.0,2.0,2.0,82.0,2,589.0
Super built-up  Area,Mahadevpura,1400.0,2.0,2.0,65.8,3,466.6666666666667
Super built-up  Area,Thanisandra,1093.0,2.0,2.0,72.0,2,546.5
Super built-up  Area,other,1200.0,2.0,2.0,45.0,2,600.0
Built-up  Area,other,1200.0,2.0,2.0,130.0,3,400.0
Super built-up  Area,Uttarahalli,1150.0,2.0,2.0,70.0,2,575.0
Super built-up  Area,Whitefield,1173.0,2.0,2.0,78.2,2,586.5
Super built-up  Area,Thanisandra,1140.0,2.0,2.0,39.0,2,570.0
Super built-up  Area,other,1717.0,3.0,3.0,120.0,3,572.3333333333334
Super built-up  Area,other,1325.0,2.0,2.0,65.0,2,662.5
Built-up  Area,Hoodi,1370.0,3.0,3.0,67.0,3,456.6666666666667
Super built-up  Area,Electronics City Phase 1,1025.0,2.0,2.0,90.0,2,512.5
Super built-up  Area,Bellandur,1200.0,2.0,2.0,52.0,2,600.0
Super built-up  Area,Thanisandra,1200.0,2.0,2.0,53.5,2,600.0
Super built-up  Area,Whitefield,1740.0,4.0,4.0,130.0,3,580.0
Super built-up  Area,Hennur Road,1232.0,2.0,2.0,88.0,2,616.0
Super built-up  Area,other,1250.0,2.0,2.0,50.0,2,625.0
Built-up  Area,other,1475.0,2.0,2.0,171.0,2,737.5
Super built-up  Area,Bommanahalli,2100.0,4.0,4.0,85.0,4,525.0
Super built-up  Area,Padmanabhanagar,1067.0,2.0,2.0,52.0,2,533.5
Super built-up  Area,Sarjapur,1364.0,2.0,2.0,56.0,3,454.6666666666667
Super built-up  Area,other,1504.0,2.0,2.0,102.0,3,501.3333333333333
Super built-up  Area,Hoskote,1069.0,2.0,2.0,38.0,3,356.3333333333333
Super built-up  Area,Hebbal,1333.0,2.0,2.0,100.0,2,666.5
Super built-up  Area,Thanisandra,1698.0,3.0,3.0,107.0,3,566.0
Super built-up  Area,Raja Rajeshwari Nagar,1060.0,2.0,2.0,48.0,2,530.0
Super built-up  Area,Sarjapur  Road,1484.0,2.0,2.0,65.0,3,494.6666666666667
Super built-up  Area,Hennur Road,1310.0,2.0,2.0,66.0,2,655.0
Super built-up  Area,Marathahalli,1693.0,3.0,3.0,125.0,3,564.3333333333334
Super built-up  Area,Jigani,1230.0,3.0,3.0,60.0,3,410.0
Plot  Area,Devanahalli,1200.0,3.0,3.0,145.0,3,400.0
Super built-up  Area,Munnekollal,1385.0,2.0,2.0,66.5,3,461.6666666666667
Super built-up  Area,Tumkur Road,1066.0,2.0,2.0,52.5,2,533.0
Super built-up  Area,7th Phase JP Nagar,1000.0,2.0,2.0,70.65,2,500.0
Super built-up  Area,other,907.0,2.0,2.0,38.0,2,453.5
Super built-up  Area,Varthur,1395.0,2.0,2.0,79.0,3,465.0
Super built-up  Area,other,1180.0,2.0,2.0,50.0,2,590.0
Super built-up  Area,other,1490.0,2.0,2.0,92.0,3,496.6666666666667
Super built-up  Area,Yeshwanthpur,1144.0,2.0,2.0,67.0,2,572.0
Super built-up  Area,Hormavu,1143.0,2.0,2.0,53.0,2,571.5
Super built-up  Area,other,1044.0,2.0,2.0,60.0,2,522.0
Super built-up  Area,Prithvi Layout,1352.0,3.0,3.0,93.0,2,676.0
Built-up  Area,Bellandur,1785.0,3.0,3.0,120.0,3,595.0
Super built-up  Area,other,1650.0,3.0,3.0,51.98,3,550.0
Super built-up  Area,Whitefield,1060.0,2.0,2.0,35.0,2,530.0
Super built-up  Area,Nagarbhavi,1523.0,2.0,2.0,56.0,3,507.6666666666667
Super built-up  Area,Kanakpura Road,1591.0,3.0,3.0,122.0,3,530.3333333333334
Super built-up  Area,other,1640.0,3.0,3.0,84.0,3,546.6666666666666
Built-up  Area,Yelahanka New Town,450.0,1.0,1.0,16.0,1,450.0
Super built-up  Area,Bannerghatta Road,1305.0,2.0,2.0,60.0,3,435.0
Built-up  Area,Kaggadasapura,1240.0,2.0,2.0,45.0,2,620.0
Super built-up  Area,Koramangala,1180.0,2.0,2.0,128.0,2,590.0
Super built-up  Area,Bisuvanahalli,845.0,2.0,2.0,33.0,2,422.5
Super built-up  Area,Channasandra,1310.0,2.0,2.0,45.0,3,436.6666666666667
Super built-up  Area,Yelahanka,1390.0,2.0,2.0,70.21,2,695.0
Super built-up  Area,Kenchenahalli,1280.0,2.0,2.0,69.0,3,426.6666666666667
Super built-up  Area,Ambalipura,950.0,2.0,2.0,31.95,2,475.0
Super built-up  Area,other,1141.0,2.0,2.0,55.0,2,570.5
Super built-up  Area,5th Phase JP Nagar,1200.0,2.0,2.0,51.0,2,600.0
Super built-up  Area,Doddathoguru,855.0,2.0,2.0,32.0,2,427.5
Super built-up  Area,Chandapura,922.0,2.0,2.0,36.0,2,461.0
Super built-up  Area,other,1240.0,2.0,2.0,65.0,3,413.3333333333333
Super built-up  Area,other,1293.0,2.0,2.0,75.0,2,646.5
Super built-up  Area,Yelahanka New Town,1599.0,3.0,3.0,80.0,3,533.0
Super built-up  Area,Nehru Nagar,967.0,2.0,2.0,41.1,2,483.5
Super built-up  Area,other,1885.0,3.0,3.0,90.0,3,628.3333333333334
Super built-up  Area,Sarjapur  Road,1050.0,2.0,2.0,63.5,2,525.0
Super built-up  Area,Marathahalli,1595.0,3.0,3.0,88.0,3,531.6666666666666
Super built-up  Area,Sarjapur  Road,1350.0,2.0,2.0,102.0,2,675.0
Built-up  Area,Hebbal,1204.0,2.0,2.0,45.0,2,602.0
Super built-up  Area,Sarjapur  Road,1035.0,2.0,2.0,49.0,2,517.5
Super built-up  Area,Sarjapur  Road,1457.0,3.0,3.0,85.0,3,485.6666666666667
Super built-up  Area,Whitefield,1655.0,3.0,3.0,120.0,3,551.6666666666666
Super built-up  Area,Ramagondanahalli,1215.0,2.0,2.0,46.1,2,607.5
Super built-up  Area,Kanakpura Road,1155.0,2.0,2.0,50.125,2,577.5
Super built-up  Area,Hoodi,1639.0,3.0,3.0,129.0,3,546.3333333333334
Super built-up  Area,Sarjapur  Road,1685.0,3.0,3.0,135.0,3,561.6666666666666
Super built-up  Area,Hormavu,1100.0,2.0,2.0,38.0,2,550.0
Super built-up  Area,Marathahalli,2122.0,3.0,3.0,125.0,3,707.3333333333334
Built-up  Area,Kengeri,1230.0,2.0,2.0,45.0,2,615.0
Built-up  Area,Electronic City Phase II,1252.0,2.0,2.0,65.0,3,417.3333333333333
Super built-up  Area,8th Phase JP Nagar,500.0,1.0,1.0,30.0,1,500.0
Super built-up  Area,Sarjapur  Road,1350.0,2.0,2.0,68.0,2,675.0
Super built-up  Area,Haralur Road,1560.0,3.0,3.0,90.0,3,520.0
Super built-up  Area,Anandapura,1151.0,2.0,2.0,43.16,2,575.5
Super built-up  Area,other,1250.0,2.0,2.0,60.0,2,625.0
Super built-up  Area,Chandapura,1110.0,2.0,2.0,29.97,3,370.0
Built-up  Area,Hennur Road,1015.0,2.0,2.0,50.0,2,507.5
Super built-up  Area,Kadugodi,1351.0,2.0,2.0,78.0,3,450.3333333333333
Super built-up  Area,Yelahanka New Town,960.0,2.0,2.0,50.0,2,480.0
Built-up  Area,other,1680.0,3.0,3.0,72.0,3,560.0
Built-up  Area,other,1350.0,3.0,3.0,48.6,3,450.0
Super built-up  Area,other,1254.0,2.0,2.0,47.0,2,627.0
Super built-up  Area,Haralur Road,1255.0,3.0,3.0,115.0,3,418.3333333333333
Super built-up  Area,CV Raman Nagar,1051.0,2.0,2.0,61.0,2,525.5
Built-up  Area,Uttarahalli,1099.0,2.0,2.0,65.0,2,549.5
Super built-up  Area,Yeshwanthpur,1541.0,2.0,2.0,130.0,2,770.5
Built-up  Area,Whitefield,1125.0,2.0,2.0,45.0,2,562.5
Super built-up  Area,Vittasandra,1650.0,3.0,3.0,85.0,3,550.0
Super built-up  Area,other,834.0,1.0,1.0,62.0,1,834.0
Super built-up  Area,Gollarapalya Hosahalli,1320.0,3.0,3.0,60.0,3,440.0
Super built-up  Area,Mysore Road,1500.0,3.0,3.0,74.0,3,500.0
Super built-up  Area,Whitefield,1180.0,2.0,2.0,70.0,2,590.0
Super built-up  Area,Kadugodi,1010.0,2.0,2.0,50.0,2,505.0
Built-up  Area,Kalena Agrahara,1040.0,2.0,2.0,45.0,2,520.0
Super built-up  Area,Hulimavu,1430.0,2.0,2.0,90.0,3,476.6666666666667
Super built-up  Area,Domlur,650.0,1.0,1.0,70.0,1,650.0
Super built-up  Area,Thanisandra,1564.0,3.0,3.0,105.0,3,521.3333333333334
Super built-up  Area,Begur Road,1200.0,2.0,2.0,44.4,2,600.0
Built-up  Area,Yelahanka,1650.0,3.0,3.0,105.0,3,550.0
Built-up  Area,Yelahanka,1200.0,2.0,2.0,55.0,2,600.0
Super built-up  Area,Kengeri Satellite Town,985.0,2.0,2.0,42.0,2,492.5
Super built-up  Area,Ramagondanahalli,1475.0,2.0,2.0,63.0,3,491.6666666666667
Super built-up  Area,Sarjapur  Road,1157.0,2.0,2.0,53.99,3,385.6666666666667
Built-up  Area,other,900.0,2.0,2.0,35.0,2,450.0
Super built-up  Area,Kudlu,1570.0,2.0,2.0,65.94,3,523.3333333333334
Super built-up  Area,Kanakapura,1283.0,2.0,2.0,68.0,2,641.5
Built-up  Area,Electronic City Phase II,875.0,2.0,2.0,40.0,3,291.6666666666667
Super built-up  Area,Yelahanka,990.0,2.0,2.0,37.62,2,495.0
Built-up  Area,Harlur,1133.0,2.0,2.0,55.0,2,566.5
Super built-up  Area,Begur Road,1565.0,2.0,2.0,49.3,3,521.6666666666666
Built-up  Area,Munnekollal,1080.0,2.0,2.0,45.0,2,540.0
Plot  Area,other,1240.0,4.0,4.0,180.0,3,413.3333333333333
Built-up  Area,other,1335.0,2.0,2.0,87.0,3,445.0
Super built-up  Area,Sarjapur  Road,1700.0,3.0,3.0,79.9,3,566.6666666666666
Super built-up  Area,Electronic City,435.0,1.0,1.0,22.0,1,435.0
Super built-up  Area,Magadi Road,1116.0,2.0,2.0,51.89,2,558.0
Super built-up  Area,Old Madras Road,1480.0,3.0,3.0,95.0,3,493.3333333333333
Built-up  Area,Hormavu,1000.0,2.0,2.0,50.0,2,500.0
Super built-up  Area,HSR Layout,1145.0,2.0,2.0,46.0,2,572.5
Super built-up  Area,Bommasandra,800.0,1.0,1.0,32.0,2,400.0
Super built-up  Area,Thanisandra,1265.0,2.0,2.0,83.0,2,632.5
Super built-up  Area,Devanahalli,1700.0,3.0,3.0,88.2,3,566.6666666666666
Super built-up  Area,other,1475.0,2.0,2.0,70.0,2,737.5
Super built-up  Area,BTM 2nd Stage,1265.0,2.0,2.0,55.0,2,632.5
Super built-up  Area,Brookefield,1080.0,2.0,2.0,50.0,2,540.0
Super built-up  Area,Whitefield,2023.0,4.0,4.0,130.0,3,674.3333333333334
Super built-up  Area,other,1545.0,2.0,2.0,66.0,3,515.0
Super built-up  Area,Kalena Agrahara,1804.0,3.0,3.0,166.0,3,601.3333333333334
Super built-up  Area,Hoodi,1108.0,2.0,2.0,74.23,2,554.0
Super built-up  Area,Marathahalli,1730.0,3.0,3.0,115.0,3,576.6666666666666
Super built-up  Area,other,1427.0,2.0,2.0,70.0,3,475.6666666666667
Super built-up  Area,Yelahanka,935.0,2.0,2.0,35.53,2,467.5
Super built-up  Area,other,1073.0,2.0,2.0,31.77,2,536.5
Built-up  Area,other,960.0,2.0,2.0,37.0,2,480.0
Super built-up  Area,Thigalarapalya,2215.0,4.0,4.0,150.0,3,738.3333333333334
Built-up  Area,Electronic City Phase II,1125.0,2.0,2.0,32.49,2,562.5
Super built-up  Area,Mahadevpura,1438.0,2.0,2.0,89.0,2,719.0
Super built-up  Area,7th Phase JP Nagar,1080.0,2.0,2.0,75.0,2,540.0
Super built-up  Area,Uttarahalli,1590.0,3.0,3.0,58.0,3,530.0
Super built-up  Area,other,1350.0,3.0,3.0,68.0,3,450.0
Super built-up  Area,Kaggadasapura,1560.0,2.0,2.0,72.0,3,520.0
Built-up  Area,other,1810.0,3.0,3.0,57.0,4,452.5
Super built-up  Area,Sonnenahalli,1484.0,3.0,3.0,74.18,3,494.6666666666667
Super built-up  Area,other,1455.0,2.0,2.0,55.0,3,485.0
Super built-up  Area,Bharathi Nagar,1351.0,2.0,2.0,74.0,2,675.5
Super built-up  Area,KR Puram,1430.0,2.0,2.0,61.0,3,476.6666666666667
Super built-up  Area,Electronic City Phase II,1310.0,2.0,2.0,37.83,3,436.6666666666667
Super built-up  Area,Sarjapur  Road,984.0,2.0,2.0,55.0,2,492.0
Built-up  Area,Jalahalli,1770.0,3.0,3.0,100.0,3,590.0
Built-up  Area,other,1570.0,3.0,3.0,80.0,3,523.3333333333334
Super built-up  Area,other,1495.0,2.0,2.0,65.0,3,498.3333333333333
Super built-up  Area,Hoodi,1530.0,2.0,2.0,67.0,3,510.0
Super built-up  Area,Gunjur,1800.0,3.0,3.0,70.0,3,600.0
Super built-up  Area,Bellandur,1088.0,2.0,2.0,48.0,2,544.0
Super built-up  Area,Hosa Road,1533.0,3.0,3.0,98.18,3,511.0
Built-up  Area,Thubarahalli,1540.0,3.0,3.0,90.0,3,513.3333333333334
Super built-up  Area,Hebbal,1244.0,3.0,3.0,48.0,2,622.0
Super built-up  Area,Hosa Road,1040.0,2.0,2.0,68.59,2,520.0
Super built-up  Area,Thigalarapalya,1245.0,2.0,2.0,100.0,2,622.5
Super built-up  Area,Sarjapur,1124.0,2.0,2.0,30.35,2,562.0
Super built-up  Area,Begur Road,1100.0,2.0,2.0,71.42,2,550.0
Super built-up  Area,Vijayanagar,1019.0,2.0,2.0,58.0,2,509.5
Super built-up  Area,Harlur,1756.0,3.0,3.0,128.0,3,585.3333333333334
Super built-up  Area,Bommasandra,1280.0,3.0,3.0,50.0,3,426.6666666666667
Super built-up  Area,Whitefield,2134.0,4.0,4.0,118.0,3,711.3333333333334
Super built-up  Area,Hosa Road,1369.1,2.0,2.0,98.0,2,684.55
Super built-up  Area,Thigalarapalya,2215.0,4.0,4.0,154.0,3,738.3333333333334
Super built-up  Area,other,1440.0,3.0,3.0,72.0,3,480.0
Super built-up  Area,Hennur Road,1186.0,2.0,2.0,55.33,3,395.3333333333333
Super built-up  Area,Hebbal,1800.0,3.0,3.0,140.0,3,600.0
Built-up  Area,Kudlu,1600.0,3.0,3.0,79.0,3,533.3333333333334
Built-up  Area,other,1000.0,2.0,2.0,35.0,2,500.0
Super built-up  Area,Binny Pete,1740.0,3.0,3.0,150.0,3,580.0
Built-up  Area,other,1567.0,3.0,3.0,140.0,2,783.5
Super built-up  Area,Kambipura,1082.0,2.0,2.0,45.5,3,360.6666666666667
Super built-up  Area,Dasarahalli,1220.0,2.0,2.0,52.0,2,610.0
Super built-up  Area,6th Phase JP Nagar,1170.0,2.0,2.0,120.0,2,585.0
Super built-up  Area,other,1670.0,3.0,3.0,75.0,3,556.6666666666666
Super built-up  Area,Begur,1100.0,2.0,2.0,55.0,2,550.0
Super built-up  Area,Koramangala,1320.0,2.0,2.0,160.0,2,660.0
Super built-up  Area,Electronics City Phase 1,1125.0,2.0,2.0,65.0,2,562.5
Built-up  Area,other,1300.0,2.0,2.0,75.0,3,433.3333333333333
Super built-up  Area,JP Nagar,1600.0,3.0,3.0,83.0,3,533.3333333333334
Super built-up  Area,Magadi Road,1052.0,2.0,2.0,60.0,3,350.6666666666667
Super built-up  Area,other,1130.0,2.0,2.0,36.0,2,565.0
Built-up  Area,Electronic City,1500.0,2.0,2.0,63.0,3,500.0
Super built-up  Area,Gottigere,1230.0,2.0,2.0,52.0,3,410.0
Super built-up  Area,Haralur Road,1520.0,2.0,2.0,85.0,3,506.6666666666667
Super built-up  Area,Kanakpura Road,525.0,1.0,1.0,26.25,1,525.0
Super built-up  Area,Hosa Road,1040.0,2.0,2.0,61.0,2,520.0
Super built-up  Area,Domlur,780.0,1.0,1.0,70.0,1,780.0
Super built-up  Area,Panathur,1140.0,2.0,2.0,51.2,2,570.0
Super built-up  Area,Chandapura,1225.0,3.0,3.0,33.08,3,408.3333333333333
Built-up  Area,other,646.0,1.0,1.0,25.84,1,646.0
Super built-up  Area,Kadugodi,1890.0,4.0,4.0,125.0,3,630.0
Super built-up  Area,Whitefield,1458.0,2.0,2.0,62.0,3,486.0
Built-up  Area,Balagere,1007.0,2.0,2.0,67.0,2,503.5
Super built-up  Area,Doddathoguru,1105.0,2.0,2.0,50.0,2,552.5
Super built-up  Area,Lakshminarayana Pura,1700.0,3.0,3.0,150.0,3,566.6666666666666
Super built-up  Area,Raja Rajeshwari Nagar,1170.0,2.0,2.0,50.0,2,585.0
Built-up  Area,Chandapura,1080.0,2.0,2.0,45.0,2,540.0
Super built-up  Area,Kaggalipura,1150.0,2.0,2.0,62.0,3,383.3333333333333
Super built-up  Area,Ramamurthy Nagar,1200.0,2.0,2.0,57.9,2,600.0
Super built-up  Area,Kudlu Gate,1656.0,3.0,3.0,75.0,3,552.0
Super built-up  Area,KR Puram,1040.0,2.0,2.0,50.0,2,520.0
Super built-up  Area,Hosur Road,1085.0,2.0,2.0,33.7,2,542.5
Plot  Area,Hoodi,1100.0,4.0,4.0,120.0,4,275.0
Built-up  Area,other,1050.0,2.0,2.0,55.0,2,525.0
Super built-up  Area,Mysore Road,947.55,2.0,2.0,80.0,2,473.775
Built-up  Area,other,1421.0,2.0,2.0,90.0,2,710.5
Super built-up  Area,Old Madras Road,1425.0,2.0,2.0,74.31,3,475.0
Super built-up  Area,Budigere,1162.0,2.0,2.0,58.0,2,581.0
Super built-up  Area,Whitefield,905.0,1.0,1.0,60.0,1,905.0
Super built-up  Area,Sarjapur  Road,914.0,2.0,2.0,32.0,2,457.0
Super built-up  Area,Whitefield,1537.0,2.0,2.0,70.0,3,512.3333333333334
Plot  Area,Hosur Road,2000.0,4.0,4.0,69.0,4,500.0
Built-up  Area,other,950.0,2.0,2.0,32.0,2,475.0
Super built-up  Area,Yelahanka,1282.0,2.0,2.0,48.72,3,427.3333333333333
Built-up  Area,Jakkur,1220.0,2.0,2.0,49.0,3,406.6666666666667
Built-up  Area,7th Phase JP Nagar,1415.0,3.0,3.0,65.0,3,471.6666666666667
Super built-up  Area,Green Glen Layout,1728.0,3.0,3.0,125.0,3,576.0
Super built-up  Area,other,1235.0,2.0,2.0,140.0,2,617.5
Built-up  Area,Kasavanhalli,1495.0,2.0,2.0,83.0,2,747.5
Super built-up  Area,Hennur Road,2002.0,3.0,3.0,120.0,3,667.3333333333334
Plot  Area,Bommasandra,1942.0,3.0,3.0,90.0,3,647.3333333333334
Super built-up  Area,Electronics City Phase 1,1522.5,2.6926096474673513,2.6926096474673513,60.75,3,507.5
Built-up  Area,other,1450.0,3.0,3.0,90.0,3,483.3333333333333
Super built-up  Area,Electronic City,1039.0,2.0,2.0,50.0,2,519.5
Super built-up  Area,Old Madras Road,1210.0,2.0,2.0,80.0,2,605.0
Super built-up  Area,Attibele,995.0,1.0,1.0,24.88,2,497.5
Built-up  Area,Yelahanka,1620.0,3.0,3.0,90.0,3,540.0
Built-up  Area,Marathahalli,1314.0,2.0,2.0,55.0,2,657.0
Super built-up  Area,Bisuvanahalli,945.0,2.0,2.0,33.0,2,472.5
Built-up  Area,Nehru Nagar,1374.0,3.0,3.0,72.0,3,458.0
Built-up  Area,Kanakpura Road,1603.0,3.0,3.0,113.0,3,534.3333333333334
Built-up  Area,Kengeri,1230.0,2.0,2.0,52.0,3,410.0
Super built-up  Area,Sarjapur  Road,1864.0,3.0,3.0,105.0,4,466.0
Super built-up  Area,Raja Rajeshwari Nagar,1625.0,2.0,2.0,54.0,3,541.6666666666666
Super built-up  Area,Whitefield,1186.0,2.0,2.0,55.0,2,593.0
Super built-up  Area,Electronic City,770.0,1.0,1.0,39.9,2,385.0
Super built-up  Area,Varthur,1085.0,2.0,2.0,45.0,2,542.5
Super built-up  Area,other,1893.0,3.0,3.0,115.0,3,631.0
Super built-up  Area,Kundalahalli,1496.0,2.0,2.0,78.0,3,498.6666666666667
Super built-up  Area,Electronics City Phase 1,1550.0,2.0,2.0,82.0,3,516.6666666666666
Super built-up  Area,Electronic City Phase II,1286.0,2.0,2.0,69.0,2,643.0
Super built-up  Area,Hebbal,1860.0,3.0,3.0,95.0,3,620.0
Super built-up  Area,Haralur Road,1243.0,2.0,2.0,45.0,2,621.5
Super built-up  Area,Brookefield,1200.0,2.0,2.0,75.0,2,600.0
Super built-up  Area,Sarjapur,1044.0,2.0,2.0,32.0,2,522.0
Super built-up  Area,7th Phase JP Nagar,1040.0,2.0,2.0,41.59,2,520.0
Super built-up  Area,Subramanyapura,1278.0,2.0,2.0,59.0,3,426.0
Super built-up  Area,other,1250.0,2.0,2.0,43.0,2,625.0
Super built-up  Area,Sarjapur  Road,1157.0,2.0,2.0,57.84,3,385.6666666666667
Super built-up  Area,Raja Rajeshwari Nagar,1185.0,2.0,2.0,51.15,2,592.5
Super built-up  Area,Kalena Agrahara,1450.0,3.0,3.0,100.0,3,483.3333333333333
Super built-up  Area,Old Madras Road,1859.0,3.0,3.0,121.0,3,619.6666666666666
Super built-up  Area,Attibele,900.0,1.0,1.0,25.0,2,450.0
Super built-up  Area,Ramamurthy Nagar,1305.0,3.0,3.0,60.0,3,435.0
Super built-up  Area,Thanisandra,784.0,1.0,1.0,35.285,1,784.0
Super built-up  Area,Sarjapur  Road,1150.0,2.0,2.0,36.8,2,575.0
Built-up  Area,Whitefield,1806.0,3.0,3.0,85.0,3,602.0
Super built-up  Area,Kudlu,1027.0,2.0,2.0,42.0,2,513.5
Super built-up  Area,Uttarahalli,1002.0,2.0,2.0,40.08,2,501.0
Super built-up  Area,Electronic City Phase II,1220.0,2.0,2.0,36.21,3,406.6666666666667
Super built-up  Area,Whitefield,1109.0,2.0,2.0,35.22,2,554.5
Built-up  Area,Uttarahalli,1002.0,2.0,2.0,40.08,2,501.0
Super built-up  Area,Hennur Road,1232.0,2.0,2.0,69.6,2,616.0
Super built-up  Area,Raja Rajeshwari Nagar,1255.0,2.0,2.0,53.87,2,627.5
Built-up  Area,Akshaya Nagar,1434.0,3.0,3.0,84.0,3,478.0
Built-up  Area,Doddathoguru,925.0,2.0,2.0,30.0,2,462.5
Super built-up  Area,Jakkur,1858.0,3.0,3.0,123.0,3,619.3333333333334
Built-up  Area,other,1205.0,2.0,2.0,70.0,2,602.5
Plot  Area,other,1500.0,3.0,3.0,90.0,3,500.0
Super built-up  Area,Thanisandra,965.0,2.0,2.0,56.0,2,482.5
Super built-up  Area,Battarahalli,1636.0,2.0,2.0,82.89,2,818.0
Super built-up  Area,Whitefield,1216.0,2.0,2.0,67.0,2,608.0
Super built-up  Area,Yelahanka,654.0,1.0,1.0,36.25,1,654.0
Super built-up  Area,Budigere,1636.0,3.0,3.0,92.0,3,545.3333333333334
Super built-up  Area,Hennur Road,1195.0,2.0,2.0,73.0,2,597.5
Super built-up  Area,Whitefield,1452.0,3.0,3.0,90.0,3,484.0
Super built-up  Area,Thanisandra,1546.0,3.0,3.0,95.0,3,515.3333333333334
Super built-up  Area,Indira Nagar,1475.0,2.0,2.0,171.0,2,737.5
Super built-up  Area,Balagere,1007.0,2.0,2.0,66.0,2,503.5
Built-up  Area,other,909.0,2.0,2.0,43.0,3,303.0
Super built-up  Area,other,1400.0,2.0,2.0,85.0,2,700.0
Super built-up  Area,Whitefield,1150.0,2.0,2.0,55.0,2,575.0
Super built-up  Area,Bellandur,1310.0,2.0,2.0,85.0,2,655.0
Super built-up  Area,Hosur Road,1590.0,2.0,2.0,126.0,3,530.0
Super built-up  Area,Green Glen Layout,1645.0,3.0,3.0,110.0,3,548.3333333333334
Super built-up  Area,Thanisandra,1795.0,3.0,3.0,150.0,3,598.3333333333334
Super built-up  Area,Thanisandra,777.0,1.0,1.0,38.535,1,777.0
Super built-up  Area,other,925.0,2.0,2.0,70.0,2,462.5
Super built-up  Area,Thanisandra,1430.0,2.0,2.0,54.0,3,476.6666666666667
Super built-up  Area,Bommanahalli,1020.0,2.0,2.0,55.0,2,510.0
Super built-up  Area,Electronic City Phase II,1140.0,2.0,2.0,32.92,2,570.0
Built-up  Area,other,850.0,1.0,1.0,35.5,2,425.0
Super built-up  Area,Thanisandra,1697.0,3.0,3.0,110.0,3,565.6666666666666
Super built-up  Area,Gottigere,1120.0,2.0,2.0,50.0,2,560.0
Built-up  Area,Thanisandra,1492.0,3.0,3.0,88.0,3,497.3333333333333
Super built-up  Area,Devanahalli,1498.0,3.0,3.0,79.15,3,499.3333333333333
Super built-up  Area,Kundalahalli,1010.0,2.0,2.0,48.27,2,505.0
Super built-up  Area,Channasandra,1050.0,2.0,2.0,35.0,2,525.0
Super built-up  Area,Hegde Nagar,1847.0,3.0,3.0,125.0,3,615.6666666666666
Super built-up  Area,Hegde Nagar,2144.6,4.0,4.0,145.0,3,714.8666666666667
Super built-up  Area,Kengeri,750.0,2.0,2.0,36.5,2,375.0
Super built-up  Area,Electronic City,919.0,2.0,2.0,35.0,2,459.5
Super built-up  Area,Budigere,1087.0,2.0,2.0,54.3,2,543.5
Built-up  Area,other,1480.0,3.0,3.0,74.0,3,493.3333333333333
Super built-up  Area,Jigani,1221.0,3.0,3.0,65.0,3,407.0
Built-up  Area,Thanisandra,2072.0,3.0,3.0,122.0,3,690.6666666666666
Super built-up  Area,other,1253.0,2.0,2.0,81.5,2,626.5
Super built-up  Area,Hennur Road,1061.0,2.0,2.0,54.92,2,530.5
Built-up  Area,Marathahalli,1250.0,2.0,2.0,68.0,2,625.0
Super built-up  Area,Hennur Road,1585.0,2.0,2.0,80.0,3,528.3333333333334
Super built-up  Area,Kammasandra,1015.0,2.0,2.0,37.0,2,507.5
Super built-up  Area,Electronic City Phase II,1116.0,2.0,2.0,40.0,2,558.0
Super built-up  Area,Old Madras Road,1300.0,2.0,2.0,100.0,2,650.0
Super built-up  Area,Raja Rajeshwari Nagar,1419.0,2.0,2.0,60.42,2,709.5
Super built-up  Area,other,1310.0,2.0,2.0,55.0,3,436.6666666666667
Super built-up  Area,Thigalarapalya,2072.0,4.0,4.0,152.0,3,690.6666666666666
Built-up  Area,Kaggadasapura,1240.0,2.0,2.0,58.58,2,620.0
Super built-up  Area,Budigere,1820.0,3.0,3.0,89.0,3,606.6666666666666
Super built-up  Area,other,1315.0,3.0,3.0,65.0,3,438.3333333333333
Super built-up  Area,Kenchenahalli,1410.0,2.0,2.0,73.0,3,470.0
Super built-up  Area,Dasarahalli,1375.0,2.0,2.0,60.0,2,687.5
Super built-up  Area,Old Madras Road,1299.0,2.0,2.0,95.0,2,649.5
Super built-up  Area,other,993.0,2.0,2.0,45.5,2,496.5
Super built-up  Area,Hoodi,1655.0,3.0,3.0,131.0,3,551.6666666666666
Built-up  Area,Electronic City,550.0,1.0,1.0,15.0,2,275.0
Super built-up  Area,Begur Road,1634.0,3.0,3.0,111.0,3,544.6666666666666
Super built-up  Area,Gottigere,1500.0,3.0,3.0,63.0,3,500.0
Super built-up  Area,Whitefield,1295.0,2.0,2.0,78.5,2,647.5
Super built-up  Area,Sarjapur  Road,1320.0,2.0,2.0,100.0,2,660.0
Super built-up  Area,Whitefield,840.0,1.0,1.0,57.6,1,840.0
Super built-up  Area,Whitefield,640.0,1.0,1.0,19.83,1,640.0
Super built-up  Area,Raja Rajeshwari Nagar,1693.0,3.0,3.0,71.38,3,564.3333333333334
Built-up  Area,other,1305.0,2.0,2.0,70.0,2,652.5
Built-up  Area,Kodichikkanahalli,450.0,1.0,1.0,18.0,1,450.0
Super built-up  Area,CV Raman Nagar,705.0,1.0,1.0,57.0,1,705.0
Super built-up  Area,Battarahalli,1779.0,3.0,3.0,90.0,3,593.0
Super built-up  Area,other,870.0,2.0,2.0,38.0,2,435.0
Super built-up  Area,Thanisandra,1595.0,3.0,3.0,120.0,3,531.6666666666666
Super built-up  Area,Iblur Village,2000.0,4.0,4.0,138.0,3,666.6666666666666
Super built-up  Area,Yelahanka,1614.0,3.0,3.0,93.0,3,538.0
Built-up  Area,Electronic City Phase II,1150.0,3.0,3.0,46.0,3,383.3333333333333
Super built-up  Area,Sonnenahalli,1610.0,3.0,3.0,80.48,3,536.6666666666666
Super built-up  Area,7th Phase JP Nagar,1460.0,2.0,2.0,97.0,3,486.6666666666667
Built-up  Area,other,1569.0,3.0,3.0,70.0,3,523.0
Super built-up  Area,Electronics City Phase 1,645.0,1.0,1.0,42.5,1,645.0
Super built-up  Area,Marathahalli,1350.0,2.0,2.0,90.0,2,675.0
Super built-up  Area,Whitefield,1109.0,2.0,2.0,35.47,2,554.5
Super built-up  Area,Bannerghatta Road,1215.0,2.0,2.0,68.0,2,607.5
Super built-up  Area,Kasavanhalli,1225.0,2.0,2.0,69.0,3,408.3333333333333
Super built-up  Area,Sarjapur  Road,1984.0,4.0,4.0,145.0,3,661.3333333333334
Super built-up  Area,Bommasandra,1127.0,2.0,2.0,45.0,2,563.5
Super built-up  Area,Kaggadasapura,1000.0,2.0,2.0,43.0,2,500.0
Super built-up  Area,Hormavu,1350.0,2.0,2.0,45.0,2,675.0
Super built-up  Area,Sahakara Nagar,1175.0,2.0,2.0,49.0,2,587.5
Super built-up  Area,other,655.0,1.0,1.0,27.0,1,655.0
Super built-up  Area,Hosa Road,1311.0,2.0,2.0,84.86,3,437.0
Carpet  Area,CV Raman Nagar,1000.0,2.0,2.0,38.5,2,500.0
Built-up  Area,Kanakpura Road,1050.0,2.0,2.0,59.0,3,350.0
Super built-up  Area,Varthur,1520.0,2.0,2.0,61.0,3,506.6666666666667
Built-up  Area,Hebbal,1333.0,2.0,2.0,104.0,2,666.5
Super built-up  Area,other,600.0,1.0,1.0,18.0,1,600.0
Super built-up  Area,Abbigere,1326.0,2.0,2.0,34.8,3,442.0
Super built-up  Area,Sarjapur  Road,1773.5,2.6926096474673513,2.6926096474673513,85.125,3,591.1666666666666
Built-up  Area,Koramangala,1370.0,2.0,2.0,125.0,2,685.0
Super built-up  Area,Koramangala,1100.0,2.0,2.0,85.0,2,550.0
Super built-up  Area,Billekahalli,950.0,2.0,2.0,58.11,2,475.0
Super built-up  Area,Kalena Agrahara,1804.0,3.0,3.0,175.0,3,601.3333333333334
Super built-up  Area,Hoodi,1257.0,2.0,2.0,68.5,2,628.5
Super built-up  Area,Sarjapur,650.0,1.0,1.0,19.87,1,650.0
Super built-up  Area,Whitefield,1850.0,3.0,3.0,150.0,3,616.6666666666666
Super built-up  Area,other,1630.0,3.0,3.0,51.35,3,543.3333333333334
Super built-up  Area,Jalahalli,1310.0,2.0,2.0,60.0,3,436.6666666666667
Super built-up  Area,other,1000.0,2.0,2.0,45.0,2,500.0
Super built-up  Area,Sahakara Nagar,1370.0,2.0,2.0,90.0,3,456.6666666666667
Built-up  Area,Bellandur,1465.0,3.0,3.0,90.0,2,732.5
Super built-up  Area,Padmanabhanagar,1250.0,2.0,2.0,70.0,3,416.6666666666667
Super built-up  Area,other,1400.0,2.0,2.0,78.0,3,466.6666666666667
Built-up  Area,Bisuvanahalli,845.0,2.0,2.0,30.0,2,422.5
Super built-up  Area,Gunjur,1175.0,2.0,2.0,43.48,2,587.5
Super built-up  Area,Bellandur,1767.0,3.0,3.0,109.0,3,589.0
Super built-up  Area,Sarjapur  Road,1800.0,3.0,3.0,90.0,4,450.0
Super built-up  Area,Rajaji Nagar,1613.0,3.0,3.0,150.0,3,537.6666666666666
Super built-up  Area,Kasavanhalli,1375.0,2.0,2.0,78.0,2,687.5
Super built-up  Area,other,985.0,2.0,2.0,57.0,2,492.5
Super built-up  Area,Electronic City,605.0,1.0,1.0,13.31,1,605.0
Super built-up  Area,Marathahalli,1200.0,2.0,2.0,53.0,2,600.0
Built-up  Area,Hulimavu,1000.0,2.0,2.0,45.0,2,500.0
Super built-up  Area,Electronic City,1159.0,2.0,2.0,38.0,3,386.3333333333333
Built-up  Area,other,1540.0,2.0,2.0,78.0,3,513.3333333333334
Super built-up  Area,Ambedkar Nagar,1850.0,4.0,4.0,120.0,3,616.6666666666666
Built-up  Area,Uttarahalli,1580.0,3.0,3.0,60.0,3,526.6666666666666
Super built-up  Area,other,1190.0,2.0,2.0,39.25,2,595.0
Super built-up  Area,Thanisandra,1880.0,3.0,3.0,120.0,3,626.6666666666666
Super built-up  Area,Padmanabhanagar,1150.0,2.0,2.0,45.0,2,575.0
Built-up  Area,Karuna Nagar,1962.0,3.0,3.0,175.0,3,654.0
Super built-up  Area,Attibele,1174.0,2.0,2.0,29.35,2,587.0
Super built-up  Area,Bannerghatta Road,1894.0,3.0,3.0,115.0,3,631.3333333333334
Super built-up  Area,other,1760.0,3.0,3.0,142.0,3,586.6666666666666
Built-up  Area,Kothanur,1790.0,3.0,3.0,97.0,3,596.6666666666666
Super built-up  Area,Mahadevpura,1137.0,2.0,2.0,53.4,2,568.5
Super built-up  Area,Mysore Road,1568.0,2.0,2.0,100.0,3,522.6666666666666
Super built-up  Area,AECS Layout,1308.0,2.0,2.0,60.0,2,654.0
Super built-up  Area,Bisuvanahalli,1200.0,2.0,2.0,41.0,3,400.0
Super built-up  Area,Electronic City,530.0,1.0,1.0,13.5,1,530.0
Built-up  Area,Bisuvanahalli,873.0,2.0,2.0,40.0,3,291.0
Super built-up  Area,Thanisandra,760.0,1.0,1.0,50.0,1,760.0
Super built-up  Area,Sarjapur  Road,1550.0,2.0,2.0,89.0,3,516.6666666666666
Super built-up  Area,Ramagondanahalli,1251.0,2.0,2.0,50.0,2,625.5
Super built-up  Area,Electronic City,1070.0,2.0,2.0,53.0,2,535.0
Built-up  Area,CV Raman Nagar,1435.0,2.0,2.0,60.0,3,478.3333333333333
Built-up  Area,Bommasandra,1400.0,2.0,2.0,45.0,3,466.6666666666667
Super built-up  Area,Thanisandra,1200.0,2.0,2.0,60.0,2,600.0
Super built-up  Area,Bannerghatta Road,1655.0,2.0,2.0,62.89,3,551.6666666666666
Super built-up  Area,Electronics City Phase 1,1175.0,2.0,2.0,50.0,2,587.5
Super built-up  Area,Uttarahalli,1155.0,2.0,2.0,40.43,2,577.5
Plot  Area,Magadi Road,1200.0,3.0,3.0,98.0,3,400.0
Super built-up  Area,Budigere,1149.0,2.0,2.0,65.0,2,574.5
Super built-up  Area,Jakkur,1745.0,2.6926096474673513,2.6926096474673513,98.485,3,581.6666666666666
Super built-up  Area,Hegde Nagar,1718.0,3.0,3.0,119.0,3,572.6666666666666
Super built-up  Area,Banashankari,1330.0,2.0,2.0,77.0,2,665.0
Super built-up  Area,Hormavu,1200.0,2.0,2.0,68.0,2,600.0
Super built-up  Area,Bannerghatta Road,1693.0,3.0,3.0,89.0,3,564.3333333333334
Super built-up  Area,Koramangala,1249.0,2.0,2.0,165.0,2,624.5
Built-up  Area,Thanisandra,1800.0,4.0,4.0,125.0,3,600.0
Super built-up  Area,other,1020.0,2.0,2.0,46.0,2,510.0
Super built-up  Area,Bannerghatta Road,1280.0,2.0,2.0,60.16,2,640.0
Super built-up  Area,Thanisandra,933.0,2.0,2.0,58.0,1,933.0
Built-up  Area,Sarjapur  Road,1150.0,2.0,2.0,44.0,2,575.0
Super built-up  Area,Rajaji Nagar,1380.0,3.0,3.0,130.0,3,460.0
Super built-up  Area,Harlur,1303.0,2.0,2.0,90.0,2,651.5
Super built-up  Area,Raja Rajeshwari Nagar,1196.0,2.0,2.0,40.54,2,598.0
Super built-up  Area,Akshaya Nagar,1419.0,2.0,2.0,87.0,3,473.0
Super built-up  Area,Banashankari,1200.0,2.0,2.0,49.0,2,600.0
Super built-up  Area,Electronics City Phase 1,762.5,1.0,1.0,45.4,1,762.5
Super built-up  Area,Electronics City Phase 1,1245.0,2.0,2.0,75.0,2,622.5
Super built-up  Area,Channasandra,1093.0,2.0,2.0,34.0,2,546.5
Super built-up  Area,Hebbal,1345.0,2.0,2.0,97.0,2,672.5
Super built-up  Area,Vijayanagar,1180.0,2.0,2.0,86.0,2,590.0
Super built-up  Area,other,1020.0,2.0,2.0,48.45,2,510.0
Super built-up  Area,CV Raman Nagar,1020.0,2.0,2.0,55.0,2,510.0
Super built-up  Area,other,2095.0,3.0,3.0,142.0,3,698.3333333333334
Super built-up  Area,Gunjur,1362.0,3.0,3.0,62.63,3,454.0
Super built-up  Area,Yelahanka,694.0,1.0,1.0,30.84,1,694.0
Super built-up  Area,Vittasandra,1404.0,2.0,2.0,70.0,2,702.0
Super built-up  Area,Rachenahalli,985.0,2.0,2.0,49.97,2,492.5
Built-up  Area,Indira Nagar,850.0,1.0,1.0,60.0,1,850.0
Super built-up  Area,Ambedkar Nagar,1367.0,2.0,2.0,86.0,2,683.5
Super built-up  Area,Rajaji Nagar,1210.0,2.0,2.0,81.0,3,403.3333333333333
Super built-up  Area,Whitefield,1140.0,2.0,2.0,40.0,2,570.0
Super built-up  Area,Hoskote,1095.0,2.0,2.0,33.6,2,547.5
Super built-up  Area,Attibele,782.0,1.0,1.0,19.55,1,782.0
Super built-up  Area,Gubbalala,1435.0,2.0,2.0,80.0,3,478.3333333333333
Super built-up  Area,Choodasandra,725.0,2.0,2.0,36.0,2,362.5
Built-up  Area,other,1600.0,2.0,2.0,88.0,3,533.3333333333334
Super built-up  Area,Nehru Nagar,1674.0,3.0,3.0,90.0,3,558.0
Super built-up  Area,Kanakpura Road,1703.0,3.0,3.0,130.0,3,567.6666666666666
Super built-up  Area,Horamavu Agara,1145.0,2.0,2.0,41.21,2,572.5
Super built-up  Area,7th Phase JP Nagar,1100.0,3.0,3.0,60.0,2,550.0
Carpet  Area,Kanakpura Road,1600.0,3.0,3.0,90.0,3,533.3333333333334
Plot  Area,Sarjapur  Road,1480.0,4.0,4.0,169.0,5,296.0
Super built-up  Area,Raja Rajeshwari Nagar,1630.0,3.0,3.0,60.65,3,543.3333333333334
Super built-up  Area,Hosakerehalli,1410.0,2.0,2.0,53.58,3,470.0
Carpet  Area,Bhoganhalli,1181.7,2.0,2.0,100.0,2,590.85
Super built-up  Area,Whitefield,1356.0,2.0,2.0,94.84,2,678.0
Super built-up  Area,Whitefield,1338.0,2.0,2.0,103.0,2,669.0
Super built-up  Area,other,1280.0,2.0,2.0,100.0,3,426.6666666666667
Super built-up  Area,Raja Rajeshwari Nagar,1531.0,3.0,3.0,51.77,3,510.3333333333333
Super built-up  Area,8th Phase JP Nagar,1605.0,2.0,2.0,65.0,3,535.0
Super built-up  Area,Thanisandra,1917.0,3.0,3.0,110.0,3,639.0
Built-up  Area,Sarjapur  Road,1400.0,3.0,3.0,55.0,3,466.6666666666667
Super built-up  Area,Hennur Road,2041.0,3.0,3.0,128.0,3,680.3333333333334
Super built-up  Area,Sarjapur  Road,2070.0,4.0,4.0,160.0,3,690.0
Super built-up  Area,Hebbal,1110.0,3.0,3.0,59.0,3,370.0
Super built-up  Area,HSR Layout,1142.0,2.0,2.0,65.0,2,571.0
Super built-up  Area,Electronic City Phase II,1502.0,3.0,3.0,50.0,3,500.6666666666667
Super built-up  Area,other,1176.0,2.0,2.0,45.0,3,392.0
Super built-up  Area,other,1425.0,3.0,3.0,55.0,3,475.0
Super built-up  Area,Hosur Road,1345.0,2.0,2.0,108.0,2,672.5
Super built-up  Area,Raja Rajeshwari Nagar,1160.0,2.0,2.0,70.0,2,580.0
Plot  Area,other,2000.0,2.0,2.0,95.0,3,666.6666666666666
Super built-up  Area,Uttarahalli,1125.0,2.0,2.0,47.65,2,562.5
Built-up  Area,Raja Rajeshwari Nagar,1133.0,2.0,2.0,38.37,2,566.5
Super built-up  Area,Devanahalli,1466.0,3.0,3.0,77.59,3,488.6666666666667
Built-up  Area,Kaggadasapura,1225.0,2.0,2.0,48.0,2,612.5
Super built-up  Area,Akshaya Nagar,1300.0,2.0,2.0,54.0,2,650.0
Super built-up  Area,Thanisandra,1996.0,4.0,4.0,123.0,3,665.3333333333334
Super built-up  Area,Sarjapur  Road,1435.0,3.0,3.0,90.0,3,478.3333333333333
Super built-up  Area,other,1601.0,3.0,3.0,70.0,3,533.6666666666666
Super built-up  Area,other,1257.0,2.0,2.0,93.0,2,628.5
Super built-up  Area,Kasavanhalli,1309.0,2.0,2.0,95.0,2,654.5
Super built-up  Area,Whitefield,1115.0,2.0,2.0,55.0,2,557.5
Super built-up  Area,Banashankari,1185.0,2.0,2.0,67.0,2,592.5
Super built-up  Area,7th Phase JP Nagar,1790.0,3.0,3.0,120.0,3,596.6666666666666
Super built-up  Area,Budigere,693.0,1.0,1.0,27.375,1,693.0
Built-up  Area,Hoodi,1000.0,2.0,2.0,48.0,2,500.0
Super built-up  Area,Thanisandra,1183.0,2.0,2.0,77.25,2,591.5
Built-up  Area,Hebbal,1200.0,2.0,2.0,52.0,2,600.0
Super built-up  Area,Ramagondanahalli,1151.0,2.0,2.0,43.6,2,575.5
Super built-up  Area,Hulimavu,1320.0,2.0,2.0,59.0,3,440.0
Super built-up  Area,Hegde Nagar,1847.0,3.0,3.0,123.0,3,615.6666666666666
Super built-up  Area,Devanahalli,1020.0,2.0,2.0,49.87,1,1020.0
Super built-up  Area,Somasundara Palya,1650.0,3.0,3.0,95.0,3,550.0
Super built-up  Area,Mysore Road,1360.0,3.0,3.0,47.6,3,453.3333333333333
Super built-up  Area,Brookefield,1089.0,2.0,2.0,49.0,2,544.5
Super built-up  Area,Yelahanka,1115.0,2.0,2.0,60.0,2,557.5
Super built-up  Area,Kannamangala,1536.0,3.0,3.0,104.0,3,512.0
Super built-up  Area,Electronic City,1571.0,3.0,3.0,83.0,3,523.6666666666666
Super built-up  Area,other,1517.0,2.0,2.0,125.0,2,758.5
Super built-up  Area,Budigere,664.0,1.0,1.0,35.4,1,664.0
Super built-up  Area,Hegde Nagar,1340.0,2.0,2.0,72.0,2,670.0
Super built-up  Area,Attibele,1175.0,2.0,2.0,29.38,2,587.5
Super built-up  Area,Electronic City,1470.0,2.0,2.0,44.1,3,490.0
Super built-up  Area,Kanakpura Road,525.0,2.6926096474673513,2.6926096474673513,29.25,1,525.0
Super built-up  Area,7th Phase JP Nagar,1680.0,3.0,3.0,117.0,3,560.0
Super built-up  Area,Gunjur,1071.0,2.0,2.0,51.0,2,535.5
Super built-up  Area,Sector 2 HSR Layout,1512.0,3.0,3.0,80.0,3,504.0
Built-up  Area,Kalyan nagar,1190.0,2.0,2.0,60.0,2,595.0
Super built-up  Area,Kanakpura Road,1283.0,2.0,2.0,63.22,2,641.5
Built-up  Area,other,1325.0,2.0,2.0,73.0,2,662.5
Super built-up  Area,Whitefield,1105.0,2.0,2.0,35.36,2,552.5
Super built-up  Area,other,1600.0,3.0,3.0,74.5,3,533.3333333333334
Super built-up  Area,Kanakpura Road,800.0,2.6926096474673513,2.6926096474673513,41.145,2,400.0
Super built-up  Area,Talaghattapura,2099.0,3.0,3.0,147.0,3,699.6666666666666
Super built-up  Area,other,1365.0,2.0,2.0,72.0,3,455.0
Super built-up  Area,Hebbal Kempapura,1485.0,3.0,3.0,132.0,2,742.5
Super built-up  Area,Hosur Road,1250.0,2.0,2.0,55.0,2,625.0
Super built-up  Area,Kanakpura Road,1328.0,2.0,2.0,91.06,2,664.0
Super built-up  Area,Electronic City,1350.0,3.0,3.0,66.0,3,450.0
Super built-up  Area,Electronic City Phase II,1020.0,2.0,2.0,32.0,2,510.0
Super built-up  Area,Begur Road,1410.0,2.0,2.0,49.34,3,470.0
Built-up  Area,other,2159.0,3.0,3.0,120.0,3,719.6666666666666
Super built-up  Area,Whitefield,1074.0,2.0,2.0,42.79,2,537.0
Super built-up  Area,Sarjapur,1170.0,2.0,2.0,35.41,3,390.0
Super built-up  Area,Tumkur Road,728.5,1.0,1.0,31.315,1,728.5
Super built-up  Area,Bommanahalli,1660.0,2.0,2.0,100.0,3,553.3333333333334
Super built-up  Area,Mahadevpura,1601.0,3.0,3.0,95.0,3,533.6666666666666
Built-up  Area,Electronic City Phase II,1900.0,3.0,3.0,97.0,4,475.0
Super built-up  Area,Bharathi Nagar,1432.0,2.0,2.0,68.0,2,716.0
Super built-up  Area,7th Phase JP Nagar,1050.0,2.0,2.0,77.0,2,525.0
Super built-up  Area,Begur Road,1565.0,2.0,2.0,56.34,3,521.6666666666666
Super built-up  Area,Electronic City,1652.0,3.0,3.0,110.0,3,550.6666666666666
Super built-up  Area,Koramangala,1084.0,2.0,2.0,179.0,2,542.0
Super built-up  Area,other,1400.0,3.0,3.0,69.0,3,466.6666666666667
Super built-up  Area,Electronic City Phase II,1020.0,2.0,2.0,27.43,2,510.0
Super built-up  Area,Whitefield,1267.0,2.0,2.0,90.33,2,633.5
Built-up  Area,Kalyan nagar,1086.0,2.0,2.0,44.5,2,543.0
Super built-up  Area,Kengeri,416.0,1.0,1.0,18.0,1,416.0
Built-up  Area,Hennur Road,1066.0,2.0,2.0,52.23,2,533.0
Super built-up  Area,other,1730.0,3.0,3.0,93.0,3,576.6666666666666
Super built-up  Area,Balagere,1205.0,2.0,2.0,63.86,2,602.5
Super built-up  Area,Subramanyapura,960.0,2.0,2.0,55.0,2,480.0
Super built-up  Area,Haralur Road,1510.0,3.0,3.0,83.05,3,503.3333333333333
Super built-up  Area,other,1998.0,3.0,3.0,117.0,3,666.0
Super built-up  Area,Sarjapur  Road,1262.0,2.0,2.0,67.0,2,631.0
Super built-up  Area,other,1300.0,2.0,2.0,60.0,2,650.0
Super built-up  Area,Balagere,1012.0,2.0,2.0,53.58,2,506.0
Super built-up  Area,Kadugodi,1394.0,2.0,2.0,56.0,2,697.0
Super built-up  Area,other,1450.0,2.0,2.0,85.0,3,483.3333333333333
Super built-up  Area,other,527.0,1.0,1.0,35.0,1,527.0
Super built-up  Area,Sarjapur  Road,1693.0,3.0,3.0,125.0,3,564.3333333333334
Super built-up  Area,Horamavu Agara,1000.0,2.0,2.0,46.0,2,500.0
Super built-up  Area,Mysore Road,1410.0,2.0,2.0,64.0,3,470.0
Super built-up  Area,Hebbal Kempapura,1400.0,2.0,2.0,108.0,2,700.0
Super built-up  Area,Sarjapur  Road,1826.0,3.0,3.0,125.0,3,608.6666666666666
Super built-up  Area,Bisuvanahalli,1075.0,2.0,2.0,31.0,3,358.3333333333333
Super built-up  Area,Uttarahalli,1300.0,2.0,2.0,55.0,2,650.0
Super built-up  Area,other,1804.0,3.0,3.0,150.0,3,601.3333333333334
Super built-up  Area,Whitefield,1836.0,3.0,3.0,125.0,3,612.0
Super built-up  Area,other,826.0,2.0,2.0,36.0,2,413.0
Super built-up  Area,6th Phase JP Nagar,1460.0,2.0,2.0,80.0,2,730.0
Plot  Area,Hoskote,1200.0,4.0,4.0,140.0,4,300.0
Super built-up  Area,BTM 2nd Stage,965.0,2.0,2.0,56.0,2,482.5
Super built-up  Area,Bhoganhalli,1395.0,2.0,2.0,70.0,3,465.0
Super built-up  Area,Sarjapur  Road,1660.0,3.0,3.0,116.0,3,553.3333333333334
Super built-up  Area,other,1180.0,2.0,2.0,39.0,2,590.0
Super built-up  Area,Kanakpura Road,1204.0,2.0,2.0,82.0,2,602.0
Super built-up  Area,Thigalarapalya,2072.0,4.0,4.0,153.0,3,690.6666666666666
Built-up  Area,Haralur Road,1056.0,2.0,2.0,65.0,2,528.0
Super built-up  Area,Hebbal,985.0,2.0,2.0,62.0,2,492.5
Super built-up  Area,Attibele,656.0,2.0,2.0,25.0,2,328.0
Super built-up  Area,Yeshwanthpur,666.0,1.0,1.0,36.8,1,666.0
Super built-up  Area,7th Phase JP Nagar,1174.0,2.0,2.0,47.0,2,587.0
Super built-up  Area,Budigere,1153.0,2.0,2.0,56.7,2,576.5
Built-up  Area,other,910.0,2.0,2.0,160.0,2,455.0
Super built-up  Area,Kanakpura Road,1843.0,3.0,3.0,88.0,3,614.3333333333334
Super built-up  Area,other,1125.0,2.0,2.0,41.5,2,562.5
Super built-up  Area,Battarahalli,1516.0,3.0,3.0,65.0,3,505.3333333333333
Super built-up  Area,Brookefield,1130.0,2.0,2.0,56.0,2,565.0
Super built-up  Area,Hosa Road,1512.0,3.0,3.0,103.0,3,504.0
Built-up  Area,Thanisandra,1491.0,3.0,3.0,88.0,3,497.0
Super built-up  Area,other,1250.0,2.0,2.0,95.0,2,625.0
Super built-up  Area,Raja Rajeshwari Nagar,1140.0,2.0,2.0,48.7,2,570.0
Super built-up  Area,Thanisandra,1881.0,3.0,3.0,95.0,3,627.0
Super built-up  Area,Kanakpura Road,1100.0,3.0,3.0,56.57,3,366.6666666666667
Built-up  Area,Gollarapalya Hosahalli,1345.0,3.0,3.0,60.0,3,448.3333333333333
Plot  Area,KR Puram,1200.0,4.0,4.0,100.0,4,300.0
Super built-up  Area,Uttarahalli,1025.0,2.0,2.0,35.88,2,512.5
Super built-up  Area,Hennur Road,973.0,2.0,2.0,56.0,2,486.5
Super built-up  Area,Balagere,1007.0,2.0,2.0,75.0,2,503.5
Super built-up  Area,Hosa Road,800.0,1.0,1.0,39.99,1,800.0
Super built-up  Area,Kalena Agrahara,1000.0,2.0,2.0,33.0,2,500.0
Super built-up  Area,CV Raman Nagar,1285.0,2.0,2.0,65.0,2,642.5
Super built-up  Area,Thanisandra,662.0,1.0,1.0,29.0,1,662.0
Super built-up  Area,other,1850.0,3.0,3.0,95.0,3,616.6666666666666
Super built-up  Area,other,1567.0,3.0,3.0,100.0,3,522.3333333333334
Super built-up  Area,Hoskote,1695.0,3.0,3.0,50.0,3,565.0
Super built-up  Area,Bellandur,1150.0,2.0,2.0,69.44,2,575.0
Super built-up  Area,Karuna Nagar,1057.0,2.0,2.0,65.0,2,528.5
Super built-up  Area,Hebbal,1320.0,2.0,2.0,91.0,2,660.0
Super built-up  Area,other,1125.0,2.0,2.0,48.0,2,562.5
Super built-up  Area,Balagere,645.0,1.0,1.0,34.18,1,645.0
Super built-up  Area,Panathur,1040.0,2.0,2.0,41.6,2,520.0
Super built-up  Area,Bellandur,1138.0,3.0,3.0,128.0,3,379.3333333333333
Built-up  Area,Raja Rajeshwari Nagar,1140.0,2.0,2.0,38.65,2,570.0
Built-up  Area,Electronic City,1050.0,2.0,2.0,39.0,3,350.0
Super built-up  Area,Yelahanka,1653.0,3.0,3.0,93.0,3,551.0
Super built-up  Area,other,1471.0,2.0,2.0,75.0,3,490.3333333333333
Built-up  Area,Kudlu Gate,812.0,2.0,2.0,38.25,2,406.0
Super built-up  Area,8th Phase JP Nagar,1504.0,2.0,2.0,83.0,3,501.3333333333333
Super built-up  Area,Kannamangala,957.0,2.0,2.0,54.5,2,478.5
Carpet  Area,Attibele,460.0,1.0,1.0,13.0,1,460.0
Super built-up  Area,Budigere,1820.0,3.0,3.0,85.0,3,606.6666666666666
Super built-up  Area,Kanakpura Road,1550.0,3.0,3.0,65.1,3,516.6666666666666
Super built-up  Area,Jigani,1221.0,3.0,3.0,75.0,3,407.0
Super built-up  Area,other,1000.0,1.0,1.0,19.0,1,1000.0
Built-up  Area,Hoskote,1065.0,2.0,2.0,31.5,2,532.5
Built-up  Area,Yelahanka New Town,1209.0,2.0,2.0,65.0,3,403.0
Super built-up  Area,Sarjapur  Road,1929.0,4.0,4.0,101.0,3,643.0
Built-up  Area,Hennur Road,1255.0,2.0,2.0,84.0,2,627.5
Super built-up  Area,Jalahalli,1035.0,2.0,2.0,31.05,2,517.5
Built-up  Area,Whitefield,1275.0,2.0,2.0,65.0,3,425.0
Super built-up  Area,Electronic City,1128.0,2.0,2.0,65.58,2,564.0
Super built-up  Area,Whitefield,1155.0,2.0,2.0,39.0,2,577.5
Super built-up  Area,7th Phase JP Nagar,1040.0,2.0,2.0,75.0,2,520.0
Super built-up  Area,Sarjapur  Road,1525.0,2.0,2.0,65.0,3,508.3333333333333
Super built-up  Area,other,1220.0,2.0,2.0,65.0,2,610.0
Super built-up  Area,Electronic City,1355.0,2.0,2.0,97.6,2,677.5
Super built-up  Area,Vijayanagar,1046.0,2.0,2.0,49.06,2,523.0
Super built-up  Area,other,1247.0,2.0,2.0,62.35,2,623.5
Super built-up  Area,KR Puram,1120.0,2.0,2.0,36.0,2,560.0
Super built-up  Area,Jakkur,1798.0,3.0,3.0,110.0,3,599.3333333333334
Built-up  Area,Bisuvanahalli,1180.0,2.0,2.0,45.0,3,393.3333333333333
Super built-up  Area,Kereguddadahalli,1000.0,2.0,2.0,34.0,2,500.0
Super built-up  Area,Whitefield,1216.0,2.0,2.0,82.0,2,608.0
Super built-up  Area,Whitefield,1495.0,3.0,3.0,88.0,2,747.5
Super built-up  Area,Kanakpura Road,1700.0,3.0,3.0,120.0,3,566.6666666666666
Super built-up  Area,Whitefield,1564.0,3.0,3.0,103.0,3,521.3333333333334
Super built-up  Area,other,1256.0,2.0,2.0,65.0,2,628.0
Super built-up  Area,Kundalahalli,1047.0,2.0,2.0,89.0,2,523.5
Super built-up  Area,Bhoganhalli,1458.0,3.0,3.0,78.45,3,486.0
Super built-up  Area,Hoodi,1063.0,2.0,2.0,61.17,2,531.5
Built-up  Area,Ramamurthy Nagar,1360.0,2.0,2.0,45.0,2,680.0
Built-up  Area,Electronic City Phase II,1025.0,2.0,2.0,26.65,2,512.5
Built-up  Area,Uttarahalli,980.0,2.0,2.0,45.0,2,490.0
Super built-up  Area,other,1130.0,2.0,2.0,74.0,2,565.0
Super built-up  Area,JP Nagar,2050.0,3.0,3.0,82.0,3,683.3333333333334
Super built-up  Area,other,1407.0,2.0,2.0,83.87,2,703.5
Super built-up  Area,Whitefield,1585.0,3.0,3.0,84.0,3,528.3333333333334
Built-up  Area,Jakkur,1785.0,3.0,3.0,130.0,3,595.0
Super built-up  Area,Kanakpura Road,1843.0,3.0,3.0,96.2,3,614.3333333333334
Super built-up  Area,other,1200.0,2.0,2.0,67.0,2,600.0
Super built-up  Area,Yeshwanthpur,770.0,1.0,1.0,70.0,2,385.0
Super built-up  Area,Kodichikkanahalli,1181.0,2.0,2.0,57.0,2,590.5
Super built-up  Area,Lingadheeranahalli,1506.0,3.0,3.0,95.0,3,502.0
Super built-up  Area,Abbigere,1326.0,2.0,2.0,35.0,3,442.0
Super built-up  Area,Hennur,1020.0,2.0,2.0,48.0,2,510.0
Super built-up  Area,Kanakpura Road,1500.0,3.0,3.0,72.99,3,500.0
Built-up  Area,other,1180.0,2.0,2.0,60.0,2,590.0
Built-up  Area,Marathahalli,1350.0,2.0,2.0,60.0,2,675.0
Super built-up  Area,Kanakpura Road,1450.0,2.0,2.0,62.93,3,483.3333333333333
Super built-up  Area,Raja Rajeshwari Nagar,1133.0,2.0,2.0,40.0,2,566.5
Super built-up  Area,Thanisandra,1564.0,3.0,3.0,100.0,3,521.3333333333334
Super built-up  Area,Thigalarapalya,2072.0,4.0,4.0,157.0,3,690.6666666666666
Super built-up  Area,Kanakapura,1460.0,2.0,2.0,51.1,3,486.6666666666667
Super built-up  Area,Yelahanka,654.0,1.0,1.0,38.0,1,654.0
Super built-up  Area,other,1105.0,2.0,2.0,50.0,2,552.5
Super built-up  Area,Hebbal Kempapura,1800.0,3.0,3.0,150.0,3,600.0
Super built-up  Area,other,1000.0,2.0,2.0,51.0,2,500.0
Super built-up  Area,other,1240.0,2.0,2.0,63.0,3,413.3333333333333
Super built-up  Area,Yelahanka New Town,1400.0,2.0,2.0,80.0,3,466.6666666666667
Built-up  Area,other,1640.0,3.0,3.0,70.0,3,546.6666666666666
Super built-up  Area,9th Phase JP Nagar,905.0,2.0,2.0,32.0,2,452.5
Super built-up  Area,other,1495.0,3.0,3.0,55.0,3,498.3333333333333
Built-up  Area,other,1400.0,3.0,3.0,53.0,3,466.6666666666667
Super built-up  Area,Balagere,1007.0,2.0,2.0,53.0,2,503.5
Super built-up  Area,other,1054.0,2.0,2.0,53.0,2,527.0
Super built-up  Area,Gollarapalya Hosahalli,996.0,2.0,2.0,49.0,2,498.0
Super built-up  Area,other,1394.0,2.0,2.0,52.0,2,697.0
Super built-up  Area,other,1075.0,2.0,2.0,57.0,2,537.5
Built-up  Area,Indira Nagar,1500.0,3.0,3.0,120.0,3,500.0
Built-up  Area,other,1800.0,4.0,4.0,115.0,3,600.0
Super built-up  Area,other,1220.0,2.0,2.0,54.89,2,610.0
Super built-up  Area,Electronics City Phase 1,1530.0,3.0,3.0,40.0,3,510.0
Super built-up  Area,Hosa Road,840.0,2.0,2.0,28.0,2,420.0
Super built-up  Area,other,1499.0,3.0,3.0,89.0,3,499.6666666666667
Super built-up  Area,other,1280.0,2.0,2.0,55.0,3,426.6666666666667
Built-up  Area,other,1050.0,2.0,2.0,65.0,2,525.0
Super built-up  Area,other,552.5,1.0,1.0,13.26,1,552.5
Super built-up  Area,Attibele,418.0,2.0,2.0,11.5,1,418.0
Super built-up  Area,Raja Rajeshwari Nagar,1510.0,2.0,2.0,55.0,3,503.3333333333333
Super built-up  Area,other,1056.0,2.0,2.0,55.0,2,528.0
Super built-up  Area,Electronics City Phase 1,1450.0,3.0,3.0,70.0,3,483.3333333333333
Built-up  Area,other,1000.0,2.0,2.0,34.0,2,500.0
Super built-up  Area,Haralur Road,575.0,1.0,1.0,38.0,1,575.0
Built-up  Area,other,1770.0,3.0,3.0,90.0,3,590.0
Super built-up  Area,JP Nagar,745.0,1.0,1.0,34.27,1,745.0
Super built-up  Area,Kudlu Gate,1547.0,2.0,2.0,103.0,2,773.5
Super built-up  Area,Panathur,1713.0,3.0,3.0,120.0,3,571.0
Super built-up  Area,Yeshwanthpur,1856.0,4.0,4.0,180.0,3,618.6666666666666
Super built-up  Area,other,1152.0,2.0,2.0,57.0,2,576.0
Super built-up  Area,Kannamangala,1865.0,3.0,3.0,139.0,3,621.6666666666666
Built-up  Area,Kanakpura Road,1240.0,2.0,2.0,65.0,2,620.0
Super built-up  Area,Padmanabhanagar,1360.0,3.0,3.0,75.0,3,453.3333333333333
Super built-up  Area,Electronics City Phase 1,1450.0,2.0,2.0,63.51,3,483.3333333333333
Super built-up  Area,Budigere,1139.0,2.0,2.0,72.0,2,569.5
Super built-up  Area,Yeshwanthpur,1855.0,3.0,3.0,140.0,3,618.3333333333334
Super built-up  Area,Kambipura,1083.0,2.0,2.0,48.0,3,361.0
Super built-up  Area,Hennur Road,1232.0,2.0,2.0,83.0,2,616.0
Super built-up  Area,Raja Rajeshwari Nagar,1550.0,3.0,3.0,86.8,3,516.6666666666666
Super built-up  Area,Whitefield,1227.0,2.0,2.0,70.0,2,613.5
Built-up  Area,Electronic City Phase II,545.0,1.0,1.0,29.0,2,272.5
Super built-up  Area,Mahadevpura,1152.0,2.0,2.0,54.0,2,576.0
Super built-up  Area,Kenchenahalli,870.0,1.0,1.0,45.0,2,435.0
Super built-up  Area,Thanisandra,663.0,1.0,1.0,46.1,1,663.0
Super built-up  Area,other,1464.0,2.0,2.0,135.0,3,488.0
Super built-up  Area,Whitefield,1704.0,3.0,3.0,120.0,3,568.0
Super built-up  Area,Whitefield,1495.0,2.6926096474673513,2.6926096474673513,60.55,3,498.3333333333333
Super built-up  Area,Whitefield,1256.0,2.0,2.0,73.0,2,628.0
Built-up  Area,Bisuvanahalli,1080.0,2.0,2.0,45.0,3,360.0
Super built-up  Area,9th Phase JP Nagar,1073.0,2.0,2.0,52.36,2,536.5
Super built-up  Area,other,1300.0,2.0,2.0,32.0,2,650.0
Built-up  Area,Thanisandra,662.0,1.0,1.0,45.0,1,662.0
Super built-up  Area,other,1707.0,3.0,3.0,171.0,3,569.0
Super built-up  Area,Banashankari,1310.0,2.0,2.0,80.43,2,655.0
Super built-up  Area,other,1324.0,3.0,3.0,65.0,3,441.3333333333333
Super built-up  Area,Kothanur,1786.0,2.0,2.0,106.0,3,595.3333333333334
Built-up  Area,Electronic City,635.0,1.0,1.0,28.0,1,635.0
Super built-up  Area,8th Phase JP Nagar,1368.0,2.0,2.0,54.71,3,456.0
Super built-up  Area,Kanakpura Road,1450.0,3.0,3.0,55.0,3,483.3333333333333
Super built-up  Area,Electronic City,1128.0,2.0,2.0,65.4,2,564.0
Built-up  Area,Bhoganhalli,1125.0,2.0,2.0,54.0,2,562.5
Super built-up  Area,Whitefield,1195.0,2.0,2.0,62.38,2,597.5
Super built-up  Area,Bommasandra,877.0,2.0,2.0,29.0,2,438.5
Built-up  Area,Whitefield,1770.0,4.0,4.0,68.0,3,590.0
Built-up  Area,other,1045.0,2.0,2.0,42.0,2,522.5
Super built-up  Area,Kanakpura Road,1420.0,3.0,3.0,68.0,3,473.3333333333333
Super built-up  Area,Whitefield,1570.0,3.0,3.0,88.0,3,523.3333333333334
Super built-up  Area,Sarjapur  Road,1157.0,2.0,2.0,74.0,3,385.6666666666667
Super built-up  Area,Sarjapur,535.0,1.0,1.0,20.0,2,267.5
Super built-up  Area,Kanakapura,1120.0,2.0,2.0,39.2,2,560.0
Super built-up  Area,Kenchenahalli,1150.0,2.0,2.0,60.0,2,575.0
Super built-up  Area,Bisuvanahalli,1180.0,2.0,2.0,55.5,3,393.3333333333333
Super built-up  Area,Electronic City,1096.0,2.0,2.0,39.0,2,548.0
Super built-up  Area,Hennur Road,1832.0,3.0,3.0,116.0,3,610.6666666666666
Built-up  Area,Electronic City Phase II,1020.0,2.0,2.0,29.45,2,510.0
Super built-up  Area,Channasandra,1123.0,2.0,2.0,36.0,2,561.5
Super built-up  Area,other,1225.0,2.0,2.0,71.05,2,612.5
Super built-up  Area,Lingadheeranahalli,1683.0,3.0,3.0,140.0,3,561.0
Super built-up  Area,Gubbalala,1475.0,2.0,2.0,80.0,2,737.5
Super built-up  Area,Kengeri Satellite Town,1120.0,2.0,2.0,49.0,2,560.0
Super built-up  Area,KR Puram,1150.0,2.0,2.0,42.0,2,575.0
Super built-up  Area,Yeshwanthpur,1165.0,2.0,2.0,85.0,2,582.5
Super built-up  Area,Ambedkar Nagar,1409.0,2.0,2.0,95.0,2,704.5
Super built-up  Area,Mahadevpura,1212.0,2.0,2.0,56.9,2,606.0
Super built-up  Area,Doddathoguru,1140.0,2.0,2.0,26.49,2,570.0
Super built-up  Area,Hegde Nagar,2087.01,3.0,3.0,115.0,3,695.6700000000001
Super built-up  Area,other,775.0,1.0,1.0,34.1,1,775.0
Super built-up  Area,Sarjapur  Road,1700.0,3.0,3.0,118.0,3,566.6666666666666
Super built-up  Area,other,1732.5,3.0,3.0,91.855,3,577.5
Super built-up  Area,Bhoganhalli,1205.0,2.0,2.0,64.47,2,602.5
Built-up  Area,Ardendale,1650.0,3.0,3.0,82.0,3,550.0
Super built-up  Area,Electronic City,1150.0,2.0,2.0,38.0,2,575.0
Built-up  Area,other,850.0,2.0,2.0,34.0,2,425.0
Super built-up  Area,Raja Rajeshwari Nagar,1580.0,3.0,3.0,83.74,3,526.6666666666666
Super built-up  Area,Whitefield,1216.0,2.0,2.0,84.03,2,608.0
Super built-up  Area,other,1260.0,2.0,2.0,49.0,3,420.0
Super built-up  Area,Kanakpura Road,1498.0,3.0,3.0,74.9,3,499.3333333333333
Super built-up  Area,Electronic City,1355.0,2.0,2.0,72.9,2,677.5
Built-up  Area,other,1450.0,3.0,3.0,65.0,3,483.3333333333333
Super built-up  Area,Kanakpura Road,1300.0,2.0,2.0,55.0,3,433.3333333333333
Super built-up  Area,Ambedkar Nagar,1950.0,4.0,4.0,120.0,3,650.0
Super built-up  Area,Ambalipura,1625.0,2.0,2.0,145.0,3,541.6666666666666
Super built-up  Area,Whitefield,1216.0,2.0,2.0,72.5,2,608.0
Built-up  Area,other,1470.0,3.0,3.0,54.0,3,490.0
Super built-up  Area,Bannerghatta Road,1365.0,3.0,3.0,76.18,3,455.0
Super built-up  Area,Hosa Road,1364.0,2.0,2.0,64.79,2,682.0
Super built-up  Area,other,1180.0,2.0,2.0,59.47,2,590.0
Super built-up  Area,7th Phase JP Nagar,1800.0,3.0,3.0,130.0,3,600.0
Super built-up  Area,Thanisandra,1573.0,3.0,3.0,98.0,3,524.3333333333334
Super built-up  Area,other,1620.0,3.0,3.0,95.0,3,540.0
Super built-up  Area,other,1156.0,2.0,2.0,46.0,2,578.0
Super built-up  Area,Electronic City,1200.0,2.0,2.0,20.0,2,600.0
Super built-up  Area,Raja Rajeshwari Nagar,1608.0,3.0,3.0,54.51,3,536.0
Super built-up  Area,Whitefield,1215.0,2.0,2.0,40.0,2,607.5
Super built-up  Area,Green Glen Layout,1517.0,3.0,3.0,100.0,3,505.6666666666667
Super built-up  Area,Whitefield,2025.0,4.0,4.0,115.0,3,675.0
Super built-up  Area,Jalahalli,1057.0,2.0,2.0,34.71,2,528.5
Super built-up  Area,Sarjapur,1044.0,2.0,2.0,34.0,2,522.0
Built-up  Area,Domlur,1695.0,3.0,3.0,125.0,3,565.0
Super built-up  Area,Ramagondanahalli,1635.0,3.0,3.0,61.0,3,545.0
Built-up  Area,Electronic City,1150.0,2.0,2.0,35.0,2,575.0
Built-up  Area,other,1110.0,2.0,2.0,110.0,2,555.0
Super built-up  Area,Yeshwanthpur,1163.0,2.0,2.0,64.08,2,581.5
Super built-up  Area,Thubarahalli,1418.0,2.0,2.0,65.0,3,472.6666666666667
Built-up  Area,Varthur,1155.0,2.0,2.0,60.0,2,577.5
Super built-up  Area,Bannerghatta Road,1115.0,2.0,2.0,78.0,2,557.5
Built-up  Area,other,2250.0,3.0,3.0,180.0,3,750.0
Super built-up  Area,8th Phase JP Nagar,1089.0,2.0,2.0,43.55,2,544.5
Super built-up  Area,Yelahanka,1445.0,2.0,2.0,82.0,2,722.5
Super built-up  Area,other,1705.0,3.0,3.0,75.0,3,568.3333333333334
Super built-up  Area,Indira Nagar,2200.0,3.0,3.0,160.0,3,733.3333333333334
Super built-up  Area,Bellandur,1830.0,3.0,3.0,90.0,3,610.0
Super built-up  Area,Electronics City Phase 1,1450.0,3.0,3.0,58.0,3,483.3333333333333
Super built-up  Area,Hoodi,1259.0,2.0,2.0,69.45,2,629.5
Super built-up  Area,Subramanyapura,1260.0,2.0,2.0,73.0,3,420.0
Super built-up  Area,Hennur Road,2050.0,3.0,3.0,120.0,3,683.3333333333334
Super built-up  Area,Raja Rajeshwari Nagar,1640.0,3.0,3.0,86.8,3,546.6666666666666
Built-up  Area,other,1488.0,2.0,2.0,65.0,3,496.0
Built-up  Area,Hennur,1640.0,3.0,3.0,120.0,3,546.6666666666666
Super built-up  Area,9th Phase JP Nagar,1719.3,2.0,2.0,88.0,3,573.1
Super built-up  Area,Kaggadasapura,1180.0,2.0,2.0,70.0,2,590.0
Super built-up  Area,other,1700.0,3.0,3.0,110.0,3,566.6666666666666
Built-up  Area,Yelahanka,1225.0,2.0,2.0,62.0,2,612.5
Super built-up  Area,7th Phase JP Nagar,1050.0,2.0,2.0,68.0,2,525.0
Super built-up  Area,Sarjapur  Road,1691.0,3.0,3.0,120.0,3,563.6666666666666
Built-up  Area,other,1405.0,3.0,3.0,169.0,3,468.3333333333333
Super built-up  Area,Old Madras Road,1350.0,3.0,3.0,45.9,3,450.0
Super built-up  Area,Yelahanka New Town,500.0,1.0,1.0,18.0,1,500.0
Built-up  Area,Hormavu,1668.0,2.0,2.0,120.0,3,556.0
Super built-up  Area,Kenchenahalli,700.0,1.0,1.0,35.0,1,700.0
Super built-up  Area,5th Phase JP Nagar,1485.0,2.0,2.0,66.0,3,495.0
Super built-up  Area,Kanakpura Road,700.0,2.0,2.0,41.0,2,350.0
Super built-up  Area,Whitefield,1346.0,2.0,2.0,100.0,3,448.6666666666667
Super built-up  Area,other,1800.0,3.0,3.0,53.0,3,600.0
Super built-up  Area,Electronic City,1609.0,3.0,3.0,115.0,3,536.3333333333334
Built-up  Area,Electronic City,770.0,1.0,1.0,35.0,2,385.0
Super built-up  Area,Channasandra,1000.0,2.0,2.0,35.0,2,500.0
Super built-up  Area,Thanisandra,1262.0,2.0,2.0,83.0,3,420.6666666666667
Built-up  Area,other,1600.0,3.0,3.0,180.0,3,533.3333333333334
Super built-up  Area,Ramagondanahalli,1251.0,2.0,2.0,53.0,2,625.5
Super built-up  Area,other,1140.0,2.0,2.0,49.0,2,570.0
Super built-up  Area,Old Madras Road,1157.0,2.0,2.0,47.32,2,578.5
Super built-up  Area,Harlur,1197.0,2.0,2.0,78.0,2,598.5
Super built-up  Area,Raja Rajeshwari Nagar,1500.0,3.0,3.0,51.04,3,500.0
Super built-up  Area,other,1720.0,2.0,2.0,126.0,3,573.3333333333334
Super built-up  Area,Yelahanka,602.0,1.0,1.0,38.0,1,602.0
Super built-up  Area,Sarjapur  Road,1770.0,3.0,3.0,180.0,3,590.0
Super built-up  Area,Kasavanhalli,1476.0,3.0,3.0,105.0,3,492.0
Super built-up  Area,Thanisandra,1056.0,2.0,2.0,65.0,2,528.0
Super built-up  Area,other,825.0,2.0,2.0,35.0,2,412.5
Super built-up  Area,EPIP Zone,1860.0,3.0,3.0,130.0,3,620.0
Super built-up  Area,Gunjur,1063.0,2.0,2.0,40.0,2,531.5
Super built-up  Area,Yelahanka,697.0,1.0,1.0,35.0,1,697.0
Built-up  Area,CV Raman Nagar,1835.0,3.0,3.0,160.0,3,611.6666666666666
Super built-up  Area,Bannerghatta Road,1532.5,3.0,3.0,79.465,3,510.8333333333333
Super built-up  Area,BTM 2nd Stage,1147.0,2.0,2.0,75.0,2,573.5
Super built-up  Area,Brookefield,1270.0,2.0,2.0,95.0,2,635.0
Super built-up  Area,Bellandur,1410.0,3.0,3.0,92.0,2,705.0
Super built-up  Area,Yelahanka,1065.0,2.0,2.0,41.38,2,532.5
Super built-up  Area,Hebbal,1315.0,3.0,3.0,65.0,3,438.3333333333333
Super built-up  Area,Kaggadasapura,960.0,2.0,2.0,45.0,2,480.0
Super built-up  Area,other,800.0,1.0,1.0,29.0,2,400.0
Built-up  Area,Whitefield,1020.0,2.0,2.0,45.0,2,510.0
Super built-up  Area,Magadi Road,750.0,2.0,2.0,27.0,2,375.0
Super built-up  Area,Varthur,1035.0,2.0,2.0,60.0,2,517.5
Super built-up  Area,other,1315.0,3.0,3.0,64.0,3,438.3333333333333
Super built-up  Area,Bisuvanahalli,1075.0,2.0,2.0,48.0,3,358.3333333333333
Super built-up  Area,Kengeri Satellite Town,1450.0,2.0,2.0,50.0,3,483.3333333333333
Super built-up  Area,Marathahalli,1350.0,2.0,2.0,99.0,2,675.0
Plot  Area,Binny Pete,1282.0,3.0,3.0,178.0,3,427.3333333333333
Super built-up  Area,Sarjapur  Road,1929.0,3.0,3.0,103.0,3,643.0
Super built-up  Area,Varthur,1100.0,2.0,2.0,72.0,2,550.0
Super built-up  Area,Bharathi Nagar,1664.0,3.0,3.0,69.89,3,554.6666666666666
Super built-up  Area,Kasavanhalli,1158.0,2.0,2.0,67.0,2,579.0
Super built-up  Area,Hormavu,1420.0,3.0,3.0,58.0,3,473.3333333333333
Super built-up  Area,Rajaji Nagar,1268.0,2.0,2.0,127.0,2,634.0
Super built-up  Area,Sarjapur  Road,1308.0,2.0,2.0,75.0,2,654.0
Built-up  Area,Hulimavu,2000.0,4.0,4.0,100.0,4,500.0
Super built-up  Area,other,1152.0,2.0,2.0,42.0,2,576.0
Super built-up  Area,Uttarahalli,1525.0,2.0,2.0,62.82,3,508.3333333333333
Super built-up  Area,other,1465.0,2.0,2.0,88.0,3,488.3333333333333
Super built-up  Area,Panathur,1861.0,3.0,3.0,92.0,3,620.3333333333334
Super built-up  Area,Uttarahalli,1265.0,2.0,2.0,65.0,3,421.6666666666667
Super built-up  Area,Uttarahalli,1590.0,3.0,3.0,57.0,3,530.0
Super built-up  Area,Hoodi,1837.0,3.0,3.0,142.0,3,612.3333333333334
Super built-up  Area,Hegde Nagar,1703.0,3.0,3.0,130.0,3,567.6666666666666
Super built-up  Area,Kudlu,1293.0,2.0,2.0,80.0,3,431.0
Super built-up  Area,other,1450.0,3.0,3.0,75.0,3,483.3333333333333
Built-up  Area,5th Phase JP Nagar,1030.0,2.0,2.0,57.0,2,515.0
Super built-up  Area,Kanakpura Road,1570.0,3.0,3.0,65.93,3,523.3333333333334
Built-up  Area,7th Phase JP Nagar,1000.0,2.0,2.0,60.0,2,500.0
Super built-up  Area,Bisuvanahalli,1075.0,2.0,2.0,37.0,3,358.3333333333333
Super built-up  Area,Varthur,1091.0,2.0,2.0,33.82,2,545.5
Super built-up  Area,EPIP Zone,2210.0,3.0,3.0,165.0,3,736.6666666666666
Super built-up  Area,Gottigere,1205.0,2.0,2.0,56.58,2,602.5
Super built-up  Area,Mysore Road,1560.0,2.6926096474673513,2.6926096474673513,83.3,3,520.0
Super built-up  Area,Whitefield,1024.0,2.0,2.0,32.0,2,512.0
Super built-up  Area,other,800.0,1.0,1.0,29.5,1,800.0
Super built-up  Area,Jakkur,1080.0,2.0,2.0,60.0,2,540.0
Super built-up  Area,Dasanapura,1286.0,2.0,2.0,68.0,3,428.6666666666667
Super built-up  Area,JP Nagar,1150.0,2.0,2.0,90.0,2,575.0
Super built-up  Area,Prithvi Layout,1352.0,2.0,2.0,72.0,2,676.0
Super built-up  Area,Bommanahalli,1307.0,2.0,2.0,50.0,2,653.5
Super built-up  Area,Thanisandra,1131.0,2.0,2.0,55.975,2,565.5
Super built-up  Area,Yelahanka,682.0,1.0,1.0,36.23,1,682.0
Super built-up  Area,Vittasandra,1650.0,3.0,3.0,85.5,3,550.0
Super built-up  Area,Haralur Road,1850.0,3.0,3.0,120.0,3,616.6666666666666
Super built-up  Area,Thanisandra,1702.0,3.0,3.0,115.0,3,567.3333333333334
Super built-up  Area,Raja Rajeshwari Nagar,1240.0,2.0,2.0,40.54,2,620.0
Plot  Area,other,1050.0,2.0,2.0,110.0,2,525.0
Super built-up  Area,Yelahanka,1023.0,2.0,2.0,52.59,2,511.5
Super built-up  Area,other,1275.0,2.0,2.0,105.0,2,637.5
Super built-up  Area,Jakkur,1260.0,2.0,2.0,71.195,2,630.0
Super built-up  Area,Sarjapur  Road,1580.0,3.0,3.0,125.0,3,526.6666666666666
Super built-up  Area,Thanisandra,1343.0,2.0,2.0,75.0,2,671.5
Super built-up  Area,Bommasandra,1365.0,3.0,3.0,52.81,3,455.0
Super built-up  Area,Kundalahalli,1047.0,2.0,2.0,72.0,2,523.5
Built-up  Area,other,1187.0,2.0,2.0,42.0,2,593.5
Super built-up  Area,Choodasandra,1075.0,2.0,2.0,45.0,2,537.5
Super built-up  Area,Raja Rajeshwari Nagar,1090.0,2.0,2.0,57.0,2,545.0
Super built-up  Area,other,1119.0,2.0,2.0,48.5,3,373.0
Super built-up  Area,Hennur Road,1445.0,2.0,2.0,86.69,3,481.6666666666667
Super built-up  Area,Yeshwanthpur,1165.0,2.0,2.0,64.08,2,582.5
Super built-up  Area,Hormavu,1081.5,2.0,2.0,38.665,2,540.75
Super built-up  Area,Kothanur,1787.0,3.0,3.0,107.0,3,595.6666666666666
Built-up  Area,Electronic City,1020.0,2.0,2.0,29.45,2,510.0
Super built-up  Area,Sarjapur  Road,1797.0,4.0,4.0,95.0,3,599.0
Super built-up  Area,Whitefield,1205.0,2.0,2.0,58.0,2,602.5
Built-up  Area,Yelahanka,1560.0,2.0,2.0,98.0,3,520.0
Super built-up  Area,Kanakpura Road,1450.0,3.0,3.0,65.0,3,483.3333333333333
Super built-up  Area,Thanisandra,1935.0,4.0,4.0,122.0,3,645.0
Super built-up  Area,Hosa Road,1016.0,2.0,2.0,45.0,2,508.0
Super built-up  Area,Jakkur,1816.0,3.0,3.0,119.0,3,605.3333333333334
Super built-up  Area,Hoodi,2065.5,4.0,4.0,91.915,4,516.375
Super built-up  Area,Kengeri,1220.0,2.0,2.0,63.0,2,610.0
Super built-up  Area,7th Phase JP Nagar,980.0,2.0,2.0,86.0,2,490.0
Super built-up  Area,Hormavu,1250.0,2.0,2.0,60.0,2,625.0
Super built-up  Area,Jakkur,1424.0,2.0,2.0,80.0,2,712.0
Built-up  Area,Hennur Road,1297.0,2.0,2.0,49.9,2,648.5
Plot  Area,Karuna Nagar,1300.0,3.0,3.0,170.0,3,433.3333333333333
Super built-up  Area,Harlur,1290.0,2.0,2.0,89.9,2,645.0
Super built-up  Area,Koramangala,1720.0,2.0,2.0,130.0,3,573.3333333333334
Super built-up  Area,other,1237.0,3.0,3.0,78.0,3,412.3333333333333
Super built-up  Area,Whitefield,1720.0,3.0,3.0,98.97,3,573.3333333333334
Built-up  Area,other,1224.0,2.0,2.0,45.0,2,612.0
Super built-up  Area,Yelahanka,1780.0,3.0,3.0,107.0,3,593.3333333333334
Super built-up  Area,Budigere,1139.0,2.0,2.0,56.5,2,569.5
Super built-up  Area,Whitefield,1600.0,3.0,3.0,95.0,3,533.3333333333334
Super built-up  Area,Ramamurthy Nagar,1170.0,2.0,2.0,44.0,2,585.0
Super built-up  Area,Bellandur,950.0,2.0,2.0,35.0,2,475.0
Super built-up  Area,Electronic City,865.0,2.0,2.0,40.0,2,432.5
Built-up  Area,Lakshminarayana Pura,1169.0,2.0,2.0,75.0,2,584.5
Super built-up  Area,Lingadheeranahalli,1683.0,3.0,3.0,110.0,3,561.0
Carpet  Area,Bhoganhalli,1234.6,3.0,3.0,104.0,3,411.5333333333333
Super built-up  Area,Vijayanagar,492.0,1.0,1.0,40.0,1,492.0
Built-up  Area,Banashankari,600.0,1.0,1.0,27.0,2,300.0
Super built-up  Area,Kalena Agrahara,1902.0,3.0,3.0,89.0,3,634.0
Super built-up  Area,Kasavanhalli,1214.0,2.0,2.0,67.0,2,607.0
Built-up  Area,other,565.0,2.0,2.0,15.0,2,282.5
Super built-up  Area,Harlur,1386.0,2.0,2.0,85.0,2,693.0
Super built-up  Area,Bannerghatta Road,1535.0,3.0,3.0,60.0,3,511.6666666666667
Super built-up  Area,Marathahalli,1720.0,3.0,3.0,175.0,3,573.3333333333334
Built-up  Area,Bannerghatta Road,1655.0,3.0,3.0,90.0,3,551.6666666666666
Built-up  Area,other,1200.0,2.0,2.0,52.0,2,600.0
Super built-up  Area,other,1610.0,3.0,3.0,68.0,3,536.6666666666666
Super built-up  Area,Whitefield,1655.0,3.0,3.0,108.0,3,551.6666666666666
Super built-up  Area,other,770.0,2.0,2.0,30.0,2,385.0
Super built-up  Area,Balagere,1210.0,2.0,2.0,69.0,2,605.0
Super built-up  Area,Kanakpura Road,700.0,1.0,1.0,41.0,2,350.0
Super built-up  Area,Whitefield,1740.0,3.0,3.0,95.0,3,580.0
Built-up  Area,Electronic City Phase II,1310.0,2.0,2.0,37.84,3,436.6666666666667
Super built-up  Area,Sarjapur  Road,1763.25,3.0,3.0,98.0,3,587.75
Super built-up  Area,other,1900.0,3.0,3.0,150.0,3,633.3333333333334
Super built-up  Area,JP Nagar,1450.0,2.0,2.0,55.0,3,483.3333333333333
Super built-up  Area,CV Raman Nagar,1836.0,3.0,3.0,148.0,3,612.0
Super built-up  Area,other,1160.0,2.0,2.0,75.0,2,580.0
Super built-up  Area,Hennur Road,1153.0,2.0,2.0,43.0,2,576.5
Super built-up  Area,Marathahalli,1285.0,2.0,2.0,55.0,2,642.5
Super built-up  Area,other,1257.0,2.0,2.0,105.0,2,628.5
Plot  Area,Whitefield,1200.0,3.0,3.0,56.72,3,400.0
Carpet  Area,Hormavu,583.0,1.0,1.0,28.275,1,583.0
Super built-up  Area,Tumkur Road,1240.0,2.0,2.0,79.0,3,413.3333333333333
Super built-up  Area,other,1294.0,2.0,2.0,52.0,3,431.3333333333333
Super built-up  Area,other,1095.0,2.0,2.0,45.0,2,547.5
Super built-up  Area,Electronics City Phase 1,1314.0,2.0,2.0,60.0,2,657.0
Super built-up  Area,Koramangala,1900.0,2.0,2.0,120.0,3,633.3333333333334
Super built-up  Area,Jakkur,1290.0,2.0,2.0,85.0,2,645.0
Super built-up  Area,other,1325.0,2.0,2.0,47.0,3,441.6666666666667
Super built-up  Area,Balagere,790.5,1.0,1.0,42.295,1,790.5
Super built-up  Area,other,1108.0,2.0,2.0,48.0,2,554.0
Super built-up  Area,other,1155.0,2.0,2.0,65.0,2,577.5
Super built-up  Area,Sarjapur  Road,1550.0,2.0,2.0,98.0,3,516.6666666666666
Super built-up  Area,Kanakpura Road,1452.0,3.0,3.0,54.2,3,484.0
Super built-up  Area,other,1500.0,3.0,3.0,67.49,3,500.0
Built-up  Area,Electronic City,800.0,2.0,2.0,32.0,2,400.0
Super built-up  Area,Choodasandra,1180.0,2.0,2.0,71.22,2,590.0
Carpet  Area,Kaggadasapura,775.0,2.0,2.0,29.5,2,387.5
Super built-up  Area,Hoodi,1111.0,2.0,2.0,49.43,2,555.5
Super built-up  Area,Begur Road,1200.0,2.0,2.0,42.0,2,600.0
Super built-up  Area,Bannerghatta Road,1247.0,2.0,2.0,47.39,2,623.5
Super built-up  Area,7th Phase JP Nagar,1050.0,2.0,2.0,77.47,2,525.0
Super built-up  Area,7th Phase JP Nagar,1270.0,2.0,2.0,80.0,2,635.0
Super built-up  Area,Balagere,1012.0,2.0,2.0,65.0,2,506.0
Super built-up  Area,Electronic City,970.0,2.0,2.0,34.0,2,485.0
Super built-up  Area,Thanisandra,933.0,2.0,2.0,55.0,2,466.5
Plot  Area,Sarjapur,1200.0,3.0,3.0,76.13,3,400.0
Super built-up  Area,other,1148.0,2.0,2.0,69.0,2,574.0
Super built-up  Area,7th Phase JP Nagar,1463.0,2.0,2.0,61.45,3,487.6666666666667
Super built-up  Area,other,1719.0,3.0,3.0,110.0,3,573.0
Super built-up  Area,Whitefield,1350.0,2.0,2.0,88.0,2,675.0
Built-up  Area,Kaggadasapura,1250.0,2.0,2.0,47.0,3,416.6666666666667
Built-up  Area,Lakshminarayana Pura,1200.0,2.0,2.0,75.0,2,600.0
Built-up  Area,Whitefield,1030.0,2.0,2.0,44.0,2,515.0
Super built-up  Area,other,1420.0,3.0,3.0,70.0,3,473.3333333333333
Super built-up  Area,Kanakpura Road,1703.0,3.0,3.0,126.0,3,567.6666666666666
Super built-up  Area,other,1398.0,3.0,3.0,51.0,3,466.0
Super built-up  Area,other,1335.0,2.0,2.0,110.0,2,667.5
Super built-up  Area,Raja Rajeshwari Nagar,1240.0,2.0,2.0,42.04,2,620.0
Super built-up  Area,Yelahanka,1076.0,2.0,2.0,78.0,2,538.0
Built-up  Area,other,1320.0,2.0,2.0,90.0,2,660.0
Super built-up  Area,Whitefield,1216.0,2.0,2.0,80.0,2,608.0
Super built-up  Area,Thanisandra,1100.0,2.0,2.0,42.0,2,550.0
Super built-up  Area,Thanisandra,1183.0,2.0,2.0,77.3,2,591.5
Super built-up  Area,Balagere,656.0,1.0,1.0,38.77,1,656.0
Super built-up  Area,Sarjapur  Road,534.0,1.0,1.0,19.65,1,534.0
Super built-up  Area,other,1285.0,2.0,2.0,45.0,3,428.3333333333333
Super built-up  Area,Hegde Nagar,2087.01,4.0,4.0,135.0,3,695.6700000000001
Built-up  Area,Begur,1306.0,2.0,2.0,65.0,2,653.0
Built-up  Area,other,1504.0,3.0,3.0,67.0,3,501.3333333333333
Super built-up  Area,Balagere,645.0,1.0,1.0,39.0,1,645.0
Super built-up  Area,other,1260.0,2.0,2.0,62.0,2,630.0
Built-up  Area,KR Puram,1050.0,2.0,2.0,55.0,2,525.0
Super built-up  Area,Mahadevpura,1505.0,3.0,3.0,64.0,3,501.6666666666667
Carpet  Area,KR Puram,1057.0,2.0,2.0,30.0,2,528.5
Super built-up  Area,7th Phase JP Nagar,1680.0,3.0,3.0,122.0,3,560.0
Built-up  Area,other,799.0,2.0,2.0,35.0,2,399.5
Super built-up  Area,HSR Layout,2020.0,3.0,3.0,160.0,3,673.3333333333334
Super built-up  Area,Hosa Road,1730.0,3.0,3.0,72.6,3,576.6666666666666
Built-up  Area,Dasarahalli,1950.0,3.0,3.0,125.0,3,650.0
Super built-up  Area,other,1077.0,2.0,2.0,34.46,2,538.5
Super built-up  Area,Brookefield,1706.0,3.0,3.0,115.0,3,568.6666666666666
Super built-up  Area,Channasandra,1093.0,2.0,2.0,37.0,2,546.5
Super built-up  Area,Whitefield,1340.0,2.0,2.0,101.0,2,670.0
Super built-up  Area,Sarjapur  Road,984.0,2.0,2.0,59.0,2,492.0
Super built-up  Area,AECS Layout,1135.0,2.0,2.0,68.0,2,567.5
Super built-up  Area,Varthur,1155.0,2.0,2.0,39.0,2,577.5
Super built-up  Area,Kaggalipura,700.0,1.0,1.0,35.0,1,700.0
Super built-up  Area,Horamavu Agara,1150.0,2.0,2.0,42.0,2,575.0
Super built-up  Area,Hormavu,1385.0,2.0,2.0,69.25,3,461.6666666666667
Super built-up  Area,Akshaya Nagar,2061.0,4.0,4.0,175.0,3,687.0
Super built-up  Area,Bellandur,1015.0,2.0,2.0,60.0,2,507.5
Super built-up  Area,Hennur Road,1445.0,2.0,2.0,83.0,3,481.6666666666667
Super built-up  Area,KR Puram,1085.0,2.0,2.0,46.5,2,542.5
Super built-up  Area,Ambalipura,1303.0,2.0,2.0,80.0,2,651.5
Super built-up  Area,Bannerghatta Road,1237.5,2.0,2.0,49.49,2,618.75
Super built-up  Area,9th Phase JP Nagar,1780.0,3.0,3.0,88.0,3,593.3333333333334
Super built-up  Area,Budigere,1636.0,3.0,3.0,83.0,3,545.3333333333334
Built-up  Area,Sector 2 HSR Layout,1332.0,2.0,2.0,101.0,2,666.0
Built-up  Area,other,1012.0,2.0,2.0,59.0,2,506.0
Super built-up  Area,Kengeri,1192.0,2.0,2.0,53.5,2,596.0
Super built-up  Area,Sarjapur  Road,1489.0,3.0,3.0,88.0,3,496.3333333333333
Super built-up  Area,Sarjapur,1200.0,2.0,2.0,62.0,2,600.0
Super built-up  Area,Devanahalli,1200.0,2.0,2.0,55.08,3,400.0
Super built-up  Area,Ardendale,1224.0,2.0,2.0,67.0,2,612.0
Super built-up  Area,Gunjur,1235.0,2.0,2.0,52.76,2,617.5
Built-up  Area,Yelahanka,1342.0,2.0,2.0,75.0,3,447.3333333333333
Built-up  Area,other,1800.0,2.0,2.0,80.0,2,900.0
Super built-up  Area,Abbigere,1130.0,2.0,2.0,46.33,2,565.0
Built-up  Area,Somasundara Palya,1186.0,2.0,2.0,72.0,2,593.0
Super built-up  Area,Hennur,1295.0,2.0,2.0,64.0,2,647.5
Super built-up  Area,Bannerghatta Road,905.0,2.0,2.0,65.0,2,452.5
Super built-up  Area,Hormavu,1165.0,2.0,2.0,40.0,2,582.5
Super built-up  Area,Kanakpura Road,1328.0,2.0,2.0,107.0,2,664.0
Super built-up  Area,other,1175.0,2.0,2.0,35.0,2,587.5
Super built-up  Area,Hoskote,1395.0,2.0,2.0,63.0,3,465.0
Super built-up  Area,Hoodi,711.0,1.0,1.0,42.65,1,711.0
Super built-up  Area,Electronic City,630.0,1.0,1.0,40.5,1,630.0
Super built-up  Area,Varthur,1180.0,2.0,2.0,55.0,2,590.0
Super built-up  Area,Tumkur Road,1441.0,2.0,2.0,95.0,3,480.3333333333333
Super built-up  Area,other,1115.0,2.0,2.0,50.0,2,557.5
Super built-up  Area,Yeshwanthpur,1825.0,3.0,3.0,145.0,3,608.3333333333334
Super built-up  Area,Subramanyapura,1278.0,3.0,3.0,62.71,3,426.0
Super built-up  Area,Whitefield,1190.0,2.0,2.0,64.0,2,595.0
Super built-up  Area,Banashankari,1430.0,2.0,2.0,87.8,2,715.0
Built-up  Area,other,1900.0,3.0,3.0,90.0,4,475.0
Super built-up  Area,Sarjapur  Road,1104.0,2.0,2.0,34.22,2,552.0
Super built-up  Area,Begur Road,1240.0,2.0,2.0,45.88,2,620.0
Built-up  Area,Choodasandra,1140.0,2.0,2.0,62.0,2,570.0
Super built-up  Area,KR Puram,1700.0,3.0,3.0,105.0,3,566.6666666666666
Super built-up  Area,other,1600.0,2.0,2.0,90.0,3,533.3333333333334
Built-up  Area,Balagere,645.0,1.0,1.0,41.0,1,645.0
Super built-up  Area,Hosa Road,1079.0,2.0,2.0,32.37,2,539.5
Super built-up  Area,Thubarahalli,975.0,2.0,2.0,50.0,2,487.5
Built-up  Area,other,1050.0,2.0,2.0,51.0,2,525.0
Super built-up  Area,Hormavu,1400.0,2.0,2.0,75.0,2,700.0
Super built-up  Area,Bommanahalli,1416.0,2.0,2.0,85.0,3,472.0
Built-up  Area,other,1602.0,2.0,2.0,75.0,3,534.0
Super built-up  Area,Electronic City,1100.0,2.0,2.0,41.0,2,550.0
Super built-up  Area,Kothanur,1760.0,3.0,3.0,110.0,3,586.6666666666666
Super built-up  Area,Yeshwanthpur,1384.0,2.0,2.0,76.18,3,461.3333333333333
Super built-up  Area,Sarjapur,900.0,2.0,2.0,27.98,2,450.0
Built-up  Area,Kudlu,1030.0,2.0,2.0,75.0,2,515.0
Built-up  Area,Kambipura,883.0,2.0,2.0,39.0,2,441.5
Super built-up  Area,Old Madras Road,1210.0,2.0,2.0,77.0,2,605.0
Super built-up  Area,Hosur Road,1370.0,3.0,3.0,38.36,3,456.6666666666667
Super built-up  Area,Somasundara Palya,1186.0,2.0,2.0,76.0,2,593.0
Super built-up  Area,Haralur Road,560.0,1.0,1.0,45.0,1,560.0
Super built-up  Area,Yelahanka,1823.0,3.0,3.0,103.0,3,607.6666666666666
Built-up  Area,other,1310.0,3.0,3.0,90.0,3,436.6666666666667
Super built-up  Area,Varthur,1520.0,2.0,2.0,60.0,3,506.6666666666667
Super built-up  Area,Bhoganhalli,1610.0,3.0,3.0,74.03,3,536.6666666666666
Super built-up  Area,other,1400.0,2.0,2.0,80.0,3,466.6666666666667
Super built-up  Area,Yeshwanthpur,994.0,2.0,2.0,54.67,1,994.0
Super built-up  Area,Kaggadasapura,1455.0,3.0,3.0,75.0,3,485.0
Built-up  Area,Lakshminarayana Pura,1172.0,2.0,2.0,75.0,2,586.0
Super built-up  Area,Rachenahalli,1856.0,3.0,3.0,106.0,3,618.6666666666666
Super built-up  Area,Uttarahalli,900.0,2.0,2.0,35.0,2,450.0
Built-up  Area,Raja Rajeshwari Nagar,1757.0,3.0,3.0,98.0,3,585.6666666666666
Super built-up  Area,Whitefield,1626.0,3.0,3.0,85.0,3,542.0
Super built-up  Area,Hoodi,1559.0,3.0,3.0,81.55,3,519.6666666666666
Super built-up  Area,KR Puram,1200.0,2.0,2.0,72.0,2,600.0
Super built-up  Area,Harlur,1174.0,2.0,2.0,74.0,2,587.0
Built-up  Area,other,1603.0,2.0,2.0,125.0,3,534.3333333333334
Super built-up  Area,Subramanyapura,1278.0,3.0,3.0,70.0,3,426.0
Super built-up  Area,other,1085.0,2.0,2.0,50.0,2,542.5
Super built-up  Area,Whitefield,1195.0,2.0,2.0,61.36,2,597.5
Super built-up  Area,Attibele,550.0,1.0,1.0,11.5,1,550.0
Super built-up  Area,Kenchenahalli,1165.0,2.0,2.0,45.0,2,582.5
Super built-up  Area,Kanakpura Road,1452.0,3.0,3.0,60.0,3,484.0
Super built-up  Area,Sarjapur  Road,702.0,1.0,1.0,52.0,1,702.0
Super built-up  Area,Devanahalli,1340.0,2.0,2.0,65.0,2,670.0
Super built-up  Area,other,1160.0,2.0,2.0,40.53,2,580.0
Built-up  Area,other,1050.0,2.0,2.0,50.0,2,525.0
Super built-up  Area,JP Nagar,1960.0,3.0,3.0,138.0,3,653.3333333333334
Super built-up  Area,Electronic City,975.0,2.0,2.0,32.0,2,487.5
Super built-up  Area,Kudlu,1700.0,3.0,3.0,125.0,3,566.6666666666666
Built-up  Area,other,1275.0,2.0,2.0,69.0,2,637.5
Super built-up  Area,Kasavanhalli,1495.0,2.0,2.0,110.0,2,747.5
Super built-up  Area,Hebbal,1200.0,2.0,2.0,48.0,2,600.0
Super built-up  Area,Hennur Road,1679.0,3.0,3.0,94.86,3,559.6666666666666
Super built-up  Area,Balagere,1210.0,2.0,2.0,82.0,2,605.0
Super built-up  Area,other,1623.0,3.0,3.0,155.0,3,541.0
Super built-up  Area,Channasandra,1115.0,2.0,2.0,35.8,2,557.5
Super built-up  Area,Electronics City Phase 1,1170.0,2.0,2.0,62.0,2,585.0
Super built-up  Area,other,1245.0,2.0,2.0,55.0,2,622.5
Built-up  Area,Kanakapura,1017.0,2.0,2.0,66.0,2,508.5
Super built-up  Area,Sarjapur  Road,1242.0,2.0,2.0,75.0,2,621.0
Super built-up  Area,Yelahanka,1792.0,3.0,3.0,104.0,3,597.3333333333334
Super built-up  Area,Electronic City,605.0,1.0,1.0,22.0,1,605.0
Super built-up  Area,Electronics City Phase 1,1450.0,3.0,3.0,79.0,3,483.3333333333333
Plot  Area,Bommenahalli,1232.0,3.0,3.0,96.0,3,410.6666666666667
Super built-up  Area,Uttarahalli,1065.0,2.0,2.0,42.6,2,532.5
Super built-up  Area,other,780.0,2.0,2.0,31.0,2,390.0
Super built-up  Area,Ramagondanahalli,1910.0,3.0,3.0,150.0,3,636.6666666666666
Super built-up  Area,Raja Rajeshwari Nagar,1530.0,3.0,3.0,64.0,3,510.0
Super built-up  Area,other,1088.0,2.0,2.0,43.5,2,544.0
Super built-up  Area,Raja Rajeshwari Nagar,1587.0,3.0,3.0,73.8,3,529.0
Super built-up  Area,Yelahanka,1304.0,2.0,2.0,69.97,2,652.0
Super built-up  Area,Whitefield,1100.0,2.0,2.0,65.0,2,550.0
Super built-up  Area,Hennur Road,1482.0,2.0,2.0,68.9,3,494.0
Super built-up  Area,Kengeri,1200.0,2.0,2.0,42.0,2,600.0
Super built-up  Area,other,1070.0,2.0,2.0,32.99,2,535.0
Super built-up  Area,Whitefield,1100.0,2.0,2.0,46.5,2,550.0
Built-up  Area,Whitefield,1270.0,2.0,2.0,65.0,3,423.3333333333333
Super built-up  Area,Vittasandra,1246.0,2.0,2.0,69.0,2,623.0
Super built-up  Area,Raja Rajeshwari Nagar,1529.0,3.0,3.0,51.77,3,509.6666666666667
Super built-up  Area,Thanisandra,1185.0,2.0,2.0,42.0,2,592.5
Super built-up  Area,other,1319.0,3.0,3.0,37.75,3,439.6666666666667
Super built-up  Area,other,991.0,2.0,2.0,64.0,2,495.5
Super built-up  Area,Thanisandra,662.0,1.0,1.0,38.0,1,662.0
Super built-up  Area,other,1319.0,3.0,3.0,42.0,3,439.6666666666667
Super built-up  Area,Bharathi Nagar,1349.0,2.0,2.0,56.7,2,674.5
Super built-up  Area,HSR Layout,1844.0,3.0,3.0,95.0,3,614.6666666666666
Built-up  Area,other,1455.0,2.0,2.0,45.0,3,485.0
Super built-up  Area,other,1788.0,3.0,3.0,164.0,3,596.0
Super built-up  Area,Kudlu Gate,1850.0,3.0,3.0,120.0,3,616.6666666666666
Super built-up  Area,Marathahalli,1315.0,2.0,2.0,60.0,3,438.3333333333333
Super built-up  Area,other,1721.0,3.0,3.0,93.0,3,573.6666666666666
Super built-up  Area,Sonnenahalli,1059.0,2.0,2.0,62.0,2,529.5
Built-up  Area,other,1184.0,2.0,2.0,55.0,2,592.0
Built-up  Area,other,1480.0,3.0,3.0,75.0,3,493.3333333333333
Super built-up  Area,other,635.0,1.0,1.0,28.0,2,317.5
Super built-up  Area,Hosa Road,1143.0,2.0,2.0,34.2,2,571.5
Super built-up  Area,Hennur Road,1654.0,3.0,3.0,97.8,3,551.3333333333334
Super built-up  Area,other,801.0,1.0,1.0,33.645,1,801.0
Super built-up  Area,Bellandur,1685.0,3.0,3.0,101.0,3,561.6666666666666
Built-up  Area,Banashankari,1540.0,3.0,3.0,80.0,3,513.3333333333334
Super built-up  Area,Thanisandra,1265.0,2.0,2.0,72.0,2,632.5
Built-up  Area,other,1300.0,2.0,2.0,80.0,3,433.3333333333333
Super built-up  Area,other,1009.0,2.0,2.0,65.0,2,504.5
Built-up  Area,Electronic City,1142.0,2.0,2.0,35.0,2,571.0
Super built-up  Area,Electronic City,1070.0,2.0,2.0,48.0,2,535.0
Super built-up  Area,Electronic City Phase II,1125.0,2.0,2.0,32.49,2,562.5
Super built-up  Area,Kasavanhalli,1575.0,2.0,2.0,85.0,2,787.5
Super built-up  Area,Hosa Road,1360.0,2.0,2.0,77.61,2,680.0
Super built-up  Area,Electronic City Phase II,1200.0,2.0,2.0,34.65,2,600.0
Super built-up  Area,Bannerghatta Road,2185.0,3.0,3.0,120.0,4,546.25
Super built-up  Area,Bannerghatta Road,1012.0,2.0,2.0,45.0,2,506.0
Super built-up  Area,7th Phase JP Nagar,1130.0,2.0,2.0,85.0,2,565.0
Super built-up  Area,Karuna Nagar,1354.0,2.0,2.0,98.0,3,451.3333333333333
Super built-up  Area,Brookefield,1389.0,2.0,2.0,94.0,2,694.5
Super built-up  Area,Varthur,1738.0,2.0,2.0,57.35,2,869.0
Super built-up  Area,Marathahalli,1270.0,2.0,2.0,73.0,2,635.0
Super built-up  Area,Electronic City Phase II,1160.0,2.0,2.0,52.2,2,580.0
Super built-up  Area,Whitefield,1135.0,2.0,2.0,58.0,2,567.5
Super built-up  Area,8th Phase JP Nagar,1224.0,2.0,2.0,48.95,3,408.0
Built-up  Area,Budigere,664.0,1.0,1.0,34.0,1,664.0
Super built-up  Area,Electronic City,1160.0,2.0,2.0,42.0,3,386.6666666666667
Super built-up  Area,Bharathi Nagar,1328.0,2.0,2.0,69.0,2,664.0
Super built-up  Area,other,975.0,2.0,2.0,45.0,2,487.5
Built-up  Area,Malleshwaram,900.0,2.0,2.0,72.0,2,450.0
Built-up  Area,Munnekollal,1222.0,3.0,3.0,95.0,3,407.3333333333333
Super built-up  Area,Sarjapur  Road,2100.0,3.0,3.0,135.0,3,700.0
Plot  Area,Hosur Road,2000.0,4.0,4.0,130.0,4,500.0
Super built-up  Area,Electronic City Phase II,1244.0,2.0,2.0,55.0,2,622.0
Super built-up  Area,Seegehalli,1683.0,3.0,3.0,80.0,3,561.0
Built-up  Area,Yelahanka,1250.0,2.0,2.0,54.0,2,625.0
Super built-up  Area,Hennur Road,1305.0,2.0,2.0,110.0,3,435.0
Super built-up  Area,Kaggalipura,1150.0,2.0,2.0,57.5,3,383.3333333333333
Built-up  Area,Kaggadasapura,1654.0,3.0,3.0,70.0,3,551.3333333333334
Super built-up  Area,Chandapura,750.0,1.0,1.0,18.5,2,375.0
Super built-up  Area,7th Phase JP Nagar,1680.0,3.0,3.0,130.0,3,560.0
Super built-up  Area,Thanisandra,1595.0,3.0,3.0,105.0,3,531.6666666666666
Super built-up  Area,Dasanapura,545.0,2.0,2.0,22.34,2,272.5
Super built-up  Area,Whitefield,1185.0,2.0,2.0,56.0,2,592.5
Super built-up  Area,Haralur Road,1730.0,3.0,3.0,95.0,3,576.6666666666666
Super built-up  Area,Hennur Road,1450.0,3.0,3.0,88.6,3,483.3333333333333
Super built-up  Area,Sarjapur  Road,1862.0,4.0,4.0,110.0,3,620.6666666666666
Super built-up  Area,Hoodi,863.0,1.0,1.0,40.55,1,863.0
Super built-up  Area,other,1075.0,2.0,2.0,50.0,2,537.5
Super built-up  Area,Kodichikkanahalli,1060.0,2.0,2.0,34.0,2,530.0
Super built-up  Area,other,935.0,2.0,2.0,45.9,2,467.5
Built-up  Area,Gollarapalya Hosahalli,1905.0,3.0,3.0,86.0,4,476.25
Built-up  Area,Bannerghatta Road,1725.0,3.0,3.0,85.0,3,575.0
Super built-up  Area,Brookefield,1750.0,2.0,2.0,75.0,3,583.3333333333334
Built-up  Area,Koramangala,1745.0,3.0,3.0,98.0,3,581.6666666666666
Super built-up  Area,Uttarahalli,1270.0,2.0,2.0,55.25,3,423.3333333333333
Super built-up  Area,Sahakara Nagar,1180.0,2.0,2.0,72.0,2,590.0
Built-up  Area,other,1130.0,2.0,2.0,75.0,2,565.0
Super built-up  Area,Ardendale,1723.0,3.0,3.0,95.0,3,574.3333333333334
Built-up  Area,Mysore Road,1175.0,2.0,2.0,70.5,2,587.5
Super built-up  Area,Ambalipura,1607.0,2.0,2.0,112.0,3,535.6666666666666
Built-up  Area,other,1334.0,2.0,2.0,62.0,2,667.0
Built-up  Area,9th Phase JP Nagar,1300.0,2.0,2.0,58.0,3,433.3333333333333
Super built-up  Area,Panathur,1398.0,2.0,2.0,97.0,2,699.0
Built-up  Area,other,1116.0,2.0,2.0,47.0,2,558.0
Super built-up  Area,other,1061.0,2.0,2.0,33.84,2,530.5
Built-up  Area,Yelahanka,1270.0,2.0,2.0,57.0,2,635.0
Super built-up  Area,other,1202.0,2.0,2.0,65.0,2,601.0
Super built-up  Area,Electronic City,1360.0,2.0,2.0,70.0,3,453.3333333333333
Super built-up  Area,Hennur Road,1155.0,2.0,2.0,69.18,2,577.5
Super built-up  Area,Hulimavu,1011.0,2.0,2.0,38.0,2,505.5
Built-up  Area,HSR Layout,1203.0,2.0,2.0,72.0,2,601.5
Super built-up  Area,Hebbal,1645.0,3.0,3.0,113.0,3,548.3333333333334
Super built-up  Area,Horamavu Agara,1364.0,2.0,2.0,50.0,3,454.6666666666667
Super built-up  Area,Jigani,1252.0,3.0,3.0,70.0,3,417.3333333333333
Built-up  Area,Sahakara Nagar,1032.0,2.0,2.0,45.0,2,516.0
Super built-up  Area,Sector 2 HSR Layout,1515.0,2.0,2.0,69.0,3,505.0
Super built-up  Area,other,1427.0,2.0,2.0,52.0,2,713.5
Super built-up  Area,Bannerghatta Road,1460.0,2.0,2.0,80.0,3,486.6666666666667
Super built-up  Area,9th Phase JP Nagar,1522.0,3.0,3.0,90.0,3,507.3333333333333
Super built-up  Area,Thanisandra,1185.0,2.0,2.0,42.67,2,592.5
Built-up  Area,Banashankari,1800.0,3.0,3.0,125.0,3,600.0
Built-up  Area,other,1050.0,2.0,2.0,48.0,2,525.0
Super built-up  Area,Subramanyapura,929.0,2.0,2.0,49.0,2,464.5
Super built-up  Area,Whitefield,1530.0,3.0,3.0,75.0,3,510.0
Super built-up  Area,Electronic City,635.0,1.0,1.0,28.0,1,635.0
Super built-up  Area,Whitefield,1015.0,2.0,2.0,45.0,2,507.5
Built-up  Area,Hebbal,1175.0,2.0,2.0,54.05,2,587.5
Built-up  Area,other,1210.0,2.0,2.0,75.0,2,605.0
Plot  Area,Attibele,1000.0,3.0,3.0,90.0,3,333.3333333333333
Super built-up  Area,Rajaji Nagar,1500.0,2.0,2.0,99.0,3,500.0
Super built-up  Area,Thanisandra,1185.0,2.0,2.0,43.66,2,592.5
Built-up  Area,other,1600.0,3.0,3.0,130.0,3,533.3333333333334
Super built-up  Area,Yelahanka,1300.0,2.0,2.0,69.23,2,650.0
Super built-up  Area,Kasavanhalli,1100.0,2.0,2.0,68.0,2,550.0
Super built-up  Area,Ambalipura,860.0,2.0,2.0,28.93,2,430.0
Super built-up  Area,Akshaya Nagar,1100.0,2.0,2.0,48.0,2,550.0
Super built-up  Area,Whitefield,1187.0,2.0,2.0,38.0,2,593.5
Super built-up  Area,Budigere,1820.0,3.0,3.0,85.2,3,606.6666666666666
Built-up  Area,other,1430.0,3.0,3.0,70.0,3,476.6666666666667
Super built-up  Area,Old Madras Road,1165.0,2.0,2.0,40.77,2,582.5
Built-up  Area,Bellandur,1685.0,3.0,3.0,115.0,3,561.6666666666666
Super built-up  Area,Sarjapur  Road,1314.0,2.0,2.0,110.0,2,657.0
Built-up  Area,other,1130.0,2.0,2.0,68.0,2,565.0
Super built-up  Area,Whitefield,2247.0,3.0,3.0,145.0,3,749.0
Super built-up  Area,Marathahalli,1550.0,3.0,3.0,85.0,3,516.6666666666666
Super built-up  Area,Hoodi,1715.0,2.0,2.0,100.0,3,571.6666666666666
Super built-up  Area,Hennur Road,1053.0,2.0,2.0,53.0,2,526.5
Super built-up  Area,other,1245.0,1.0,1.0,60.0,2,622.5
Built-up  Area,Thanisandra,1241.0,2.0,2.0,65.0,3,413.6666666666667
Super built-up  Area,other,1390.0,2.0,2.0,50.0,3,463.3333333333333
Super built-up  Area,Kanakpura Road,1100.0,2.0,2.0,52.97,3,366.6666666666667
Built-up  Area,Koramangala,1350.0,2.0,2.0,103.0,2,675.0
Super built-up  Area,Sarjapur  Road,1787.0,3.0,3.0,116.0,3,595.6666666666666
Super built-up  Area,Sarjapur  Road,1691.0,3.0,3.0,93.01,3,563.6666666666666
Super built-up  Area,Akshaya Nagar,1896.0,3.0,3.0,102.0,3,632.0
Super built-up  Area,other,1540.0,3.0,3.0,48.51,3,513.3333333333334
Super built-up  Area,Hormavu,1365.0,2.0,2.0,65.0,3,455.0
Super built-up  Area,Thanisandra,580.0,1.0,1.0,27.5,1,580.0
Super built-up  Area,8th Phase JP Nagar,1513.0,2.0,2.0,62.0,2,756.5
Super built-up  Area,Thanisandra,2087.0,4.0,4.0,139.0,3,695.6666666666666
Super built-up  Area,Thanisandra,2050.0,3.0,3.0,150.0,3,683.3333333333334
Super built-up  Area,Thigalarapalya,1830.0,3.0,3.0,133.0,3,610.0
Super built-up  Area,Sarjapur  Road,1028.0,2.0,2.0,56.0,2,514.0
Built-up  Area,Old Madras Road,1300.0,2.0,2.0,100.0,2,650.0
Super built-up  Area,Whitefield,1160.0,2.0,2.0,67.0,2,580.0
Super built-up  Area,other,1100.0,2.0,2.0,57.6,2,550.0
Super built-up  Area,other,2159.0,3.0,3.0,120.0,3,719.6666666666666
Super built-up  Area,Devanahalli,1230.0,2.0,2.0,56.45,2,615.0
Super built-up  Area,other,1340.0,2.0,2.0,71.0,2,670.0
Super built-up  Area,Banashankari,1750.0,2.0,2.0,89.0,3,583.3333333333334
Super built-up  Area,other,1675.0,3.0,3.0,62.0,3,558.3333333333334
Super built-up  Area,Thanisandra,1340.0,2.0,2.0,66.33,2,670.0
Super built-up  Area,Hulimavu,1276.0,2.0,2.0,76.0,2,638.0
Super built-up  Area,Ramagondanahalli,1738.0,2.0,2.0,76.0,3,579.3333333333334
Super built-up  Area,Electronic City,1128.0,2.0,2.0,65.45,2,564.0
Super built-up  Area,other,1250.0,2.0,2.0,55.0,2,625.0
Built-up  Area,other,1450.0,2.0,2.0,90.0,2,725.0
Super built-up  Area,Kudlu,1084.0,2.0,2.0,53.0,2,542.0
Super built-up  Area,Hosur Road,1250.0,2.0,2.0,65.0,2,625.0
Super built-up  Area,Begur,1304.0,3.0,3.0,65.0,3,434.6666666666667
Built-up  Area,7th Phase JP Nagar,980.0,2.0,2.0,77.44,2,490.0
Super built-up  Area,other,1275.0,2.0,2.0,49.5,2,637.5
Super built-up  Area,Kanakpura Road,1450.0,2.0,2.0,70.18,3,483.3333333333333
Super built-up  Area,Electronic City,890.0,2.0,2.0,40.0,2,445.0
Super built-up  Area,Bannerghatta Road,1340.0,2.0,2.0,85.0,2,670.0
Super built-up  Area,Kengeri,750.0,2.0,2.0,40.0,2,375.0
Super built-up  Area,Akshaya Nagar,1300.0,2.0,2.0,66.0,2,650.0
Super built-up  Area,Kanakpura Road,1299.0,2.0,2.0,105.0,2,649.5
Super built-up  Area,other,925.0,2.0,2.0,55.0,2,462.5
Super built-up  Area,other,1715.0,3.0,3.0,95.0,3,571.6666666666666
Super built-up  Area,Marathahalli,1144.0,2.0,2.0,65.0,2,572.0
Super built-up  Area,Kanakpura Road,525.0,1.0,1.0,26.01,1,525.0
Super built-up  Area,other,1400.0,2.0,2.0,56.0,3,466.6666666666667
Super built-up  Area,Balagere,661.0,1.0,1.0,33.0,1,661.0
Super built-up  Area,Yelahanka,1705.0,3.0,3.0,91.0,3,568.3333333333334
Super built-up  Area,Kadugodi,1430.0,2.0,2.0,55.0,3,476.6666666666667
Super built-up  Area,Marathahalli,1240.0,2.0,2.0,55.0,2,620.0
Super built-up  Area,Uttarahalli,1330.0,2.0,2.0,46.45,3,443.3333333333333
Super built-up  Area,other,1300.0,3.0,3.0,170.0,3,433.3333333333333
Built-up  Area,Kudlu,1300.0,2.0,2.0,56.0,2,650.0
Super built-up  Area,Whitefield,1216.0,2.0,2.0,66.88,2,608.0
Built-up  Area,Jigani,1252.0,3.0,3.0,59.0,3,417.3333333333333
Built-up  Area,Kudlu,1027.0,2.0,2.0,44.0,2,513.5
Super built-up  Area,other,1171.0,2.0,2.0,39.0,2,585.5
Super built-up  Area,Whitefield,1180.0,2.0,2.0,77.0,2,590.0
Built-up  Area,Electronic City Phase II,1160.0,2.0,2.0,33.51,2,580.0
Super built-up  Area,Whitefield,2140.0,3.0,3.0,139.0,3,713.3333333333334
Super built-up  Area,Yeshwanthpur,1500.0,3.0,3.0,100.0,3,500.0
Super built-up  Area,other,1008.0,2.0,2.0,52.0,2,504.0
Super built-up  Area,Ambedkar Nagar,1921.0,4.0,4.0,129.0,3,640.3333333333334
Super built-up  Area,Electronic City,1127.0,2.0,2.0,32.0,2,563.5
Super built-up  Area,Rajaji Nagar,1621.0,3.0,3.0,124.0,3,540.3333333333334
Built-up  Area,JP Nagar,1590.0,2.0,2.0,85.0,3,530.0
Super built-up  Area,Hosakerehalli,1795.0,3.0,3.0,64.62,3,598.3333333333334
Super built-up  Area,Electronic City,825.0,2.0,2.0,35.0,2,412.5
Super built-up  Area,other,1820.0,3.0,3.0,79.5,3,606.6666666666666
Super built-up  Area,Horamavu Agara,1623.0,3.0,3.0,89.0,3,541.0
Super built-up  Area,Electronic City,1200.0,2.0,2.0,40.5,2,600.0
Super built-up  Area,Gottigere,1613.0,3.0,3.0,72.0,3,537.6666666666666
Super built-up  Area,other,1293.0,2.0,2.0,80.0,2,646.5
Super built-up  Area,Hoskote,1065.0,2.0,2.0,28.5,2,532.5
Super built-up  Area,Kudlu Gate,940.0,2.0,2.0,69.57,2,470.0
Super built-up  Area,Sarjapur  Road,1181.0,2.0,2.0,65.0,3,393.6666666666667
Built-up  Area,Marathahalli,1100.0,2.0,2.0,75.0,1,1100.0
Super built-up  Area,Subramanyapura,1260.0,2.0,2.0,75.0,3,420.0
Super built-up  Area,Whitefield,1530.0,3.0,3.0,73.0,3,510.0
Super built-up  Area,other,1864.0,3.0,3.0,115.0,3,621.3333333333334
Built-up  Area,Sarjapur,1575.0,3.0,3.0,55.0,3,525.0
Plot  Area,Attibele,1200.0,3.0,3.0,105.0,3,400.0
Super built-up  Area,Raja Rajeshwari Nagar,945.0,2.0,2.0,45.0,2,472.5
Super built-up  Area,Sarjapur  Road,1691.0,3.0,3.0,100.0,3,563.6666666666666
Built-up  Area,Electronic City Phase II,1220.0,3.0,3.0,35.25,3,406.6666666666667
Built-up  Area,Kengeri,600.0,1.0,1.0,35.0,1,600.0
Super built-up  Area,Whitefield,1160.0,2.0,2.0,39.0,2,580.0
Super built-up  Area,other,1950.0,2.0,2.0,89.5,3,650.0
Super built-up  Area,Abbigere,795.0,1.0,1.0,32.6,2,397.5
Super built-up  Area,other,1263.0,2.0,2.0,51.5,2,631.5
Super built-up  Area,Hennur,1345.0,2.0,2.0,69.0,3,448.3333333333333
Super built-up  Area,Electronic City,1360.0,2.0,2.0,58.0,3,453.3333333333333
Built-up  Area,Kanakpura Road,1843.0,3.0,3.0,85.0,3,614.3333333333334
Super built-up  Area,Koramangala,1642.0,2.0,2.0,115.0,3,547.3333333333334
Super built-up  Area,Bisuvanahalli,1075.0,2.0,2.0,44.0,3,358.3333333333333
Super built-up  Area,Akshaya Nagar,1225.0,2.0,2.0,68.0,2,612.5
Super built-up  Area,Jakkur,1290.0,2.0,2.0,80.04,2,645.0
Super built-up  Area,Kaggadasapura,1361.0,2.0,2.0,79.0,2,680.5
Built-up  Area,1st Phase JP Nagar,1394.0,2.0,2.0,85.0,2,697.0
Super built-up  Area,Rajaji Nagar,1222.0,2.0,2.0,98.0,2,611.0
Super built-up  Area,Yeshwanthpur,1167.0,2.0,2.0,64.08,2,583.5
Super built-up  Area,Jigani,939.0,2.0,2.0,39.0,2,469.5
Super built-up  Area,Marathahalli,1710.0,3.0,3.0,135.0,3,570.0
Super built-up  Area,Subramanyapura,1000.0,2.0,2.0,45.0,2,500.0
Super built-up  Area,Jalahalli,615.0,1.0,1.0,46.0,1,615.0
Super built-up  Area,Sarjapur  Road,1350.0,2.0,2.0,85.0,2,675.0
Super built-up  Area,Hegde Nagar,1718.0,3.0,3.0,130.0,3,572.6666666666666
Super built-up  Area,7th Phase JP Nagar,1680.0,3.0,3.0,112.0,3,560.0
Super built-up  Area,Sarjapur  Road,1157.0,2.0,2.0,72.0,3,385.6666666666667
Super built-up  Area,Hulimavu,1315.0,2.0,2.0,60.48,2,657.5
Super built-up  Area,Banashankari,1800.0,3.0,3.0,175.0,3,600.0
Super built-up  Area,other,1010.0,2.0,2.0,52.0,2,505.0
Super built-up  Area,Electronic City,630.0,1.0,1.0,46.0,1,630.0
Super built-up  Area,Whitefield,1012.0,2.0,2.0,58.0,2,506.0
Super built-up  Area,Hegde Nagar,1884.0,4.0,4.0,118.0,3,628.0
Super built-up  Area,other,1090.0,2.0,2.0,37.0,2,545.0
Super built-up  Area,Harlur,1710.0,3.0,3.0,85.0,3,570.0
Super built-up  Area,Kodichikkanahalli,1310.0,2.0,2.0,53.0,3,436.6666666666667
Built-up  Area,other,1464.0,2.0,2.0,115.0,3,488.0
Super built-up  Area,Electronic City Phase II,1625.0,2.0,2.0,48.75,3,541.6666666666666
Super built-up  Area,CV Raman Nagar,1040.0,2.0,2.0,50.0,2,520.0
Super built-up  Area,other,1205.0,2.0,2.0,47.0,2,602.5
Super built-up  Area,Kalena Agrahara,980.0,2.0,2.0,35.0,2,490.0
Built-up  Area,8th Phase JP Nagar,1006.0,2.0,2.0,44.0,2,503.0
Super built-up  Area,Thanisandra,1098.0,2.0,2.0,71.0,2,549.0
Built-up  Area,other,1200.0,2.0,2.0,53.5,2,600.0
Super built-up  Area,Sarjapur  Road,1019.0,2.0,2.0,62.0,2,509.5
Plot  Area,other,1733.5,3.0,3.0,120.0,3,577.8333333333334
Super built-up  Area,other,1415.0,2.0,2.0,120.0,2,707.5
Built-up  Area,other,1050.0,2.0,2.0,45.0,2,525.0
Super built-up  Area,Kanakpura Road,1452.0,3.0,3.0,55.6,3,484.0
Super built-up  Area,Domlur,1246.0,2.0,2.0,95.0,2,623.0
Built-up  Area,Yelahanka,1890.0,4.0,4.0,85.0,3,630.0
Super built-up  Area,Electronic City Phase II,972.0,2.0,2.0,40.0,2,486.0
Super built-up  Area,Electronic City,630.0,1.0,1.0,33.7,1,630.0
Super built-up  Area,Kanakpura Road,1938.0,3.0,3.0,92.69,3,646.0
Super built-up  Area,CV Raman Nagar,1392.0,2.0,2.0,95.0,2,696.0
Super built-up  Area,Haralur Road,1225.0,2.0,2.0,77.0,2,612.5
Super built-up  Area,Green Glen Layout,1750.0,3.0,3.0,120.0,3,583.3333333333334
Super built-up  Area,Subramanyapura,1260.0,2.0,2.0,80.0,3,420.0
Super built-up  Area,Sarjapur  Road,691.0,1.0,1.0,31.1,1,691.0
Super built-up  Area,Haralur Road,1285.0,2.0,2.0,78.0,2,642.5
Built-up  Area,Hebbal,1590.0,3.0,3.0,96.0,3,530.0
Super built-up  Area,9th Phase JP Nagar,1571.0,3.0,3.0,65.0,3,523.6666666666666
Super built-up  Area,Hennur,1255.0,2.0,2.0,58.0,2,627.5
Super built-up  Area,Bannerghatta Road,1520.0,2.0,2.0,81.0,3,506.6666666666667
Super built-up  Area,Kanakpura Road,1530.0,2.6926096474673513,2.6926096474673513,70.99,3,510.0
Super built-up  Area,other,1170.0,2.0,2.0,45.51,2,585.0
Super built-up  Area,Ardendale,1777.26,3.0,3.0,89.0,3,592.42
Super built-up  Area,Raja Rajeshwari Nagar,1303.0,2.0,2.0,55.78,2,651.5
Built-up  Area,Whitefield,1495.0,2.0,2.0,70.0,3,498.3333333333333
Super built-up  Area,Yelahanka,1835.0,3.0,3.0,108.0,3,611.6666666666666
Super built-up  Area,Haralur Road,1225.0,2.0,2.0,67.48,2,612.5
Super built-up  Area,Balagere,656.0,1.0,1.0,34.77,1,656.0
Super built-up  Area,Sarjapur  Road,994.0,2.0,2.0,45.0,2,497.0
Super built-up  Area,other,1025.0,2.0,2.0,65.0,2,512.5
Built-up  Area,Marathahalli,1156.0,2.0,2.0,52.0,2,578.0
Super built-up  Area,JP Nagar,1250.0,2.0,2.0,60.0,2,625.0
Super built-up  Area,Hegde Nagar,1930.0,4.0,4.0,122.0,3,643.3333333333334
Built-up  Area,other,1020.0,2.0,2.0,70.0,2,510.0
Super built-up  Area,Jalahalli,612.5,1.0,1.0,27.565,1,612.5
Built-up  Area,Kanakpura Road,1322.0,2.0,2.0,70.0,2,661.0
Built-up  Area,Lakshminarayana Pura,1720.0,3.0,3.0,150.0,3,573.3333333333334
Super built-up  Area,other,1155.0,2.0,2.0,69.0,2,577.5
Built-up  Area,Yelahanka,1847.0,3.0,3.0,92.0,3,615.6666666666666
Super built-up  Area,7th Phase JP Nagar,1515.0,2.0,2.0,76.0,3,505.0
Built-up  Area,Sarjapur  Road,1130.0,2.0,2.0,55.0,2,565.0
Super built-up  Area,Bellandur,1049.0,2.0,2.0,51.0,2,524.5
Super built-up  Area,Jakkur,1282.0,2.0,2.0,72.0,2,641.0
Super built-up  Area,Kalena Agrahara,800.0,2.0,2.0,40.0,2,400.0
Super built-up  Area,Magadi Road,1318.0,2.0,2.0,68.0,3,439.3333333333333
Super built-up  Area,Kanakpura Road,1698.0,2.0,2.0,105.0,2,849.0
Super built-up  Area,Kammasandra,1276.0,2.0,2.0,31.9,3,425.3333333333333
Super built-up  Area,other,1555.0,2.0,2.0,67.0,3,518.3333333333334
Super built-up  Area,Sarjapur  Road,1881.0,3.0,3.0,145.0,3,627.0
Super built-up  Area,Yelahanka,1890.0,3.0,3.0,109.0,3,630.0
Super built-up  Area,Old Madras Road,935.0,2.0,2.0,32.0,2,467.5
Built-up  Area,Bellandur,1350.0,2.0,2.0,63.0,3,450.0
Super built-up  Area,Attibele,996.0,2.0,2.0,24.9,2,498.0
Super built-up  Area,other,1076.0,2.0,2.0,30.13,2,538.0
Super built-up  Area,Kasavanhalli,1715.0,3.0,3.0,112.0,3,571.6666666666666
Super built-up  Area,Hebbal,1072.0,2.0,2.0,45.0,2,536.0
Super built-up  Area,Panathur,1230.0,2.0,2.0,80.0,2,615.0
Super built-up  Area,Thanisandra,1411.0,3.0,3.0,93.25,3,470.3333333333333
Built-up  Area,Doddathoguru,1208.0,3.0,3.0,45.0,3,402.6666666666667
Super built-up  Area,Haralur Road,1225.0,2.0,2.0,69.84,2,612.5
Super built-up  Area,Hebbal,1162.0,2.0,2.0,69.0,2,581.0
Super built-up  Area,Thanisandra,1262.0,2.0,2.0,65.0,3,420.6666666666667
Super built-up  Area,Whitefield,1340.0,2.0,2.0,41.0,2,670.0
Super built-up  Area,Hosa Road,1170.0,2.0,2.0,65.0,2,585.0
Super built-up  Area,Sarjapur  Road,980.0,2.0,2.0,25.0,2,490.0
Super built-up  Area,other,1423.0,2.0,2.0,71.73,3,474.3333333333333
Super built-up  Area,Kaggadasapura,1106.0,2.0,2.0,40.0,2,553.0
Built-up  Area,Kereguddadahalli,1105.0,2.0,2.0,27.6,2,552.5
Super built-up  Area,other,1255.0,2.0,2.0,56.7,2,627.5
Super built-up  Area,other,1061.0,2.0,2.0,38.95,2,530.5
Super built-up  Area,Electronic City Phase II,1400.0,2.0,2.0,40.45,3,466.6666666666667
Super built-up  Area,Domlur,2100.0,3.0,3.0,145.0,3,700.0
Super built-up  Area,Electronic City,660.0,1.0,1.0,16.5,2,330.0
Super built-up  Area,other,907.0,2.0,2.0,55.43,2,453.5
Super built-up  Area,Hennur Road,2047.0,3.0,3.0,67.55,3,682.3333333333334
Super built-up  Area,Hennur Road,1904.0,3.0,3.0,129.0,3,634.6666666666666
Super built-up  Area,Balagere,1205.0,2.0,2.0,73.87,2,602.5
Super built-up  Area,Yeshwanthpur,1164.0,2.0,2.0,64.08,2,582.0
Super built-up  Area,other,1410.0,2.0,2.0,73.0,2,705.0
Built-up  Area,other,1150.0,2.0,2.0,42.0,2,575.0
Super built-up  Area,other,1170.0,2.0,2.0,53.11,2,585.0
Built-up  Area,other,1789.0,3.0,3.0,75.0,3,596.3333333333334
Super built-up  Area,Hulimavu,1021.0,2.0,2.0,76.0,2,510.5
Super built-up  Area,Kalena Agrahara,1222.0,2.0,2.0,48.0,2,611.0
Super built-up  Area,Hennur Road,1981.0,3.0,3.0,134.0,3,660.3333333333334
Super built-up  Area,other,1201.0,2.0,2.0,65.0,2,600.5
Super built-up  Area,Sarjapur  Road,970.0,2.0,2.0,36.0,2,485.0
Super built-up  Area,Sarjapur,920.0,2.0,2.0,33.0,2,460.0
Super built-up  Area,Yeshwanthpur,1520.0,3.0,3.0,85.0,3,506.6666666666667
Super built-up  Area,Sonnenahalli,1268.0,2.0,2.0,75.0,3,422.6666666666667
Super built-up  Area,Harlur,1755.0,3.0,3.0,115.0,3,585.0
Super built-up  Area,Hoskote,945.0,2.0,2.0,35.0,2,472.5
Carpet  Area,8th Phase JP Nagar,500.0,1.0,1.0,33.0,1,500.0
Built-up  Area,Bommenahalli,1632.0,3.0,3.0,140.0,4,408.0
Super built-up  Area,Domlur,1276.0,2.0,2.0,80.0,2,638.0
Built-up  Area,Thanisandra,1234.0,2.0,2.0,51.0,2,617.0
Super built-up  Area,Lakshminarayana Pura,1180.0,2.0,2.0,75.0,2,590.0
Super built-up  Area,other,1370.0,2.0,2.0,87.0,3,456.6666666666667
Super built-up  Area,Ramagondanahalli,1251.0,2.0,2.0,46.0,2,625.5
Super built-up  Area,Yeshwanthpur,1677.0,3.0,3.0,92.13,3,559.0
Super built-up  Area,Sarjapur  Road,1346.0,2.0,2.0,67.38,2,673.0
Built-up  Area,Electronic City Phase II,1090.0,2.0,2.0,31.48,2,545.0
Super built-up  Area,Kanakapura,1290.0,2.0,2.0,51.1,3,430.0
Super built-up  Area,Ramamurthy Nagar,1050.0,2.0,2.0,51.66,2,525.0
Super built-up  Area,Hoodi,1660.0,3.0,3.0,131.0,3,553.3333333333334
Super built-up  Area,CV Raman Nagar,705.0,2.0,2.0,50.0,1,705.0
Super built-up  Area,Anandapura,1200.0,2.0,2.0,50.0,2,600.0
Super built-up  Area,Talaghattapura,1804.0,3.0,3.0,127.0,3,601.3333333333334
Built-up  Area,other,750.0,2.0,2.0,20.0,2,375.0
Built-up  Area,Electronic City,1287.0,3.0,3.0,55.0,3,429.0
Super built-up  Area,Thigalarapalya,2215.0,4.0,4.0,157.0,3,738.3333333333334
Built-up  Area,Sarjapur  Road,1045.0,2.0,2.0,42.15,2,522.5
Super built-up  Area,Whitefield,1431.0,3.0,3.0,85.0,3,477.0
Super built-up  Area,other,1535.0,3.0,3.0,72.0,3,511.6666666666667
Super built-up  Area,other,1265.0,2.0,2.0,68.0,2,632.5
Super built-up  Area,Hegde Nagar,1835.0,2.0,2.0,92.0,3,611.6666666666666
Super built-up  Area,1st Phase JP Nagar,2077.0,3.0,3.0,175.0,3,692.3333333333334
Super built-up  Area,Dasanapura,708.0,2.0,2.0,31.15,2,354.0
Carpet  Area,Kanakpura Road,458.0,1.0,1.0,33.66,1,458.0
Built-up  Area,other,1450.0,2.0,2.0,90.0,3,483.3333333333333
Super built-up  Area,Kasavanhalli,1100.0,2.0,2.0,65.0,2,550.0
Super built-up  Area,other,1185.0,2.0,2.0,55.0,2,592.5
Super built-up  Area,other,660.0,1.0,1.0,35.0,1,660.0
Super built-up  Area,Bhoganhalli,1205.0,2.0,2.0,68.32,2,602.5
Super built-up  Area,Akshaya Nagar,1421.0,2.0,2.0,73.0,3,473.6666666666667
Super built-up  Area,Whitefield,524.0,1.0,1.0,29.0,1,524.0
Super built-up  Area,Thubarahalli,1540.0,3.0,3.0,90.0,3,513.3333333333334
Super built-up  Area,Rachenahalli,985.0,2.0,2.0,50.17,2,492.5
Super built-up  Area,other,1140.0,2.0,2.0,60.0,2,570.0
Super built-up  Area,Devanahalli,1360.0,2.0,2.0,62.425,2,680.0
Super built-up  Area,Dasarahalli,1333.0,2.0,2.0,86.65,2,666.5
Super built-up  Area,Electronic City,1258.0,2.0,2.0,85.5,2,629.0
Super built-up  Area,other,1458.0,2.0,2.0,87.0,3,486.0
Built-up  Area,Electronic City,1386.0,2.0,2.0,85.0,2,693.0
Built-up  Area,Electronic City Phase II,1140.0,2.0,2.0,32.92,2,570.0
Built-up  Area,other,550.0,1.0,1.0,27.0,1,550.0
Super built-up  Area,Lakshminarayana Pura,1200.0,2.0,2.0,83.0,2,600.0
Super built-up  Area,Whitefield,2135.0,3.0,3.0,149.0,4,533.75
Super built-up  Area,other,1178.0,2.0,2.0,80.0,2,589.0
Super built-up  Area,other,991.0,2.0,2.0,40.0,2,495.5
Super built-up  Area,Gottigere,1493.0,2.0,2.0,90.0,3,497.6666666666667
Super built-up  Area,Dasanapura,814.0,2.0,2.0,53.0,2,407.0
Super built-up  Area,Electronic City,1025.0,2.0,2.0,50.0,2,512.5
Super built-up  Area,Whitefield,1760.0,3.0,3.0,160.0,3,586.6666666666666
Super built-up  Area,other,1175.0,2.0,2.0,52.86,2,587.5
Super built-up  Area,KR Puram,1100.0,2.0,2.0,45.0,2,550.0
Super built-up  Area,6th Phase JP Nagar,1810.0,3.0,3.0,131.0,3,603.3333333333334
Built-up  Area,Kalyan nagar,1100.0,2.0,2.0,70.0,2,550.0
Super built-up  Area,Electronic City Phase II,650.0,1.0,1.0,35.0,1,650.0
Super built-up  Area,Billekahalli,1360.0,2.0,2.0,110.0,2,680.0
Super built-up  Area,Yeshwanthpur,674.0,1.0,1.0,36.85,1,674.0
Super built-up  Area,Whitefield,1655.0,3.0,3.0,110.0,3,551.6666666666666
Super built-up  Area,other,1277.0,2.0,2.0,92.0,2,638.5
Super built-up  Area,Budigere,1153.0,2.0,2.0,60.0,2,576.5
Super built-up  Area,8th Phase JP Nagar,1160.0,2.0,2.0,95.0,2,580.0
Built-up  Area,Brookefield,1225.0,2.0,2.0,72.0,2,612.5
Super built-up  Area,Channasandra,830.0,2.0,2.0,36.28,2,415.0
Super built-up  Area,Jalahalli,905.0,2.0,2.0,55.0,2,452.5
Super built-up  Area,Vijayanagar,1375.0,2.0,2.0,75.0,3,458.3333333333333
Super built-up  Area,Kannamangala,957.0,2.0,2.0,55.0,2,478.5
Built-up  Area,9th Phase JP Nagar,890.0,2.0,2.0,45.0,2,445.0
Super built-up  Area,Rachenahalli,925.0,2.0,2.0,37.0,2,462.5
Built-up  Area,Kammasandra,1415.0,2.0,2.0,60.0,2,707.5
Super built-up  Area,Thanisandra,1225.0,2.0,2.0,37.0,2,612.5
Super built-up  Area,Whitefield,840.0,1.0,1.0,57.0,1,840.0
Super built-up  Area,Thanisandra,1732.0,3.0,3.0,112.0,3,577.3333333333334
Super built-up  Area,Bhoganhalli,1260.0,2.0,2.0,69.9,2,630.0
Super built-up  Area,other,827.0,2.0,2.0,34.0,2,413.5
Super built-up  Area,Whitefield,1725.0,3.0,3.0,106.0,3,575.0
Super built-up  Area,Kanakpura Road,700.0,2.0,2.0,34.0,2,350.0
Super built-up  Area,other,800.0,2.0,2.0,32.0,2,400.0
Super built-up  Area,Sonnenahalli,1415.0,2.0,2.0,65.0,3,471.6666666666667
Super built-up  Area,7th Phase JP Nagar,1976.0,3.0,3.0,145.0,3,658.6666666666666
Super built-up  Area,Yelahanka,700.0,1.0,1.0,38.0,1,700.0
Super built-up  Area,Sarjapur,1445.0,3.0,3.0,50.0,3,481.6666666666667
Super built-up  Area,Battarahalli,2082.0,3.0,3.0,104.0,3,694.0
Super built-up  Area,Thanisandra,933.0,2.0,2.0,66.0,2,466.5
Super built-up  Area,Rajaji Nagar,1555.0,3.0,3.0,125.0,3,518.3333333333334
Super built-up  Area,Bellandur,1420.0,3.0,3.0,62.0,3,473.3333333333333
Carpet  Area,Bhoganhalli,896.9,2.0,2.0,78.74,2,448.45
Built-up  Area,KR Puram,1035.0,2.0,2.0,40.0,2,517.5
Super built-up  Area,other,1839.0,3.0,3.0,160.0,3,613.0
Built-up  Area,Yelahanka New Town,488.0,1.0,1.0,20.0,1,488.0
Super built-up  Area,other,993.0,2.0,2.0,42.0,2,496.5
Super built-up  Area,Hoodi,1225.0,2.0,2.0,45.0,2,612.5
Built-up  Area,other,825.0,2.0,2.0,32.0,2,412.5
Super built-up  Area,Electronic City Phase II,1800.0,3.0,3.0,92.0,3,600.0
Super built-up  Area,Kanakpura Road,1167.0,2.0,2.0,63.0,2,583.5
Super built-up  Area,other,650.0,1.0,1.0,50.0,1,650.0
Built-up  Area,Sarjapur  Road,675.0,1.0,1.0,27.0,1,675.0
Super built-up  Area,other,720.0,1.0,1.0,32.39,1,720.0
Super built-up  Area,Uttarahalli,1330.0,2.0,2.0,58.0,3,443.3333333333333
Super built-up  Area,Banashankari,1770.0,3.0,3.0,108.0,3,590.0
Super built-up  Area,Prithvi Layout,2100.0,3.0,3.0,125.0,3,700.0
Super built-up  Area,Kanakpura Road,1419.59,2.0,2.0,65.0,3,473.19666666666666
Super built-up  Area,Kodihalli,1400.0,3.0,3.0,81.0,3,466.6666666666667
Super built-up  Area,Kannamangala,1536.0,3.0,3.0,107.0,3,512.0
Super built-up  Area,Sarjapur  Road,1773.5,2.6926096474673513,2.6926096474673513,102.92,3,591.1666666666666
Super built-up  Area,Electronic City,1342.0,2.0,2.0,72.0,2,671.0
Super built-up  Area,Kanakapura,938.0,1.0,1.0,50.0,1,938.0
Super built-up  Area,Budigere,1820.0,3.0,3.0,99.0,3,606.6666666666666
Super built-up  Area,Kanakpura Road,1665.0,3.0,3.0,78.0,3,555.0
Built-up  Area,Bommanahalli,1091.0,2.0,2.0,40.0,2,545.5
Super built-up  Area,Hebbal,1299.0,2.0,2.0,97.0,2,649.5
Super built-up  Area,Yelahanka,1491.0,3.0,3.0,85.0,3,497.0
Super built-up  Area,other,1125.0,2.0,2.0,55.0,2,562.5
Built-up  Area,Electronic City,1275.0,3.0,3.0,70.0,3,425.0
Super built-up  Area,Old Madras Road,1330.0,2.0,2.0,74.0,2,665.0
Super built-up  Area,Electronic City,770.0,1.0,1.0,38.0,2,385.0
Super built-up  Area,Bhoganhalli,1707.0,3.0,3.0,115.0,3,569.0
Super built-up  Area,Tumkur Road,1240.0,2.0,2.0,83.0,3,413.3333333333333
Super built-up  Area,JP Nagar,1300.0,2.0,2.0,91.65,2,650.0
Super built-up  Area,Ambalipura,1700.0,2.0,2.0,76.0,2,850.0
Super built-up  Area,Yeshwanthpur,1383.0,2.0,2.0,76.18,3,461.0
Super built-up  Area,Thigalarapalya,2072.0,4.0,4.0,151.0,3,690.6666666666666
Super built-up  Area,KR Puram,1116.0,2.0,2.0,45.0,2,558.0
Super built-up  Area,Whitefield,1639.0,3.0,3.0,107.0,3,546.3333333333334
Super built-up  Area,Thanisandra,933.0,1.0,1.0,61.0,1,933.0
Built-up  Area,Horamavu Agara,1080.0,2.0,2.0,38.0,2,540.0
Super built-up  Area,other,910.0,2.0,2.0,36.0,2,455.0
Plot  Area,Hormavu,1200.0,2.0,2.0,73.0,2,600.0
Super built-up  Area,Electronic City,1110.0,2.0,2.0,39.9,2,555.0
Super built-up  Area,AECS Layout,1005.0,2.0,2.0,55.0,2,502.5
Super built-up  Area,Electronic City,660.0,1.0,1.0,23.0,2,330.0
Super built-up  Area,Electronic City,1644.0,3.0,3.0,92.59,3,548.0
Super built-up  Area,1st Phase JP Nagar,1205.0,2.0,2.0,85.0,2,602.5
Super built-up  Area,Raja Rajeshwari Nagar,1270.0,2.0,2.0,62.0,2,635.0
Super built-up  Area,Jigani,1221.0,3.0,3.0,70.0,3,407.0
Built-up  Area,other,840.0,2.0,2.0,35.0,3,280.0
Super built-up  Area,Kanakpura Road,1339.0,2.0,2.0,63.0,2,669.5
Super built-up  Area,Haralur Road,1315.0,2.0,2.0,85.0,2,657.5
Super built-up  Area,Bisuvanahalli,850.0,2.0,2.0,27.0,2,425.0
Super built-up  Area,7th Phase JP Nagar,1600.0,2.0,2.0,110.0,3,533.3333333333334
Built-up  Area,Electronic City,1250.0,2.0,2.0,62.0,2,625.0
Super built-up  Area,other,1312.0,2.0,2.0,56.5,3,437.3333333333333
Built-up  Area,Electronic City Phase II,1300.0,2.0,2.0,28.0,2,650.0
Super built-up  Area,Kadugodi,1614.0,2.0,2.0,59.0,3,538.0
Super built-up  Area,other,1182.0,2.0,2.0,60.1,3,394.0
Super built-up  Area,other,1053.0,2.0,2.0,46.29,2,526.5
Super built-up  Area,Gubbalala,2000.0,3.0,3.0,125.0,3,666.6666666666666
Built-up  Area,Electronic City Phase II,1940.0,4.0,4.0,116.0,3,646.6666666666666
Super built-up  Area,Hennur Road,1590.0,3.0,3.0,105.0,3,530.0
Super built-up  Area,Raja Rajeshwari Nagar,1260.0,2.0,2.0,62.0,3,420.0
Super built-up  Area,Thanisandra,1702.0,3.0,3.0,107.0,3,567.3333333333334
Super built-up  Area,Bisuvanahalli,1080.0,2.0,2.0,65.0,3,360.0
Super built-up  Area,Tumkur Road,1035.0,2.0,2.0,39.0,2,517.5
Super built-up  Area,Hennur Road,1200.0,2.0,2.0,36.0,2,600.0
Super built-up  Area,Yelahanka,1330.0,2.0,2.0,93.65,2,665.0
Super built-up  Area,Kaggalipura,1210.0,2.0,2.0,65.0,3,403.3333333333333
Super built-up  Area,other,1900.0,2.0,2.0,65.0,3,633.3333333333334
Super built-up  Area,Ambedkar Nagar,1935.0,4.0,4.0,125.0,3,645.0
Super built-up  Area,other,1410.0,3.0,3.0,90.0,3,470.0
Super built-up  Area,other,1469.0,2.0,2.0,99.14,2,734.5
Super built-up  Area,Varthur,986.0,2.0,2.0,30.0,2,493.0
Super built-up  Area,other,1460.0,2.0,2.0,87.0,3,486.6666666666667
Super built-up  Area,Chandapura,1345.0,2.0,2.0,39.5,3,448.3333333333333
Super built-up  Area,Panathur,980.0,2.0,2.0,57.0,2,490.0
Built-up  Area,Kudlu Gate,1164.0,2.0,2.0,75.0,2,582.0
Super built-up  Area,Subramanyapura,929.0,1.0,1.0,51.0,2,464.5
Super built-up  Area,Budigere,1172.0,2.0,2.0,56.725,2,586.0
Super built-up  Area,Yeshwanthpur,672.0,1.0,1.0,36.85,1,672.0
Super built-up  Area,Brookefield,1746.0,3.0,3.0,115.0,3,582.0
Super built-up  Area,Harlur,1532.0,2.0,2.0,65.0,2,766.0
Super built-up  Area,Thanisandra,1188.0,2.0,2.0,39.0,2,594.0
Super built-up  Area,Marathahalli,1170.0,2.0,2.0,85.0,2,585.0
Super built-up  Area,other,1061.0,2.0,2.0,34.0,2,530.5
Super built-up  Area,Sarjapur,1333.0,3.0,3.0,50.0,3,444.3333333333333
Super built-up  Area,Thanisandra,747.0,1.0,1.0,34.355,1,747.0
Super built-up  Area,Thanisandra,2030.0,4.0,4.0,125.0,3,676.6666666666666
Super built-up  Area,Balagere,1012.0,2.0,2.0,70.0,2,506.0
Super built-up  Area,7th Phase JP Nagar,1765.0,3.0,3.0,118.0,3,588.3333333333334
Super built-up  Area,Gottigere,1110.0,2.0,2.0,36.25,2,555.0
Super built-up  Area,Sarjapur,1044.0,2.0,2.0,36.0,2,522.0
Super built-up  Area,Brookefield,1518.0,3.0,3.0,80.0,3,506.0
Super built-up  Area,KR Puram,1300.0,2.0,2.0,57.0,3,433.3333333333333
Super built-up  Area,other,1798.0,3.0,3.0,73.0,3,599.3333333333334
Carpet  Area,KR Puram,866.28,2.0,2.0,36.38,2,433.14
Super built-up  Area,other,1179.0,2.0,2.0,56.0,2,589.5
Built-up  Area,5th Phase JP Nagar,1190.0,2.0,2.0,61.8,2,595.0
Super built-up  Area,Jakkur,1761.0,3.0,3.0,84.52,3,587.0
Super built-up  Area,Electronic City,1128.0,2.0,2.0,64.8,2,564.0
Super built-up  Area,other,509.0,1.0,1.0,20.0,1,509.0
Super built-up  Area,Ambedkar Nagar,1852.0,4.0,4.0,122.0,3,617.3333333333334
Super built-up  Area,Varthur,1045.0,2.0,2.0,40.65,2,522.5
Super built-up  Area,other,1800.0,3.0,3.0,82.0,4,450.0
Super built-up  Area,other,1397.0,2.0,2.0,52.0,3,465.6666666666667
Super built-up  Area,Balagere,645.0,1.0,1.0,55.0,1,645.0
Carpet  Area,other,2050.0,3.0,3.0,135.0,3,683.3333333333334
Super built-up  Area,Sarjapur  Road,1335.0,2.0,2.0,95.0,2,667.5
Super built-up  Area,Thanisandra,1140.0,2.0,2.0,59.0,2,570.0
Super built-up  Area,Thanisandra,663.0,1.0,1.0,46.0,1,663.0
Super built-up  Area,Kanakpura Road,1450.0,3.0,3.0,60.9,3,483.3333333333333
Built-up  Area,Green Glen Layout,1740.0,3.0,3.0,80.0,3,580.0
Super built-up  Area,Sarjapur  Road,1525.0,2.0,2.0,63.0,3,508.3333333333333
Super built-up  Area,Hormavu,1250.0,2.0,2.0,65.0,2,625.0
Super built-up  Area,Kothanur,1400.0,2.0,2.0,70.0,2,700.0
Super built-up  Area,other,1600.0,3.0,3.0,100.0,3,533.3333333333334
Built-up  Area,Electronic City,1060.0,2.0,2.0,55.0,2,530.0
Super built-up  Area,Kanakpura Road,1296.0,2.0,2.0,105.0,2,648.0
Super built-up  Area,Karuna Nagar,1945.0,3.0,3.0,115.0,3,648.3333333333334
Super built-up  Area,other,850.0,2.0,2.0,42.5,2,425.0
Super built-up  Area,Subramanyapura,1880.0,3.0,3.0,110.0,3,626.6666666666666
Super built-up  Area,Kenchenahalli,1060.0,2.0,2.0,52.0,2,530.0
Super built-up  Area,Hennur Road,2041.0,3.0,3.0,138.0,3,680.3333333333334
Super built-up  Area,other,1184.0,2.0,2.0,62.0,2,592.0
Super built-up  Area,Thanisandra,1411.0,3.0,3.0,100.0,3,470.3333333333333
Super built-up  Area,Thanisandra,1702.0,3.0,3.0,120.0,3,567.3333333333334
Super built-up  Area,Yelahanka,1185.0,2.0,2.0,45.0,2,592.5
Super built-up  Area,Kanakpura Road,1300.0,3.0,3.0,64.0,3,433.3333333333333
Super built-up  Area,other,1545.0,3.0,3.0,65.0,3,515.0
Super built-up  Area,6th Phase JP Nagar,1515.0,2.0,2.0,135.0,3,505.0
Super built-up  Area,Jigani,1300.0,3.0,3.0,55.0,3,433.3333333333333
Super built-up  Area,Old Madras Road,1720.0,3.0,3.0,106.0,3,573.3333333333334
Super built-up  Area,other,1540.0,3.0,3.0,150.0,3,513.3333333333334
Super built-up  Area,Electronic City,710.0,1.0,1.0,40.42,1,710.0
Built-up  Area,Bannerghatta Road,1250.0,2.0,2.0,48.0,2,625.0
Super built-up  Area,Hegde Nagar,1584.01,3.0,3.0,104.0,3,528.0033333333333
Super built-up  Area,Kaggadasapura,1485.0,2.0,2.0,70.0,3,495.0
Built-up  Area,Hennur Road,1100.0,2.0,2.0,78.0,3,366.6666666666667
Built-up  Area,Hennur Road,1880.0,4.0,4.0,154.0,4,470.0
Super built-up  Area,Bannerghatta Road,1640.0,3.0,3.0,105.0,3,546.6666666666666
Super built-up  Area,other,1165.0,2.0,2.0,65.0,2,582.5
Built-up  Area,Kengeri Satellite Town,1110.0,2.0,2.0,43.0,2,555.0
Super built-up  Area,Sarjapur  Road,1222.0,2.0,2.0,68.0,3,407.3333333333333
Super built-up  Area,Yelahanka,1517.0,3.0,3.0,71.28,3,505.6666666666667
Built-up  Area,Electronic City,870.0,2.0,2.0,24.0,2,435.0
Super built-up  Area,Whitefield,1345.0,3.0,3.0,58.0,3,448.3333333333333
Built-up  Area,EPIP Zone,1810.0,2.0,2.0,65.0,2,905.0
Super built-up  Area,Thanisandra,1185.0,2.0,2.0,45.0,2,592.5
Super built-up  Area,other,1350.0,2.0,2.0,68.0,2,675.0
Super built-up  Area,Budigere,1590.0,3.0,3.0,76.16,3,530.0
Super built-up  Area,Somasundara Palya,1650.0,3.0,3.0,126.0,3,550.0
Super built-up  Area,Hennur Road,1748.0,3.0,3.0,103.0,3,582.6666666666666
Built-up  Area,Kengeri Satellite Town,1170.0,2.0,2.0,50.0,2,585.0
Built-up  Area,Hulimavu,1320.0,2.0,2.0,65.0,3,440.0
Super built-up  Area,Frazer Town,1870.0,3.0,3.0,180.0,3,623.3333333333334
Super built-up  Area,Sarjapur  Road,1510.0,2.0,2.0,110.0,3,503.3333333333333
Super built-up  Area,Mahadevpura,1500.0,2.0,2.0,70.0,3,500.0
Super built-up  Area,Indira Nagar,1149.0,2.0,2.0,130.0,2,574.5
Built-up  Area,Thanisandra,1948.0,4.0,4.0,129.0,4,487.0
Super built-up  Area,Sarjapur  Road,1242.0,2.0,2.0,78.0,2,621.0
Super built-up  Area,Sonnenahalli,1268.0,2.0,2.0,58.0,2,634.0
Super built-up  Area,Ramamurthy Nagar,1101.0,2.0,2.0,50.0,2,550.5
Super built-up  Area,other,1255.0,2.0,2.0,65.0,2,627.5
Super built-up  Area,Sarjapur  Road,984.0,3.0,3.0,140.0,3,328.0
Super built-up  Area,Hosa Road,1089.0,2.0,2.0,32.67,2,544.5
Super built-up  Area,Kaggalipura,950.0,2.0,2.0,45.0,2,475.0
Super built-up  Area,other,1068.0,2.0,2.0,43.0,2,534.0
Built-up  Area,Yelahanka New Town,860.0,1.0,1.0,31.0,2,430.0
Super built-up  Area,Yelahanka,1756.0,3.0,3.0,66.73,3,585.3333333333334
Super built-up  Area,Whitefield,1205.0,2.0,2.0,41.0,2,602.5
Super built-up  Area,Banashankari,1800.0,3.0,3.0,125.0,3,600.0
Built-up  Area,Hormavu,1604.0,3.0,3.0,68.0,3,534.6666666666666
Super built-up  Area,Yelahanka,1050.0,2.0,2.0,33.1,2,525.0
Super built-up  Area,Mysore Road,1248.52,3.0,3.0,115.0,3,416.17333333333335
Super built-up  Area,Bannerghatta Road,1656.0,2.0,2.0,62.93,3,552.0
Super built-up  Area,other,1451.0,3.0,3.0,68.0,3,483.6666666666667
Super built-up  Area,JP Nagar,1250.0,2.0,2.0,93.0,2,625.0
Built-up  Area,Sonnenahalli,1340.0,2.0,2.0,42.0,3,446.6666666666667
Super built-up  Area,other,1100.0,2.0,2.0,38.5,2,550.0
Super built-up  Area,other,1700.0,3.0,3.0,71.0,3,566.6666666666666
Super built-up  Area,KR Puram,1096.0,2.0,2.0,43.0,2,548.0
Super built-up  Area,Nehru Nagar,1269.0,2.0,2.0,63.0,3,423.0
Super built-up  Area,Panathur,1586.0,3.0,3.0,125.0,3,528.6666666666666
Super built-up  Area,Rajaji Nagar,1376.0,2.0,2.0,124.0,2,688.0
Super built-up  Area,Kanakpura Road,1452.0,3.0,3.0,56.5,3,484.0
Super built-up  Area,Hosa Road,1538.0,3.0,3.0,107.0,3,512.6666666666666
Super built-up  Area,Hosur Road,1427.0,2.0,2.0,130.0,3,475.6666666666667
Built-up  Area,other,1220.0,2.0,2.0,65.0,2,610.0
Super built-up  Area,Harlur,1197.0,2.0,2.0,77.0,2,598.5
Built-up  Area,Thanisandra,1573.0,3.0,3.0,90.0,3,524.3333333333334
Super built-up  Area,Dodda Nekkundi,1135.0,2.0,2.0,58.0,2,567.5
Built-up  Area,other,2045.0,3.0,3.0,108.0,3,681.6666666666666
Super built-up  Area,Sonnenahalli,1268.0,2.0,2.0,56.0,2,634.0
Super built-up  Area,Yelahanka,1600.0,3.0,3.0,100.0,3,533.3333333333334
Super built-up  Area,Thanisandra,1056.0,2.0,2.0,70.0,2,528.0
Super built-up  Area,KR Puram,1204.0,2.0,2.0,58.0,2,602.0
Super built-up  Area,other,1410.0,2.0,2.0,54.0,3,470.0
Built-up  Area,Hennur Road,1460.0,2.0,2.0,80.3,2,730.0
Super built-up  Area,other,1310.0,2.0,2.0,88.0,2,655.0
Super built-up  Area,Sector 2 HSR Layout,1600.0,3.0,3.0,90.0,3,533.3333333333334
Super built-up  Area,Sarjapur  Road,1665.0,3.0,3.0,74.93,3,555.0
Super built-up  Area,other,1416.0,2.0,2.0,67.0,2,708.0
Built-up  Area,Jigani,1231.0,3.0,3.0,58.0,3,410.3333333333333
Super built-up  Area,Yelahanka,1664.0,3.0,3.0,73.95,3,554.6666666666666
Built-up  Area,Rajiv Nagar,972.0,2.0,2.0,43.0,2,486.0
Super built-up  Area,Balagere,1007.0,2.0,2.0,68.0,2,503.5
Super built-up  Area,Whitefield,1250.0,2.0,2.0,85.0,2,625.0
Super built-up  Area,Horamavu Agara,994.0,2.0,2.0,42.28,2,497.0
Super built-up  Area,Thanisandra,1220.0,2.0,2.0,46.0,2,610.0
Super built-up  Area,other,1441.0,2.0,2.0,115.0,2,720.5
Super built-up  Area,Thigalarapalya,1400.0,2.0,2.0,105.0,2,700.0
Super built-up  Area,other,675.0,2.0,2.0,13.5,2,337.5
Super built-up  Area,Kanakpura Road,1430.0,2.0,2.0,78.0,2,715.0
Super built-up  Area,Hennur Road,1570.0,3.0,3.0,75.99,3,523.3333333333334
Built-up  Area,Sonnenahalli,1011.0,2.0,2.0,59.0,2,505.5
Super built-up  Area,7th Phase JP Nagar,1450.0,2.0,2.0,102.0,3,483.3333333333333
Super built-up  Area,Sarjapur  Road,1129.0,2.0,2.0,69.0,2,564.5
Super built-up  Area,other,1126.0,2.0,2.0,36.0,2,563.0
Plot  Area,Attibele,1200.0,3.0,3.0,110.0,3,400.0
Super built-up  Area,Sarjapur  Road,1180.0,2.0,2.0,45.0,3,393.3333333333333
Super built-up  Area,Hennur Road,1933.0,3.0,3.0,140.0,3,644.3333333333334
Super built-up  Area,other,610.0,1.0,1.0,28.0,1,610.0
Super built-up  Area,Old Airport Road,1798.0,3.0,3.0,150.0,3,599.3333333333334
Built-up  Area,other,1864.0,3.0,3.0,120.0,3,621.3333333333334
Super built-up  Area,Bellandur,1200.0,2.0,2.0,62.0,2,600.0
Built-up  Area,other,1735.0,3.0,3.0,70.0,3,578.3333333333334
Built-up  Area,BTM 2nd Stage,1750.0,3.0,3.0,172.0,3,583.3333333333334
Super built-up  Area,Jalahalli,1470.0,2.0,2.0,102.0,3,490.0
Built-up  Area,other,985.0,2.0,2.0,45.0,2,492.5
Super built-up  Area,Whitefield,1277.0,2.0,2.0,77.0,2,638.5
Super built-up  Area,other,1100.0,2.0,2.0,62.0,2,550.0
Super built-up  Area,Whitefield,1820.0,3.0,3.0,140.0,3,606.6666666666666
Super built-up  Area,Jakkur,1880.0,4.0,4.0,110.0,3,626.6666666666666
Super built-up  Area,Hennur,1255.0,2.0,2.0,52.35,2,627.5
Built-up  Area,Electronic City Phase II,1025.0,2.0,2.0,29.6,2,512.5
Super built-up  Area,Sarjapur  Road,1850.0,3.0,3.0,140.0,3,616.6666666666666
Super built-up  Area,Jalahalli,1244.0,2.0,2.0,88.0,2,622.0
Super built-up  Area,Kengeri Satellite Town,1025.0,2.0,2.0,28.57,2,512.5
Super built-up  Area,Sarjapur  Road,1034.0,2.0,2.0,38.0,2,517.0
Super built-up  Area,Kengeri Satellite Town,1191.0,2.0,2.0,33.34,3,397.0
Super built-up  Area,Kasavanhalli,1719.0,3.0,3.0,71.0,3,573.0
Super built-up  Area,Hosa Road,1470.0,2.0,2.0,84.22,3,490.0
Super built-up  Area,Harlur,1752.12,3.0,3.0,125.0,3,584.04
Super built-up  Area,Bannerghatta Road,1660.0,3.0,3.0,85.0,3,553.3333333333334
Super built-up  Area,Electronic City,1275.0,3.0,3.0,63.43,3,425.0
Super built-up  Area,other,1392.0,3.0,3.0,69.46,3,464.0
Super built-up  Area,Whitefield,1245.0,2.0,2.0,59.76,2,622.5
Super built-up  Area,Yeshwanthpur,1162.0,2.0,2.0,64.08,2,581.0
Super built-up  Area,other,1476.0,2.0,2.0,73.0,3,492.0
Built-up  Area,Jigani,943.0,2.0,2.0,48.0,2,471.5
Super built-up  Area,Sarjapur  Road,1113.0,2.0,2.0,44.5,2,556.5
Super built-up  Area,Varthur,1615.0,3.0,3.0,69.43,3,538.3333333333334
Super built-up  Area,other,1279.0,2.0,2.0,100.0,2,639.5
Built-up  Area,other,1350.0,3.0,3.0,65.0,3,450.0
Super built-up  Area,Rajaji Nagar,1357.0,2.0,2.0,123.0,2,678.5
Super built-up  Area,Ardendale,1777.26,3.0,3.0,92.0,3,592.42
Super built-up  Area,Bisuvanahalli,845.0,2.0,2.0,32.0,2,422.5
Super built-up  Area,Varthur,1210.0,2.0,2.0,64.15,2,605.0
Super built-up  Area,Sarjapur  Road,1879.0,3.0,3.0,155.0,3,626.3333333333334
Super built-up  Area,Hosur Road,1250.0,2.0,2.0,50.0,3,416.6666666666667
Super built-up  Area,Marathahalli,1108.0,2.0,2.0,60.0,3,369.3333333333333
Built-up  Area,other,1185.0,2.0,2.0,42.66,2,592.5
Super built-up  Area,Green Glen Layout,1751.0,3.0,3.0,115.0,3,583.6666666666666
Super built-up  Area,Bannerghatta Road,1880.0,3.0,3.0,96.5,3,626.6666666666666
Super built-up  Area,Whitefield,1322.5,3.0,3.0,40.985,3,440.8333333333333
Built-up  Area,Jalahalli,1407.0,2.0,2.0,98.49,2,703.5
Super built-up  Area,Electronic City,1518.0,3.0,3.0,75.0,3,506.0
Super built-up  Area,Tumkur Road,1027.0,2.0,2.0,67.0,2,513.5
Built-up  Area,HSR Layout,1145.0,2.0,2.0,46.0,2,572.5
Super built-up  Area,Rajaji Nagar,1260.0,2.0,2.0,113.0,2,630.0
Super built-up  Area,Begur Road,1500.0,2.0,2.0,47.25,3,500.0
Super built-up  Area,Varthur,1737.0,2.0,2.0,57.32,3,579.0
Built-up  Area,Hegde Nagar,1500.0,3.0,3.0,135.0,3,500.0
Super built-up  Area,Hennur Road,1030.0,2.0,2.0,46.5,2,515.0
Super built-up  Area,Kammasandra,1057.0,2.0,2.0,35.0,2,528.5
Super built-up  Area,Thanisandra,1460.0,2.0,2.0,38.5,2,730.0
Super built-up  Area,Hormavu,1075.0,2.0,2.0,53.7,2,537.5
Super built-up  Area,other,1139.7,2.0,2.0,45.0,2,569.85
Super built-up  Area,Whitefield,1074.0,2.0,2.0,42.8,2,537.0
Super built-up  Area,Sarjapur  Road,1323.0,2.0,2.0,74.0,2,661.5
Super built-up  Area,Kalena Agrahara,900.0,2.0,2.0,40.0,2,450.0
Super built-up  Area,other,740.0,1.0,1.0,23.65,1,740.0
Super built-up  Area,Bannerghatta Road,1550.0,3.0,3.0,96.0,3,516.6666666666666
Super built-up  Area,Gunjur,1588.0,2.0,2.0,90.0,3,529.3333333333334
Super built-up  Area,Hennur,1340.0,2.0,2.0,54.27,3,446.6666666666667
Super built-up  Area,Thanisandra,1719.0,3.0,3.0,135.0,3,573.0
Super built-up  Area,Jakkur,1660.0,3.0,3.0,104.0,3,553.3333333333334
Super built-up  Area,other,1247.0,2.0,2.0,58.56,2,623.5
Super built-up  Area,Thanisandra,1595.0,3.0,3.0,96.0,3,531.6666666666666
Super built-up  Area,Kaggadasapura,1175.0,2.0,2.0,50.0,2,587.5
Super built-up  Area,Old Airport Road,1184.0,2.0,2.0,78.0,2,592.0
Built-up  Area,Yelahanka,1200.0,2.0,2.0,60.0,2,600.0
Built-up  Area,Uttarahalli,1000.0,2.0,2.0,52.0,2,500.0
Super built-up  Area,Yelahanka,1705.0,3.0,3.0,85.0,3,568.3333333333334
Built-up  Area,Tumkur Road,1060.0,2.0,2.0,58.3,3,353.3333333333333
Super built-up  Area,other,1347.0,2.0,2.0,55.0,3,449.0
Super built-up  Area,Varthur,1402.0,2.0,2.0,95.0,2,701.0
Super built-up  Area,5th Phase JP Nagar,1080.0,2.0,2.0,53.0,2,540.0
Built-up  Area,Begur Road,1100.0,2.0,2.0,42.6,2,550.0
Super built-up  Area,Bannerghatta Road,1200.0,2.0,2.0,78.0,2,600.0
Super built-up  Area,Abbigere,985.0,2.0,2.0,38.92,2,492.5
Built-up  Area,Sarjapur,950.0,2.0,2.0,35.0,2,475.0
Super built-up  Area,other,1449.0,3.0,3.0,72.0,3,483.0
Super built-up  Area,Hoskote,1003.5,2.0,2.0,28.095,2,501.75
Built-up  Area,other,1300.0,2.0,2.0,95.0,2,650.0
Super built-up  Area,Kanakpura Road,1220.0,2.0,2.0,60.0,2,610.0
Super built-up  Area,Whitefield,1170.0,2.0,2.0,56.0,2,585.0
Built-up  Area,Thanisandra,1698.0,3.0,3.0,125.0,3,566.0
Super built-up  Area,Electronic City Phase II,2187.5,4.0,4.0,105.0,4,546.875
Super built-up  Area,Somasundara Palya,1185.0,2.0,2.0,75.0,2,592.5
Super built-up  Area,Padmanabhanagar,2051.0,3.0,3.0,180.0,3,683.6666666666666
Super built-up  Area,Electronic City Phase II,1252.0,2.0,2.0,67.0,2,626.0
Built-up  Area,Bhoganhalli,970.0,2.0,2.0,52.5,2,485.0
Super built-up  Area,Whitefield,1639.5,3.0,3.0,92.63,3,546.5
Super built-up  Area,Ramagondanahalli,1635.0,3.0,3.0,57.0,3,545.0
Super built-up  Area,Jalahalli,1200.0,2.0,2.0,66.0,1,1200.0
Super built-up  Area,Yeshwanthpur,1166.0,2.0,2.0,64.08,2,583.0
Super built-up  Area,other,1690.0,3.0,3.0,50.0,3,563.3333333333334
Built-up  Area,Sector 2 HSR Layout,1095.0,2.0,2.0,85.41,2,547.5
Super built-up  Area,Kengeri,416.0,1.0,1.0,17.19,1,416.0
Built-up  Area,Yelahanka,1350.0,2.0,2.0,85.0,3,450.0
Super built-up  Area,Thanisandra,1226.0,2.0,2.0,65.0,2,613.0
Super built-up  Area,Hegde Nagar,1168.0,2.0,2.0,68.0,3,389.3333333333333
Super built-up  Area,other,1776.0,3.0,3.0,124.0,3,592.0
Built-up  Area,Whitefield,1634.0,3.0,3.0,68.0,3,544.6666666666666
Super built-up  Area,Whitefield,1190.0,2.0,2.0,70.0,2,595.0
Super built-up  Area,JP Nagar,1133.0,2.0,2.0,33.99,2,566.5
Super built-up  Area,other,1559.0,3.0,3.0,62.0,3,519.6666666666666
Super built-up  Area,Kodichikkanahalli,976.0,2.0,2.0,50.0,2,488.0
Built-up  Area,Yelahanka,1633.0,3.0,3.0,110.0,3,544.3333333333334
Super built-up  Area,Ramagondanahalli,1151.0,2.0,2.0,46.0,2,575.5
Super built-up  Area,Kereguddadahalli,1400.0,2.0,2.0,42.0,3,466.6666666666667
Super built-up  Area,Uttarahalli,1037.0,2.0,2.0,36.0,2,518.5
Super built-up  Area,Thanisandra,1188.0,2.0,2.0,36.0,2,594.0
Super built-up  Area,other,1060.0,2.0,2.0,52.0,2,530.0
Super built-up  Area,Thigalarapalya,2215.0,4.0,4.0,162.0,3,738.3333333333334
Super built-up  Area,Kudlu Gate,1183.0,2.0,2.0,79.54,2,591.5
Super built-up  Area,HSR Layout,1100.0,2.0,2.0,44.0,2,550.0
Super built-up  Area,Jakkur,1291.0,2.0,2.0,75.0,2,645.5
Super built-up  Area,Electronic City,1060.0,2.0,2.0,55.0,2,530.0
Super built-up  Area,Mahadevpura,1236.0,2.0,2.0,58.0,2,618.0
Super built-up  Area,Thanisandra,1056.0,2.0,2.0,75.0,2,528.0
Super built-up  Area,Kudlu Gate,1850.0,3.0,3.0,110.0,3,616.6666666666666
Super built-up  Area,Jigani,918.0,2.0,2.0,56.0,2,459.0
Built-up  Area,Munnekollal,1540.0,2.0,2.0,70.0,3,513.3333333333334
Super built-up  Area,Lakshminarayana Pura,1200.0,2.0,2.0,80.0,2,600.0
Super built-up  Area,8th Phase JP Nagar,1510.0,2.0,2.0,80.0,2,755.0
Super built-up  Area,Yelahanka,827.5,1.0,1.0,42.535,1,827.5
Plot  Area,Sarjapur,2172.0,3.0,3.0,100.0,3,724.0
Super built-up  Area,Uttarahalli,1245.0,2.0,2.0,43.58,3,415.0
Built-up  Area,Sahakara Nagar,1200.0,2.0,2.0,46.0,2,600.0
Super built-up  Area,5th Phase JP Nagar,1041.0,2.0,2.0,54.0,2,520.5
Super built-up  Area,Sarjapur  Road,1505.0,2.0,2.0,60.0,3,501.6666666666667
Super built-up  Area,other,1776.0,3.0,3.0,150.0,3,592.0
Super built-up  Area,Bellandur,1767.0,3.0,3.0,89.0,3,589.0
Built-up  Area,other,1280.0,2.0,2.0,68.48,2,640.0
Super built-up  Area,Thanisandra,1245.0,2.0,2.0,83.05,2,622.5
Super built-up  Area,Kannamangala,1814.0,3.0,3.0,129.0,3,604.6666666666666
Super built-up  Area,Ramagondanahalli,1610.0,2.0,2.0,112.0,3,536.6666666666666
Super built-up  Area,Kasavanhalli,1600.0,3.0,3.0,79.0,3,533.3333333333334
Super built-up  Area,other,1475.0,3.0,3.0,75.0,3,491.6666666666667
Super built-up  Area,Electronic City,1353.0,2.0,2.0,75.0,2,676.5
Built-up  Area,Sahakara Nagar,1270.0,2.0,2.0,96.0,2,635.0
Super built-up  Area,other,1330.0,3.0,3.0,65.0,3,443.3333333333333
Super built-up  Area,BTM 2nd Stage,1400.0,2.0,2.0,90.0,2,700.0
Super built-up  Area,Kanakpura Road,1700.0,3.0,3.0,75.0,3,566.6666666666666
Built-up  Area,Kasavanhalli,1585.0,2.0,2.0,90.0,2,792.5
Super built-up  Area,Electronic City,1128.0,2.0,2.0,67.0,2,564.0
Super built-up  Area,HSR Layout,1203.0,2.0,2.0,60.0,2,601.5
Super built-up  Area,other,905.0,2.0,2.0,35.0,2,452.5
Super built-up  Area,Hennur Road,1450.0,3.0,3.0,79.0,3,483.3333333333333
Super built-up  Area,Varthur,1105.0,2.0,2.0,38.0,2,552.5
Super built-up  Area,Jalahalli,1530.0,2.0,2.0,89.0,3,510.0
Super built-up  Area,Whitefield,1105.0,2.0,2.0,35.4,2,552.5
Super built-up  Area,Dasarahalli,1333.0,2.0,2.0,78.56,2,666.5
Super built-up  Area,Old Madras Road,1530.0,3.0,3.0,76.34,3,510.0
Super built-up  Area,Whitefield,1270.0,2.0,2.0,94.0,2,635.0
Super built-up  Area,Bellandur,1830.0,3.0,3.0,89.0,3,610.0
Super built-up  Area,Bannerghatta Road,1450.0,2.0,2.0,78.0,3,483.3333333333333
Super built-up  Area,Bommanahalli,1355.0,2.0,2.0,73.17,2,677.5
Built-up  Area,Electronic City,1070.0,2.0,2.0,57.0,2,535.0
Super built-up  Area,CV Raman Nagar,1980.0,4.0,4.0,180.0,3,660.0
Super built-up  Area,Bommasandra,842.0,2.0,2.0,30.0,2,421.0
Super built-up  Area,Bannerghatta Road,700.0,1.0,1.0,31.2,1,700.0
Built-up  Area,other,1100.0,2.0,2.0,75.0,2,550.0
Super built-up  Area,Thanisandra,1185.0,2.0,2.0,43.5,2,592.5
Super built-up  Area,Whitefield,1220.0,2.0,2.0,89.0,2,610.0
Super built-up  Area,6th Phase JP Nagar,1192.0,2.0,2.0,75.0,2,596.0
Super built-up  Area,Marathahalli,1449.0,3.0,3.0,110.0,3,483.0
Built-up  Area,Electronic City,1700.0,3.0,3.0,90.0,3,566.6666666666666
Super built-up  Area,Hebbal,1920.0,3.0,3.0,150.0,3,640.0
Super built-up  Area,Hoodi,1447.0,3.0,3.0,76.0,2,723.5
Super built-up  Area,Kanakpura Road,1329.0,2.0,2.0,107.0,2,664.5
Built-up  Area,Sarjapur  Road,1314.0,2.0,2.0,70.44,3,438.0
Super built-up  Area,Vittasandra,1246.0,2.0,2.0,67.5,2,623.0
Super built-up  Area,Dasarahalli,1220.0,2.0,2.0,62.0,2,610.0
Super built-up  Area,Kasavanhalli,1245.0,2.0,2.0,80.0,2,622.5
Super built-up  Area,other,1495.0,2.0,2.0,63.0,3,498.3333333333333
Built-up  Area,Gollarapalya Hosahalli,996.0,2.0,2.0,36.5,2,498.0
Built-up  Area,other,1250.0,2.0,2.0,75.0,2,625.0
Super built-up  Area,Thanisandra,1261.0,2.0,2.0,80.0,3,420.3333333333333
Built-up  Area,Electronics City Phase 1,1080.0,2.0,2.0,46.0,2,540.0
Super built-up  Area,other,1230.0,2.0,2.0,50.0,2,615.0
Super built-up  Area,HSR Layout,1590.0,2.0,2.0,135.0,3,530.0
Super built-up  Area,Horamavu Agara,1220.0,2.0,2.0,39.0,2,610.0
Super built-up  Area,Electronic City Phase II,1320.0,2.0,2.0,38.12,3,440.0
Super built-up  Area,Green Glen Layout,1750.0,3.0,3.0,105.0,3,583.3333333333334
Super built-up  Area,Whitefield,1436.0,2.0,2.0,62.15,3,478.6666666666667
Super built-up  Area,Malleshwaram,1500.0,2.0,2.0,140.0,2,750.0
Super built-up  Area,Varthur,1560.0,3.0,3.0,90.0,3,520.0
Super built-up  Area,other,1275.0,2.0,2.0,59.0,2,637.5
Super built-up  Area,Karuna Nagar,1960.0,3.0,3.0,165.0,3,653.3333333333334
Super built-up  Area,Yelahanka,1195.0,2.0,2.0,53.105,2,597.5
Super built-up  Area,Sarjapur  Road,2100.0,3.0,3.0,130.0,3,700.0
Super built-up  Area,Kudlu,1027.0,2.0,2.0,44.0,2,513.5
Super built-up  Area,Bommasandra,1365.0,3.0,3.0,52.82,3,455.0
Super built-up  Area,Yelahanka New Town,650.0,1.0,1.0,18.0,1,650.0
Built-up  Area,7th Phase JP Nagar,1075.0,2.0,2.0,57.0,3,358.3333333333333
Super built-up  Area,Banashankari,1100.0,2.0,2.0,63.0,2,550.0
Super built-up  Area,Kammasandra,1500.0,3.0,3.0,65.0,3,500.0
Super built-up  Area,Bisuvanahalli,1075.0,2.0,2.0,32.0,3,358.3333333333333
Super built-up  Area,Hosur Road,1685.0,3.0,3.0,90.0,3,561.6666666666666
Super built-up  Area,other,1180.0,2.0,2.0,65.0,2,590.0
Built-up  Area,other,1200.0,2.0,2.0,60.0,2,600.0
Built-up  Area,other,1000.0,2.0,2.0,45.0,2,500.0
Super built-up  Area,Varthur,1760.0,2.0,2.0,85.0,2,880.0
Built-up  Area,other,1190.0,2.0,2.0,42.0,2,595.0
Super built-up  Area,Gunjur,1235.0,2.0,2.0,44.5,2,617.5
Super built-up  Area,other,1275.0,2.0,2.0,55.0,2,637.5
Super built-up  Area,Harlur,1197.0,2.0,2.0,76.0,2,598.5
Super built-up  Area,Begur Road,644.0,1.0,1.0,32.0,1,644.0
Super built-up  Area,Neeladri Nagar,1105.0,2.0,2.0,30.0,2,552.5
Super built-up  Area,Hormavu,1206.0,2.0,2.0,55.0,2,603.0
Super built-up  Area,Choodasandra,1560.0,3.0,3.0,78.0,3,520.0
Super built-up  Area,7th Phase JP Nagar,750.0,1.0,1.0,47.0,1,750.0
Built-up  Area,Billekahalli,1035.0,2.0,2.0,90.0,2,517.5
Super built-up  Area,Sarjapur  Road,702.0,1.0,1.0,35.8,1,702.0
Built-up  Area,other,560.0,2.0,2.0,22.0,2,280.0
Super built-up  Area,Yelahanka New Town,1426.0,2.0,2.0,61.5,3,475.3333333333333
Super built-up  Area,Green Glen Layout,1885.0,3.0,3.0,135.0,3,628.3333333333334
Super built-up  Area,Old Madras Road,935.0,2.0,2.0,37.77,2,467.5
Super built-up  Area,Old Madras Road,1171.0,2.0,2.0,73.0,2,585.5
Super built-up  Area,Budigere,1820.0,3.0,3.0,95.0,3,606.6666666666666
Super built-up  Area,Raja Rajeshwari Nagar,1580.0,2.0,2.0,66.85,3,526.6666666666666
Super built-up  Area,Whitefield,1452.0,2.0,2.0,46.29,3,484.0
Super built-up  Area,Hennur Road,1445.0,2.0,2.0,89.56,3,481.6666666666667
Super built-up  Area,other,1170.0,2.0,2.0,39.0,2,585.0
Super built-up  Area,other,1532.0,3.0,3.0,59.75,3,510.6666666666667
Super built-up  Area,Jakkur,1473.0,2.0,2.0,85.0,2,736.5
Super built-up  Area,other,1350.0,3.0,3.0,80.99,3,450.0
Super built-up  Area,CV Raman Nagar,1980.0,4.0,4.0,166.0,3,660.0
Super built-up  Area,Hoodi,1660.0,3.0,3.0,128.0,3,553.3333333333334
Super built-up  Area,other,1080.0,2.0,2.0,48.0,2,540.0
Super built-up  Area,Electronic City,1521.0,2.0,2.0,57.5,3,507.0
Built-up  Area,other,1053.0,2.0,2.0,51.0,2,526.5
Super built-up  Area,Uttarahalli,1000.0,2.0,2.0,39.5,2,500.0
Super built-up  Area,Bannerghatta Road,1630.0,3.0,3.0,68.0,3,543.3333333333334
Super built-up  Area,Kammasandra,985.0,2.0,2.0,40.5,2,492.5
Super built-up  Area,BTM 2nd Stage,1200.0,2.0,2.0,70.0,2,600.0
Super built-up  Area,other,1670.0,3.0,3.0,59.0,3,556.6666666666666
Plot  Area,Sarjapur  Road,1240.0,4.0,4.0,110.0,4,310.0
Built-up  Area,other,1000.0,2.0,2.0,60.0,2,500.0
Super built-up  Area,Nagarbhavi,1635.0,3.0,3.0,85.0,3,545.0
Super built-up  Area,Harlur,2137.0,3.0,3.0,110.0,3,712.3333333333334
Super built-up  Area,Hennur Road,973.0,2.0,2.0,50.74,2,486.5
Super built-up  Area,Kambipura,883.0,2.0,2.0,49.0,2,441.5
Built-up  Area,other,1470.0,2.0,2.0,60.0,3,490.0
Super built-up  Area,Electronics City Phase 1,891.0,2.0,2.0,24.95,2,445.5
Super built-up  Area,Kothanur,1787.0,3.0,3.0,120.0,3,595.6666666666666
Super built-up  Area,Sarjapur  Road,1320.0,2.0,2.0,110.0,2,660.0
Super built-up  Area,Yeshwanthpur,1692.0,3.0,3.0,108.0,3,564.0
Super built-up  Area,Bannerghatta Road,1400.0,3.0,3.0,69.0,3,466.6666666666667
Super built-up  Area,Whitefield,1370.0,2.0,2.0,56.0,2,685.0
Super built-up  Area,other,1602.0,3.0,3.0,56.0,3,534.0
Super built-up  Area,other,675.0,1.0,1.0,35.0,1,675.0
Super built-up  Area,Whitefield,1050.0,2.0,2.0,43.0,2,525.0
Built-up  Area,other,1035.0,2.0,2.0,42.5,2,517.5
Super built-up  Area,Sarjapur  Road,1200.0,2.0,2.0,44.0,3,400.0
Super built-up  Area,Sarjapur  Road,1800.0,3.0,3.0,128.0,3,600.0
Built-up  Area,Green Glen Layout,1625.0,3.0,3.0,70.0,3,541.6666666666666
Super built-up  Area,Electronics City Phase 1,1032.0,2.0,2.0,31.99,2,516.0
Super built-up  Area,Whitefield,1496.0,2.0,2.0,71.81,3,498.6666666666667
Built-up  Area,Electronic City Phase II,1125.0,2.0,2.0,32.63,2,562.5
Super built-up  Area,other,1555.0,3.0,3.0,73.0,3,518.3333333333334
Super built-up  Area,other,1025.0,2.0,2.0,42.0,2,512.5
Super built-up  Area,other,900.0,2.0,2.0,44.5,2,450.0
Super built-up  Area,Yelahanka,1355.0,2.0,2.0,75.0,3,451.6666666666667
Super built-up  Area,other,1563.0,3.0,3.0,63.0,3,521.0
Super built-up  Area,Marathahalli,1360.0,2.0,2.0,101.0,2,680.0
Built-up  Area,Rachenahalli,1756.0,3.0,3.0,110.0,3,585.3333333333334
Super built-up  Area,8th Phase JP Nagar,1296.0,2.0,2.0,51.83,3,432.0
Super built-up  Area,Anandapura,1141.0,2.0,2.0,50.0,2,570.5
Built-up  Area,Electronic City,1210.0,2.0,2.0,55.0,2,605.0
Super built-up  Area,Hormavu,1310.0,2.0,2.0,67.0,2,655.0
Super built-up  Area,Magadi Road,1187.0,2.0,2.0,55.195,3,395.6666666666667
Super built-up  Area,Gubbalala,1745.0,3.0,3.0,140.0,3,581.6666666666666
Super built-up  Area,Electronic City Phase II,1140.0,2.0,2.0,34.0,2,570.0
Super built-up  Area,Varthur,1210.0,2.0,2.0,54.0,2,605.0
Super built-up  Area,Sarjapur,633.0,1.0,1.0,17.09,1,633.0
Built-up  Area,other,485.0,1.0,1.0,19.5,1,485.0
Super built-up  Area,other,1419.0,3.0,3.0,85.0,3,473.0
Super built-up  Area,Thanisandra,1884.0,4.0,4.0,117.0,3,628.0
Super built-up  Area,Bannerghatta Road,905.0,2.0,2.0,58.0,2,452.5
Super built-up  Area,JP Nagar,1500.0,2.0,2.0,108.0,3,500.0
Super built-up  Area,Hennur Road,1305.0,2.0,2.0,77.0,3,435.0
Super built-up  Area,Billekahalli,1125.0,2.0,2.0,65.0,2,562.5
Super built-up  Area,other,865.0,2.0,2.0,33.0,2,432.5
Super built-up  Area,Jigani,1245.0,3.0,3.0,66.0,3,415.0
Super built-up  Area,other,1145.0,2.0,2.0,60.0,3,381.6666666666667
Built-up  Area,AECS Layout,2000.0,3.0,3.0,90.0,3,666.6666666666666
Super built-up  Area,Hosa Road,625.0,1.0,1.0,43.68,1,625.0
Super built-up  Area,Kundalahalli,1724.0,3.0,3.0,128.0,3,574.6666666666666
Super built-up  Area,Sarjapur  Road,1270.0,2.0,2.0,54.0,3,423.3333333333333
Super built-up  Area,Jakkur,1485.0,3.0,3.0,72.0,3,495.0
Super built-up  Area,Yelahanka,1756.0,3.0,3.0,125.0,3,585.3333333333334
Built-up  Area,other,1025.0,2.0,2.0,48.0,2,512.5
Super built-up  Area,Begur,1411.0,2.0,2.0,60.0,3,470.3333333333333
Super built-up  Area,Kanakpura Road,1320.0,2.0,2.0,39.6,3,440.0
Built-up  Area,other,1320.0,2.0,2.0,50.0,2,660.0
Super built-up  Area,Kalena Agrahara,1804.0,3.0,3.0,155.0,3,601.3333333333334
Super built-up  Area,Thanisandra,965.0,2.0,2.0,54.0,2,482.5
Super built-up  Area,Lingadheeranahalli,1684.0,3.0,3.0,120.0,3,561.3333333333334
Super built-up  Area,Hennur Road,1672.0,3.0,3.0,86.0,3,557.3333333333334
Super built-up  Area,Panathur,1075.0,2.0,2.0,60.0,2,537.5
Super built-up  Area,Hebbal,1420.0,2.0,2.0,99.26,2,710.0
Super built-up  Area,Yeshwanthpur,1169.0,2.0,2.0,64.08,2,584.5
Super built-up  Area,Devanahalli,1290.0,2.0,2.0,62.0,3,430.0
Super built-up  Area,Mysore Road,1500.0,3.0,3.0,70.0,3,500.0
Super built-up  Area,Electronic City Phase II,1310.0,2.0,2.0,37.84,3,436.6666666666667
Super built-up  Area,other,2150.0,3.0,3.0,170.0,3,716.6666666666666
Super built-up  Area,Sarjapur  Road,1025.0,2.0,2.0,45.5,2,512.5
Built-up  Area,Electronic City,1070.0,2.0,2.0,60.0,2,535.0
Super built-up  Area,Begur,815.0,2.0,2.0,40.0,2,407.5
Built-up  Area,Kanakpura Road,2000.0,3.0,3.0,105.0,3,666.6666666666666
Super built-up  Area,KR Puram,1205.0,2.0,2.0,45.79,2,602.5
Super built-up  Area,other,1368.0,2.0,2.0,87.0,2,684.0
Super built-up  Area,Yelahanka,1408.0,2.0,2.0,58.0,2,704.0
Built-up  Area,other,1507.0,3.0,3.0,80.0,3,502.3333333333333
Built-up  Area,other,960.0,2.0,2.0,50.0,2,480.0
Super built-up  Area,other,1021.0,2.0,2.0,46.0,2,510.5
Super built-up  Area,Hegde Nagar,2162.03,4.0,4.0,129.0,3,720.6766666666667
Super built-up  Area,Channasandra,1065.0,2.0,2.0,36.0,2,532.5
Super built-up  Area,Bannerghatta Road,1465.0,2.0,2.0,75.0,3,488.3333333333333
Super built-up  Area,Marathahalli,1800.0,3.0,3.0,95.0,3,600.0
Super built-up  Area,other,1175.0,2.0,2.0,83.0,2,587.5
Super built-up  Area,other,1050.0,2.0,2.0,59.0,2,525.0
Super built-up  Area,Indira Nagar,1650.0,3.0,3.0,150.0,3,550.0
Super built-up  Area,KR Puram,1827.0,3.0,3.0,97.0,3,609.0
Super built-up  Area,Thanisandra,1930.0,4.0,4.0,122.0,3,643.3333333333334
Super built-up  Area,Mysore Road,883.0,2.0,2.0,37.0,2,441.5
Super built-up  Area,Kanakapura,1290.0,2.0,2.0,38.69,3,430.0
Super built-up  Area,Munnekollal,1200.0,2.0,2.0,57.9,3,400.0
Built-up  Area,JP Nagar,1520.0,3.0,3.0,125.0,3,506.6666666666667
Super built-up  Area,Thanisandra,777.0,1.0,1.0,38.46,1,777.0
Super built-up  Area,Kenchenahalli,1150.0,2.0,2.0,57.0,2,575.0
Super built-up  Area,other,1200.0,2.0,2.0,110.0,3,400.0
Super built-up  Area,Hebbal,1252.0,2.0,2.0,92.0,2,626.0
Super built-up  Area,Marathahalli,1650.0,3.0,3.0,85.0,3,550.0
Built-up  Area,Marathahalli,1270.0,2.0,2.0,80.0,2,635.0
Super built-up  Area,Tumkur Road,992.0,2.0,2.0,70.0,2,496.0
Built-up  Area,Bisuvanahalli,1075.0,2.0,2.0,41.49,3,358.3333333333333
Super built-up  Area,Electronic City,1190.0,2.0,2.0,42.0,2,595.0
Super built-up  Area,Sarjapur  Road,1814.0,3.0,3.0,63.0,3,604.6666666666666
Built-up  Area,other,1400.0,3.0,3.0,98.0,3,466.6666666666667
Super built-up  Area,other,1344.0,2.0,2.0,56.0,3,448.0
Super built-up  Area,Kanakpura Road,1843.0,3.0,3.0,95.0,3,614.3333333333334
Super built-up  Area,other,1138.0,2.0,2.0,32.0,2,569.0
Built-up  Area,other,1495.0,2.0,2.0,70.0,3,498.3333333333333
Super built-up  Area,Electronic City,880.0,2.0,2.0,19.0,2,440.0
Super built-up  Area,Whitefield,1396.0,3.0,3.0,74.0,3,465.3333333333333
Built-up  Area,other,1610.0,2.0,2.0,119.0,3,536.6666666666666
Built-up  Area,other,1410.0,2.0,2.0,43.71,3,470.0
Super built-up  Area,Yelahanka,1104.0,2.0,2.0,58.0,2,552.0
Super built-up  Area,Hennur Road,1165.0,2.0,2.0,67.0,2,582.5
Super built-up  Area,Hormavu,1310.0,2.0,2.0,60.0,2,655.0
Super built-up  Area,Electronic City,1150.0,2.0,2.0,38.08,2,575.0
Super built-up  Area,Thanisandra,2019.0,3.0,3.0,70.67,3,673.0
Super built-up  Area,Varthur,986.0,2.0,2.0,31.0,2,493.0
Super built-up  Area,Gollarapalya Hosahalli,1318.0,3.0,3.0,56.0,3,439.3333333333333
Built-up  Area,Yelahanka,1325.0,2.0,2.0,58.0,3,441.6666666666667
Built-up  Area,Kereguddadahalli,800.0,2.0,2.0,33.0,2,400.0
Plot  Area,other,1520.0,3.0,3.0,165.0,3,506.6666666666667
Super built-up  Area,Bellandur,1665.0,3.0,3.0,85.0,3,555.0
Super built-up  Area,Subramanyapura,1800.0,3.0,3.0,80.0,3,600.0
Super built-up  Area,Harlur,1197.0,2.0,2.0,75.0,2,598.5
Super built-up  Area,Thanisandra,1241.0,2.0,2.0,68.0,3,413.6666666666667
Super built-up  Area,other,1567.0,2.0,2.0,62.0,3,522.3333333333334
Super built-up  Area,Kasavanhalli,1747.0,3.0,3.0,110.0,3,582.3333333333334
Super built-up  Area,Ramagondanahalli,1475.0,2.0,2.0,55.0,3,491.6666666666667
Super built-up  Area,Hennur Road,980.0,2.0,2.0,51.0,2,490.0
Super built-up  Area,Dasanapura,966.0,2.0,2.0,58.0,2,483.0
Super built-up  Area,Sarjapur  Road,1112.0,2.0,2.0,62.0,2,556.0
Super built-up  Area,Electronic City,550.0,1.0,1.0,16.0,2,275.0
Built-up  Area,other,1760.0,3.0,3.0,90.0,3,586.6666666666666
Super built-up  Area,Hennur,1830.0,2.0,2.0,113.0,3,610.0
Super built-up  Area,Yelahanka,1175.0,2.0,2.0,67.77,2,587.5
Super built-up  Area,Whitefield,1175.0,2.0,2.0,41.0,2,587.5
Super built-up  Area,Hennur Road,1232.0,2.0,2.0,80.0,2,616.0
Built-up  Area,5th Phase JP Nagar,1010.0,2.0,2.0,57.0,2,505.0
Super built-up  Area,Sarjapur  Road,1273.0,2.0,2.0,60.0,2,636.5
Super built-up  Area,Battarahalli,1590.0,2.0,2.0,102.0,2,795.0
Super built-up  Area,other,1100.0,2.0,2.0,58.5,2,550.0
Super built-up  Area,Electronic City Phase II,1252.0,2.0,2.0,65.0,3,417.3333333333333
Super built-up  Area,Harlur,1755.0,3.0,3.0,117.0,3,585.0
Super built-up  Area,Electronic City Phase II,1135.0,2.0,2.0,46.0,2,567.5
Super built-up  Area,Kanakpura Road,1100.0,2.0,2.0,53.0,3,366.6666666666667
Built-up  Area,other,1236.0,2.0,2.0,50.0,2,618.0
Built-up  Area,KR Puram,1075.0,2.0,2.0,32.25,2,537.5
Super built-up  Area,Kadugodi,1150.0,2.0,2.0,42.0,2,575.0
Super built-up  Area,Hennur Road,1085.0,2.0,2.0,43.4,2,542.5
Built-up  Area,Hebbal Kempapura,1785.0,3.0,3.0,165.0,3,595.0
Super built-up  Area,Thanisandra,1930.0,4.0,4.0,120.0,3,643.3333333333334
Super built-up  Area,Bannerghatta Road,1920.0,3.0,3.0,122.0,3,640.0
Super built-up  Area,Thanisandra,760.0,1.0,1.0,50.4,1,760.0
Built-up  Area,Sahakara Nagar,1201.0,2.0,2.0,80.0,2,600.5
Super built-up  Area,Electronic City,1615.0,3.0,3.0,97.0,3,538.3333333333334
Super built-up  Area,HSR Layout,1289.0,2.0,2.0,70.0,2,644.5
Super built-up  Area,Kasavanhalli,1377.0,2.0,2.0,80.0,2,688.5
Super built-up  Area,Thanisandra,663.0,1.0,1.0,32.82,1,663.0
Super built-up  Area,Thanisandra,1260.0,2.0,2.0,45.5,2,630.0
Built-up  Area,other,1095.0,2.0,2.0,39.0,2,547.5
Super built-up  Area,Seegehalli,1176.0,2.0,2.0,50.0,2,588.0
Super built-up  Area,Uttarahalli,1308.0,2.0,2.0,53.0,3,436.0
Super built-up  Area,Hoodi,2144.0,3.0,3.0,140.0,3,714.6666666666666
Built-up  Area,Hoskote,1065.0,2.0,2.0,33.75,2,532.5
Super built-up  Area,Balagere,1205.0,2.0,2.0,67.0,2,602.5
Super built-up  Area,Uttarahalli,1160.0,2.0,2.0,40.58,2,580.0
Built-up  Area,Kanakpura Road,1843.0,3.0,3.0,90.0,3,614.3333333333334
Super built-up  Area,Thubarahalli,1885.0,3.0,3.0,85.52,3,628.3333333333334
Super built-up  Area,other,1126.0,2.0,2.0,39.4,2,563.0
Super built-up  Area,other,1357.0,2.0,2.0,59.0,3,452.3333333333333
Super built-up  Area,Whitefield,1451.0,2.0,2.0,46.4,3,483.6666666666667
Super built-up  Area,Hennur Road,950.0,2.0,2.0,55.0,2,475.0
Built-up  Area,Bellandur,960.0,2.0,2.0,48.0,2,480.0
Plot  Area,Kaggalipura,2200.0,4.0,4.0,150.0,3,733.3333333333334
Super built-up  Area,Kanakpura Road,900.0,2.0,2.0,46.29,2,450.0
Built-up  Area,other,1080.0,2.0,2.0,38.0,2,540.0
Super built-up  Area,Hosa Road,1708.0,3.0,3.0,64.05,4,427.0
Super built-up  Area,Bellandur,1690.0,2.0,2.0,116.0,3,563.3333333333334
Built-up  Area,Electronic City Phase II,1165.0,2.0,2.0,33.64,2,582.5
Super built-up  Area,Old Madras Road,1630.0,3.0,3.0,110.0,3,543.3333333333334
Super built-up  Area,Whitefield,1063.0,2.0,2.0,42.52,2,531.5
Super built-up  Area,other,1025.0,2.0,2.0,39.98,2,512.5
Super built-up  Area,Kanakpura Road,1299.0,2.0,2.0,89.63,2,649.5
Super built-up  Area,Panathur,1343.0,2.0,2.0,76.0,2,671.5
Super built-up  Area,other,1524.0,2.0,2.0,72.0,3,508.0
Super built-up  Area,Lingadheeranahalli,2236.0,4.0,4.0,153.0,4,559.0
Super built-up  Area,Balagere,1205.0,2.0,2.0,79.0,2,602.5
Super built-up  Area,Sarjapur  Road,1157.0,2.0,2.0,69.0,3,385.6666666666667
Super built-up  Area,Kanakapura,825.0,1.0,1.0,35.475,1,825.0
Built-up  Area,Yelahanka,602.0,1.0,1.0,33.0,1,602.0
Super built-up  Area,Hoodi,1108.0,2.0,2.0,66.46,2,554.0
Super built-up  Area,Kanakpura Road,850.0,1.0,1.0,37.32,1,850.0
Super built-up  Area,Kudlu,720.0,1.0,1.0,33.0,1,720.0
Super built-up  Area,Thanisandra,1573.0,3.0,3.0,115.0,3,524.3333333333334
Super built-up  Area,Sarjapur  Road,1026.0,2.0,2.0,60.8,2,513.0
Built-up  Area,Electronic City Phase II,1400.0,2.0,2.0,40.44,3,466.6666666666667
Super built-up  Area,Sarjapur  Road,1150.0,2.0,2.0,48.5,2,575.0
Super built-up  Area,Ramagondanahalli,1125.0,2.0,2.0,75.0,2,562.5
Super built-up  Area,Hennur,1830.5,3.0,3.0,84.205,3,610.1666666666666
Super built-up  Area,Marathahalli,1100.0,2.0,2.0,50.0,2,550.0
Built-up  Area,other,1105.0,2.0,2.0,57.0,2,552.5
Super built-up  Area,Thanisandra,1110.0,2.0,2.0,46.5,2,555.0
Super built-up  Area,Dasanapura,708.0,1.0,1.0,41.0,1,708.0
Super built-up  Area,Sarjapur  Road,1205.0,2.0,2.0,37.0,2,602.5
Super built-up  Area,5th Phase JP Nagar,1450.0,2.0,2.0,73.0,3,483.3333333333333
Built-up  Area,Dasarahalli,1200.0,2.0,2.0,42.0,2,600.0
Super built-up  Area,Kalena Agrahara,1837.0,2.0,2.0,95.0,3,612.3333333333334
Super built-up  Area,Whitefield,1346.0,2.0,2.0,76.01,2,673.0
Built-up  Area,Balagere,1012.0,2.0,2.0,68.0,2,506.0
Super built-up  Area,Kaggadasapura,1500.0,2.0,2.0,60.0,3,500.0
Super built-up  Area,Harlur,1197.0,2.0,2.0,79.9,2,598.5
Super built-up  Area,other,1563.0,2.0,2.0,52.0,3,521.0
Plot  Area,Sarjapur  Road,1600.0,3.0,3.0,120.0,3,533.3333333333334
Super built-up  Area,Green Glen Layout,1715.0,3.0,3.0,120.0,3,571.6666666666666
Super built-up  Area,Ramagondanahalli,1151.0,2.0,2.0,42.5,2,575.5
Super built-up  Area,Yelahanka,1315.0,2.0,2.0,77.0,2,657.5
Super built-up  Area,Varthur,1600.0,3.0,3.0,63.2,3,533.3333333333334
Super built-up  Area,Kodichikkanahalli,1299.0,2.0,2.0,58.0,2,649.5
Super built-up  Area,Haralur Road,953.0,2.0,2.0,90.0,2,476.5
Super built-up  Area,Gunjur,1457.0,2.0,2.0,60.0,2,728.5
Super built-up  Area,Yelahanka,1075.0,2.0,2.0,33.53,3,358.3333333333333
Super built-up  Area,Kanakpura Road,1450.0,3.0,3.0,51.0,3,483.3333333333333
Super built-up  Area,Bellandur,950.0,1.0,1.0,40.0,1,950.0
Super built-up  Area,other,1013.0,2.0,2.0,60.0,2,506.5
Super built-up  Area,Yelahanka,1430.0,3.0,3.0,61.0,3,476.6666666666667
Carpet  Area,other,1600.0,3.0,3.0,77.0,3,533.3333333333334
Super built-up  Area,other,1190.0,2.0,2.0,48.0,2,595.0
Super built-up  Area,other,1625.0,3.0,3.0,95.0,3,541.6666666666666
Super built-up  Area,Lakshminarayana Pura,1615.0,3.0,3.0,150.0,3,538.3333333333334
Super built-up  Area,Kalena Agrahara,1180.0,2.0,2.0,85.0,2,590.0
Built-up  Area,Bellandur,850.0,2.0,2.0,45.0,2,425.0
Built-up  Area,other,1300.0,2.0,2.0,90.0,2,650.0
Super built-up  Area,Hennur Road,1891.0,3.0,3.0,110.0,3,630.3333333333334
Super built-up  Area,Hennur Road,1735.0,3.0,3.0,78.0,3,578.3333333333334
Super built-up  Area,Bisuvanahalli,1075.0,2.0,2.0,33.0,3,358.3333333333333
Built-up  Area,Devanahalli,1010.0,2.0,2.0,58.0,2,505.0
Super built-up  Area,Electronic City,1221.0,2.0,2.0,68.0,2,610.5
Super built-up  Area,Hoodi,1108.0,2.0,2.0,87.48,2,554.0
Super built-up  Area,Sarjapur  Road,1370.0,2.0,2.0,70.0,2,685.0
Super built-up  Area,Bhoganhalli,1277.0,2.0,2.0,79.89,2,638.5
Super built-up  Area,Electronics City Phase 1,1321.0,2.0,2.0,40.0,3,440.3333333333333
Super built-up  Area,Kanakpura Road,1570.0,3.0,3.0,68.0,3,523.3333333333334
Super built-up  Area,other,1053.0,2.0,2.0,44.0,2,526.5
Super built-up  Area,other,1325.0,2.0,2.0,56.0,3,441.6666666666667
Super built-up  Area,other,1274.0,2.0,2.0,90.0,2,637.0
Super built-up  Area,Whitefield,1317.0,2.0,2.0,52.0,2,658.5
Built-up  Area,Lakshminarayana Pura,1195.0,2.0,2.0,75.0,2,597.5
Super built-up  Area,Kammasandra,940.0,2.0,2.0,35.0,2,470.0
Built-up  Area,Budigere,1820.0,3.0,3.0,95.5,3,606.6666666666666
Built-up  Area,Whitefield,1615.0,3.0,3.0,96.9,3,538.3333333333334
Super built-up  Area,Subramanyapura,985.0,2.0,2.0,62.5,2,492.5
Super built-up  Area,Kaggadasapura,1105.0,2.0,2.0,39.5,2,552.5
Super built-up  Area,Whitefield,1220.0,2.0,2.0,55.0,2,610.0
Built-up  Area,Hoodi,1400.0,3.0,3.0,74.0,3,466.6666666666667
Built-up  Area,Uttarahalli,1000.0,2.0,2.0,35.0,2,500.0
Super built-up  Area,Old Madras Road,1165.0,2.0,2.0,52.0,2,582.5
Super built-up  Area,Budigere,1153.0,2.0,2.0,56.0,2,576.5
Built-up  Area,Bannerghatta Road,1270.0,2.0,2.0,45.0,2,635.0
Built-up  Area,other,1427.0,2.0,2.0,85.0,3,475.6666666666667
Super built-up  Area,other,1420.0,2.0,2.0,95.0,3,473.3333333333333
Super built-up  Area,Bellandur,1454.0,2.0,2.0,90.0,2,727.0
Super built-up  Area,Whitefield,1116.0,2.0,2.0,48.76,2,558.0
Super built-up  Area,other,1062.0,2.0,2.0,50.0,2,531.0
Super built-up  Area,JP Nagar,1405.0,2.0,2.0,99.0,2,702.5
Plot  Area,Chikka Tirupathi,2153.0,4.0,4.0,120.0,3,717.6666666666666
Super built-up  Area,other,2135.0,3.0,3.0,170.0,3,711.6666666666666
Super built-up  Area,Doddathoguru,940.0,2.0,2.0,32.9,2,470.0
Super built-up  Area,Hosa Road,1063.0,2.0,2.0,32.79,2,531.5
Super built-up  Area,Brookefield,1382.0,2.0,2.0,84.5,2,691.0
Super built-up  Area,KR Puram,1400.0,2.0,2.0,60.0,3,466.6666666666667
Super built-up  Area,Sarjapur  Road,475.0,1.0,1.0,26.0,1,475.0
Super built-up  Area,other,1450.0,3.0,3.0,65.0,3,483.3333333333333
Super built-up  Area,Kudlu,1162.0,2.0,2.0,52.0,2,581.0
Super built-up  Area,Hosa Road,1161.0,2.0,2.0,48.75,2,580.5
Super built-up  Area,Green Glen Layout,1623.29,2.0,2.0,105.0,3,541.0966666666667
Super built-up  Area,Brookefield,1260.0,2.0,2.0,70.0,2,630.0
Super built-up  Area,other,1500.0,2.0,2.0,70.0,3,500.0
Super built-up  Area,Budigere,705.0,1.0,1.0,34.545,1,705.0
Plot  Area,Electronic City,1200.0,3.0,3.0,150.0,3,400.0
Super built-up  Area,Whitefield,1400.0,2.0,2.0,56.0,3,466.6666666666667
Super built-up  Area,Ramagondanahalli,2257.0,3.0,3.0,155.0,3,752.3333333333334
Super built-up  Area,Budigere,1153.0,2.0,2.0,56.5,2,576.5
Super built-up  Area,Sarjapur  Road,1197.0,2.0,2.0,56.86,2,598.5
Super built-up  Area,other,1150.0,2.0,2.0,90.0,2,575.0
Super built-up  Area,Hoodi,1837.0,3.0,3.0,110.0,3,612.3333333333334
Super built-up  Area,Bellandur,1830.0,3.0,3.0,91.86,3,610.0
Super built-up  Area,Electronic City,970.0,2.0,2.0,35.0,2,485.0
Super built-up  Area,Raja Rajeshwari Nagar,1168.0,2.0,2.0,66.0,2,584.0
Built-up  Area,other,1500.0,3.0,3.0,75.0,3,500.0
Super built-up  Area,Ramamurthy Nagar,935.0,2.0,2.0,39.0,2,467.5
Built-up  Area,Domlur,1650.0,3.0,3.0,180.0,3,550.0
Super built-up  Area,other,1300.0,2.0,2.0,33.0,2,650.0
Super built-up  Area,Kaggalipura,950.0,2.0,2.0,60.0,2,475.0
Built-up  Area,Uttarahalli,1165.0,1.0,1.0,42.09,2,582.5
Built-up  Area,Kalena Agrahara,1510.0,3.0,3.0,78.0,3,503.3333333333333
Super built-up  Area,Thanisandra,1305.0,2.0,2.0,90.0,2,652.5
Built-up  Area,other,866.0,2.0,2.0,32.0,2,433.0
Super built-up  Area,Hulimavu,1231.0,2.0,2.0,84.5,2,615.5
Super built-up  Area,Whitefield,1140.0,2.0,2.0,55.0,2,570.0
Super built-up  Area,other,1100.0,2.0,2.0,41.0,2,550.0
Super built-up  Area,Kalena Agrahara,1354.0,2.0,2.0,70.0,2,677.0
Super built-up  Area,Electronics City Phase 1,1205.0,2.0,2.0,60.0,2,602.5
Carpet  Area,other,1625.0,3.0,3.0,150.0,3,541.6666666666666
Super built-up  Area,Bannerghatta Road,1520.0,2.0,2.0,80.0,3,506.6666666666667
Super built-up  Area,Kadugodi,1762.0,3.0,3.0,109.0,3,587.3333333333334
Super built-up  Area,Budigere,1153.0,2.0,2.0,58.0,2,576.5
Super built-up  Area,other,1350.0,2.0,2.0,47.0,3,450.0
Super built-up  Area,Billekahalli,950.0,2.0,2.0,56.0,2,475.0
Super built-up  Area,other,1515.0,3.0,3.0,80.5,3,505.0
Super built-up  Area,Neeladri Nagar,1100.0,2.0,2.0,30.0,2,550.0
Super built-up  Area,Yelahanka,1355.0,2.0,2.0,51.5,3,451.6666666666667
Super built-up  Area,Padmanabhanagar,2051.0,3.0,3.0,170.0,3,683.6666666666666
Super built-up  Area,other,1470.0,2.0,2.0,99.0,3,490.0
Built-up  Area,Bannerghatta Road,1270.0,2.0,2.0,73.0,3,423.3333333333333
Super built-up  Area,Hebbal Kempapura,1600.0,3.0,3.0,170.0,3,533.3333333333334
Super built-up  Area,Kudlu Gate,1320.0,2.0,2.0,50.0,3,440.0
Super built-up  Area,Whitefield,1200.0,2.0,2.0,70.0,2,600.0
Super built-up  Area,Electronic City,995.0,2.0,2.0,48.0,2,497.5
Super built-up  Area,Sonnenahalli,605.0,1.0,1.0,30.24,1,605.0
Built-up  Area,Yelahanka,567.0,1.0,1.0,25.0,1,567.0
Super built-up  Area,other,1410.5,2.0,2.0,70.385,3,470.1666666666667
Super built-up  Area,Green Glen Layout,1715.0,3.0,3.0,105.0,3,571.6666666666666
Super built-up  Area,Bannerghatta Road,1846.0,3.0,3.0,120.0,3,615.3333333333334
Super built-up  Area,Whitefield,1015.0,2.0,2.0,56.0,2,507.5
Super built-up  Area,Thanisandra,1100.0,2.0,2.0,36.0,2,550.0
Super built-up  Area,Thanisandra,1965.0,4.0,4.0,125.0,3,655.0
Super built-up  Area,Haralur Road,1230.0,2.0,2.0,67.65,2,615.0
Super built-up  Area,Lingadheeranahalli,1894.0,4.0,4.0,114.0,3,631.3333333333334
Super built-up  Area,Sector 2 HSR Layout,1231.0,2.0,2.0,66.0,2,615.5
Super built-up  Area,Begur,1443.0,2.0,2.0,70.0,3,481.0
Built-up  Area,other,1750.0,3.0,3.0,100.0,3,583.3333333333334
Super built-up  Area,Electronic City,1342.0,2.0,2.0,90.0,2,671.0
Super built-up  Area,other,1113.0,2.0,2.0,52.0,2,556.5
Super built-up  Area,other,1738.0,3.0,3.0,110.0,3,579.3333333333334
Super built-up  Area,Brookefield,1206.0,2.0,2.0,90.0,2,603.0
Built-up  Area,Sarjapur  Road,1857.0,4.0,4.0,155.0,3,619.0
Super built-up  Area,other,1290.0,2.0,2.0,72.0,2,645.0
Super built-up  Area,Yeshwanthpur,1160.0,2.0,2.0,64.08,2,580.0
Super built-up  Area,Lingadheeranahalli,2240.0,4.0,4.0,160.0,4,560.0
Super built-up  Area,Electronics City Phase 1,891.0,2.0,2.0,26.0,2,445.5
Super built-up  Area,Ambedkar Nagar,1852.0,3.0,3.0,125.0,3,617.3333333333334
Super built-up  Area,Chandapura,1323.0,2.0,2.0,42.0,3,441.0
Super built-up  Area,Vittasandra,1404.0,2.0,2.0,67.5,2,702.0
Super built-up  Area,Gollarapalya Hosahalli,1129.0,2.0,2.0,50.0,2,564.5
Super built-up  Area,other,1876.0,3.0,3.0,150.0,3,625.3333333333334
Super built-up  Area,other,1720.0,3.0,3.0,95.0,3,573.3333333333334
Super built-up  Area,Mysore Road,1175.0,2.0,2.0,86.68,2,587.5
Super built-up  Area,Hosa Road,1893.0,3.0,3.0,130.0,3,631.0
Super built-up  Area,Whitefield,1430.0,3.0,3.0,52.0,3,476.6666666666667
Built-up  Area,other,850.0,2.0,2.0,45.0,2,425.0
Super built-up  Area,CV Raman Nagar,1392.0,2.0,2.0,110.0,2,696.0
Super built-up  Area,Kanakpura Road,1938.0,3.0,3.0,105.0,3,646.0
Super built-up  Area,other,1832.0,3.0,3.0,160.0,3,610.6666666666666
Super built-up  Area,Jakkur,1432.0,2.0,2.0,85.0,2,716.0
Super built-up  Area,Hulimavu,1916.0,2.0,2.0,150.0,3,638.6666666666666
Super built-up  Area,Bommanahalli,1160.0,2.0,2.0,53.0,2,580.0
Built-up  Area,Lakshminarayana Pura,1200.0,2.0,2.0,80.0,2,600.0
Carpet  Area,Ramagondanahalli,1500.0,3.0,3.0,100.0,3,500.0
Super built-up  Area,Electronic City Phase II,1336.0,2.0,2.0,50.35,3,445.3333333333333
Built-up  Area,Choodasandra,1065.0,2.0,2.0,46.0,2,532.5
Super built-up  Area,Hebbal,1294.0,2.0,2.0,115.0,2,647.0
Super built-up  Area,Rachenahalli,1550.0,3.0,3.0,68.5,3,516.6666666666666
Super built-up  Area,7th Phase JP Nagar,1430.0,2.0,2.0,102.0,3,476.6666666666667
Super built-up  Area,Hoodi,1660.0,3.0,3.0,125.0,3,553.3333333333334
Super built-up  Area,Hennur Road,1470.0,2.0,2.0,75.0,3,490.0
Built-up  Area,other,950.0,2.0,2.0,30.0,2,475.0
Super built-up  Area,Doddathoguru,1382.0,3.0,3.0,65.0,3,460.6666666666667
Super built-up  Area,other,1290.0,2.0,2.0,71.95,2,645.0
Built-up  Area,Whitefield,1010.0,2.0,2.0,45.0,3,336.6666666666667
Super built-up  Area,Dodda Nekkundi,1200.0,2.0,2.0,71.0,2,600.0
Super built-up  Area,Budigere,1636.0,3.0,3.0,88.0,3,545.3333333333334
Super built-up  Area,Budigere,1153.0,2.0,2.0,56.55,2,576.5
Super built-up  Area,Hegde Nagar,2087.01,4.0,4.0,160.0,3,695.6700000000001
Super built-up  Area,other,1200.0,2.0,2.0,47.0,2,600.0
Super built-up  Area,HSR Layout,1844.0,3.0,3.0,89.0,3,614.6666666666666
Super built-up  Area,Begur Road,1215.0,2.0,2.0,43.75,2,607.5
Built-up  Area,other,1220.0,2.0,2.0,52.0,2,610.0
Super built-up  Area,Bommasandra,955.0,2.0,2.0,37.97,2,477.5
Super built-up  Area,Magadi Road,884.0,2.0,2.0,48.0,2,442.0
Super built-up  Area,Bellandur,1195.0,2.0,2.0,52.0,2,597.5
Super built-up  Area,Sarjapur  Road,984.0,2.0,2.0,45.75,2,492.0
Super built-up  Area,Bommasandra,1089.0,2.0,2.0,40.0,2,544.5
Super built-up  Area,Hennur Road,1165.0,2.0,2.0,52.0,2,582.5
Super built-up  Area,Hennur,1482.0,3.0,3.0,110.0,3,494.0
Super built-up  Area,other,1140.0,2.0,2.0,43.0,2,570.0
Super built-up  Area,other,720.0,1.0,1.0,28.0,1,720.0
Built-up  Area,other,1100.0,2.0,2.0,90.0,2,550.0
Super built-up  Area,Rachenahalli,1550.0,2.0,2.0,73.5,3,516.6666666666666
Super built-up  Area,other,1220.0,2.0,2.0,60.0,2,610.0
Super built-up  Area,Sarjapur  Road,1347.0,2.0,2.0,44.0,3,449.0
Super built-up  Area,other,600.0,1.0,1.0,22.8,1,600.0
Super built-up  Area,other,540.0,1.0,1.0,24.0,1,540.0
Built-up  Area,Sonnenahalli,1484.0,3.0,3.0,75.0,3,494.6666666666667
Super built-up  Area,Ramagondanahalli,1680.0,2.0,2.0,68.0,3,560.0
Super built-up  Area,Sarjapur  Road,1105.0,2.0,2.0,40.0,2,552.5
Super built-up  Area,other,1200.0,2.0,2.0,60.5,2,600.0
Super built-up  Area,Electronic City,550.0,2.0,2.0,16.0,2,275.0
Built-up  Area,Old Airport Road,1055.0,2.0,2.0,75.0,2,527.5
Super built-up  Area,Hosa Road,1541.0,3.0,3.0,69.61,3,513.6666666666666
Super built-up  Area,Whitefield,1224.0,2.0,2.0,75.0,2,612.0
Super built-up  Area,Yeshwanthpur,1676.0,3.0,3.0,92.13,3,558.6666666666666
Built-up  Area,other,1154.0,2.0,2.0,57.0,2,577.0
Super built-up  Area,Kanakpura Road,1610.0,3.0,3.0,78.5,3,536.6666666666666
Super built-up  Area,other,1057.0,2.0,2.0,42.0,2,528.5
Super built-up  Area,Raja Rajeshwari Nagar,1157.0,2.0,2.0,65.0,2,578.5
Super built-up  Area,other,980.0,2.0,2.0,35.0,2,490.0
Super built-up  Area,Sarjapur  Road,1140.0,2.0,2.0,40.0,2,570.0
Super built-up  Area,Raja Rajeshwari Nagar,1206.0,2.0,2.0,40.7,2,603.0
Super built-up  Area,Koramangala,1600.0,3.0,3.0,170.0,3,533.3333333333334
Super built-up  Area,other,1270.0,2.0,2.0,35.56,3,423.3333333333333
Super built-up  Area,Electronic City,1128.0,2.0,2.0,63.5,2,564.0
Super built-up  Area,Electronics City Phase 1,640.0,1.0,1.0,45.0,1,640.0
Super built-up  Area,Electronic City,589.0,1.0,1.0,29.0,1,589.0
Super built-up  Area,Kundalahalli,1315.0,2.0,2.0,74.0,2,657.5
Super built-up  Area,Bellandur,1435.0,2.0,2.0,115.0,3,478.3333333333333
Super built-up  Area,Kadugodi,1314.0,2.0,2.0,80.0,2,657.0
Super built-up  Area,Koramangala,1260.0,2.0,2.0,100.0,2,630.0
Super built-up  Area,Mysore Road,1082.0,2.0,2.0,45.0,3,360.6666666666667
Super built-up  Area,Hennur Road,1052.0,2.0,2.0,34.72,2,526.0
Built-up  Area,other,1442.0,3.0,3.0,80.0,3,480.6666666666667
Super built-up  Area,Kaggadasapura,1500.0,2.0,2.0,75.0,3,500.0
Super built-up  Area,Hennur,1255.0,2.0,2.0,53.57,2,627.5
Built-up  Area,Kundalahalli,2100.0,3.0,3.0,150.0,3,700.0
Built-up  Area,Hennur Road,1450.0,2.0,2.0,80.0,2,725.0
Super built-up  Area,Sarjapur  Road,1346.0,2.0,2.0,69.61,2,673.0
Super built-up  Area,Electronic City Phase II,925.0,2.0,2.0,49.82,3,308.3333333333333
Super built-up  Area,Lingadheeranahalli,1768.0,3.0,3.0,81.31,3,589.3333333333334
Built-up  Area,Gubbalala,1745.0,3.0,3.0,130.0,3,581.6666666666666
Super built-up  Area,Sonnenahalli,1550.0,3.0,3.0,50.0,3,516.6666666666666
Super built-up  Area,Battarahalli,2024.0,3.0,3.0,103.0,3,674.6666666666666
Super built-up  Area,Jalahalli,1575.0,4.0,4.0,100.0,3,525.0
Super built-up  Area,BTM 2nd Stage,1265.0,2.0,2.0,55.0,3,421.6666666666667
Super built-up  Area,Vittasandra,1246.0,2.0,2.0,67.4,2,623.0
Super built-up  Area,Hosa Road,615.0,1.0,1.0,43.08,1,615.0
Super built-up  Area,7th Phase JP Nagar,1128.0,2.0,2.0,60.0,2,564.0
Super built-up  Area,other,1260.0,2.0,2.0,55.0,2,630.0
Super built-up  Area,Bellandur,1830.0,3.0,3.0,89.89,3,610.0
Super built-up  Area,Yelahanka,602.0,2.0,2.0,30.0,1,602.0
Super built-up  Area,Hegde Nagar,1835.0,3.0,3.0,89.0,3,611.6666666666666
Built-up  Area,Kanakpura Road,1250.0,3.0,3.0,62.6,3,416.6666666666667
Super built-up  Area,other,1855.0,3.0,3.0,96.0,3,618.3333333333334
Super built-up  Area,Sarjapur  Road,2089.0,3.0,3.0,148.0,3,696.3333333333334
Built-up  Area,Begur Road,1200.0,2.0,2.0,44.73,2,600.0
Super built-up  Area,Sarjapur,1095.0,2.0,2.0,45.0,2,547.5
Built-up  Area,Kothanur,1170.0,3.0,3.0,80.0,3,390.0
Super built-up  Area,6th Phase JP Nagar,1280.0,2.0,2.0,88.0,2,640.0
Super built-up  Area,Rajaji Nagar,1224.0,2.0,2.0,105.0,2,612.0
Built-up  Area,Thanisandra,1694.0,3.0,3.0,125.0,3,564.6666666666666
Super built-up  Area,Electronic City,825.0,2.0,2.0,30.0,2,412.5
Super built-up  Area,other,1175.0,2.0,2.0,75.0,2,587.5
Built-up  Area,Whitefield,1740.0,3.0,3.0,85.0,3,580.0
Super built-up  Area,other,1770.0,3.0,3.0,99.0,3,590.0
Super built-up  Area,Horamavu Agara,1090.0,2.0,2.0,46.0,2,545.0
Super built-up  Area,other,1800.0,3.0,3.0,130.0,3,600.0
Super built-up  Area,8th Phase JP Nagar,1046.0,2.0,2.0,48.0,2,523.0
Super built-up  Area,Uttarahalli,1290.0,2.0,2.0,56.12,3,430.0
Built-up  Area,Electronic City Phase II,1065.0,2.0,2.0,30.76,2,532.5
Super built-up  Area,Ambedkar Nagar,1850.0,4.0,4.0,121.0,3,616.6666666666666
Super built-up  Area,Battarahalli,1097.0,2.0,2.0,49.0,2,548.5
Super built-up  Area,Kalena Agrahara,1200.0,3.0,3.0,70.0,2,600.0
Super built-up  Area,other,1140.0,2.0,2.0,52.0,2,570.0
Super built-up  Area,Padmanabhanagar,1150.0,2.0,2.0,50.0,2,575.0
Super built-up  Area,other,1245.0,2.0,2.0,58.0,2,622.5
Super built-up  Area,Brookefield,1594.0,3.0,3.0,140.0,3,531.3333333333334
Built-up  Area,Raja Rajeshwari Nagar,1000.0,2.0,2.0,50.0,2,500.0
Super built-up  Area,other,1570.0,2.0,2.0,95.0,3,523.3333333333334
Super built-up  Area,Sarjapur  Road,1290.0,2.0,2.0,88.0,2,645.0
Super built-up  Area,other,2250.0,3.0,3.0,180.0,3,750.0
Built-up  Area,other,1270.0,2.0,2.0,172.0,2,635.0
Super built-up  Area,other,1145.0,2.0,2.0,44.0,2,572.5
Built-up  Area,Electronic City Phase II,1065.0,2.0,2.0,30.75,2,532.5
Built-up  Area,Whitefield,1650.0,3.0,3.0,48.0,3,550.0
Super built-up  Area,Sarjapur  Road,1371.0,2.0,2.0,86.0,2,685.5
Super built-up  Area,Electronic City,1575.0,3.0,3.0,94.5,3,525.0
Super built-up  Area,Yelahanka,1362.0,2.0,2.0,66.0,2,681.0
Super built-up  Area,Haralur Road,1255.0,3.0,3.0,90.0,3,418.3333333333333
Super built-up  Area,Electronics City Phase 1,1088.0,2.0,2.0,30.46,2,544.0
Super built-up  Area,Sarjapur  Road,2140.0,3.0,3.0,139.0,3,713.3333333333334
Super built-up  Area,Thubarahalli,1584.0,3.0,3.0,101.0,3,528.0
Super built-up  Area,Whitefield,1175.0,2.0,2.0,50.0,2,587.5
Super built-up  Area,Dodda Nekkundi,1585.0,2.0,2.0,79.0,3,528.3333333333334
Super built-up  Area,Hebbal,1740.0,2.0,2.0,137.0,3,580.0
Super built-up  Area,Begur Road,1583.0,3.0,3.0,95.23,3,527.6666666666666
Super built-up  Area,Bannerghatta Road,1122.5,2.0,2.0,61.74,2,561.25
Super built-up  Area,Thanisandra,1573.0,3.0,3.0,100.0,3,524.3333333333334
Super built-up  Area,Raja Rajeshwari Nagar,1485.0,2.0,2.0,63.0,3,495.0
Super built-up  Area,Haralur Road,1735.0,3.0,3.0,97.0,3,578.3333333333334
Super built-up  Area,Hebbal Kempapura,1730.0,3.0,3.0,175.0,3,576.6666666666666
Super built-up  Area,other,1684.0,3.0,3.0,86.0,3,561.3333333333334
Super built-up  Area,other,1686.0,3.0,3.0,77.0,3,562.0
Built-up  Area,Green Glen Layout,1600.0,3.0,3.0,105.0,3,533.3333333333334
Super built-up  Area,Bannerghatta Road,1655.0,3.0,3.0,95.0,3,551.6666666666666
Super built-up  Area,Hennur,1830.0,3.0,3.0,121.0,3,610.0
Super built-up  Area,Hebbal,1430.0,3.0,3.0,85.0,3,476.6666666666667
Super built-up  Area,other,1989.0,4.0,4.0,155.0,3,663.0
Super built-up  Area,Sarjapur  Road,1044.0,2.0,2.0,55.0,2,522.0
Super built-up  Area,Banashankari,1426.0,3.0,3.0,85.0,3,475.3333333333333
Super built-up  Area,Yelahanka,1000.0,2.0,2.0,29.0,2,500.0
Built-up  Area,Malleshwaram,580.0,1.0,1.0,45.0,1,580.0
Super built-up  Area,Munnekollal,1030.0,2.0,2.0,50.36,2,515.0
Super built-up  Area,other,1950.0,3.0,3.0,132.0,3,650.0
Built-up  Area,Kothanur,1400.0,2.0,2.0,65.0,2,700.0
Built-up  Area,Bharathi Nagar,1300.0,2.0,2.0,55.86,2,650.0
Super built-up  Area,Kanakpura Road,1332.0,2.0,2.0,108.0,2,666.0
Super built-up  Area,Abbigere,1000.0,2.0,2.0,41.0,2,500.0
Super built-up  Area,Sarjapur  Road,1600.0,3.0,3.0,85.0,3,533.3333333333334
Super built-up  Area,Electronic City,1025.0,2.0,2.0,54.0,2,512.5
Super built-up  Area,Sarjapur  Road,2180.0,4.0,4.0,180.0,3,726.6666666666666
Super built-up  Area,other,1600.0,3.0,3.0,102.0,3,533.3333333333334
Built-up  Area,Whitefield,1270.0,2.0,2.0,110.0,2,635.0
Super built-up  Area,Jalahalli,2086.0,3.0,3.0,160.0,3,695.3333333333334
Super built-up  Area,Old Madras Road,1165.0,2.0,2.0,51.42,2,582.5
Super built-up  Area,Rajaji Nagar,1440.0,2.0,2.0,165.0,2,720.0
Built-up  Area,Chandapura,740.0,1.0,1.0,22.0,2,370.0
Super built-up  Area,Bellandur,1260.0,2.0,2.0,83.5,2,630.0
Super built-up  Area,Green Glen Layout,1717.0,3.0,3.0,125.0,3,572.3333333333334
Super built-up  Area,Raja Rajeshwari Nagar,1335.0,2.0,2.0,56.0,3,445.0
Super built-up  Area,JP Nagar,1157.0,2.0,2.0,73.0,2,578.5
Super built-up  Area,other,1510.0,2.0,2.0,65.0,3,503.3333333333333
Super built-up  Area,Bommanahalli,1050.0,2.0,2.0,54.0,2,525.0
Super built-up  Area,Binny Pete,1516.0,3.0,3.0,147.0,3,505.3333333333333
Super built-up  Area,Channasandra,1050.0,2.0,2.0,44.41,2,525.0
Super built-up  Area,Hormavu,1210.0,2.0,2.0,69.0,2,605.0
Super built-up  Area,Whitefield,1660.0,3.0,3.0,110.0,3,553.3333333333334
Super built-up  Area,Malleshwaram,1410.0,2.0,2.0,125.0,2,705.0
Super built-up  Area,Electronics City Phase 1,1305.0,2.0,2.0,67.0,2,652.5
Built-up  Area,Bannerghatta Road,1206.0,2.0,2.0,53.0,2,603.0
Super built-up  Area,Bannerghatta Road,1150.0,2.0,2.0,55.0,2,575.0
Carpet  Area,other,1100.0,2.0,2.0,65.0,2,550.0
Built-up  Area,other,1850.0,3.0,3.0,110.0,3,616.6666666666666
Super built-up  Area,other,2150.0,3.0,3.0,85.0,4,537.5
Super built-up  Area,Electronics City Phase 1,755.0,1.0,1.0,30.12,1,755.0
Built-up  Area,Ramamurthy Nagar,960.0,2.0,2.0,35.0,2,480.0
Super built-up  Area,Raja Rajeshwari Nagar,1571.0,3.0,3.0,53.12,3,523.6666666666666
Super built-up  Area,Kanakapura,1489.0,2.0,2.0,70.0,3,496.3333333333333
Built-up  Area,Kengeri Satellite Town,800.0,2.0,2.0,32.0,2,400.0
Built-up  Area,Jalahalli,980.0,2.0,2.0,60.0,3,326.6666666666667
Super built-up  Area,Bannerghatta Road,1215.0,2.0,2.0,65.0,2,607.5
Super built-up  Area,Bellandur,1535.0,3.0,3.0,90.0,3,511.6666666666667
Built-up  Area,Brookefield,1588.0,2.0,2.0,58.0,2,794.0
Built-up  Area,Electronic City Phase II,1200.0,2.0,2.0,34.65,2,600.0
Built-up  Area,Bisuvanahalli,845.0,2.0,2.0,34.0,2,422.5
Super built-up  Area,Sarjapur  Road,2206.0,4.0,4.0,180.0,3,735.3333333333334
Super built-up  Area,Kanakpura Road,1622.0,3.0,3.0,95.0,3,540.6666666666666
Super built-up  Area,other,1719.0,3.0,3.0,95.0,3,573.0
Super built-up  Area,Abbigere,995.0,2.0,2.0,40.8,2,497.5
Super built-up  Area,Bellandur,1047.0,2.0,2.0,75.0,2,523.5
Super built-up  Area,Devanahalli,1466.0,3.0,3.0,59.96,3,488.6666666666667
Super built-up  Area,Chandapura,876.0,2.0,2.0,28.47,2,438.0
Super built-up  Area,CV Raman Nagar,1659.0,3.0,3.0,135.0,3,553.0
Super built-up  Area,Whitefield,1270.0,2.0,2.0,105.0,2,635.0
Super built-up  Area,8th Phase JP Nagar,1269.0,2.0,2.0,50.75,3,423.0
Super built-up  Area,other,1200.0,3.0,3.0,80.0,2,600.0
Super built-up  Area,Whitefield,1315.0,2.0,2.0,69.5,2,657.5
Super built-up  Area,Tumkur Road,1354.0,3.0,3.0,85.86,3,451.3333333333333
Plot  Area,Whitefield,1344.0,3.0,3.0,130.0,4,336.0
Super built-up  Area,Yelahanka,1180.0,2.0,2.0,55.0,2,590.0
Super built-up  Area,Jalahalli,1313.0,2.0,2.0,68.0,2,656.5
Super built-up  Area,Nehru Nagar,1100.0,2.0,2.0,50.0,2,550.0
Super built-up  Area,other,890.0,2.0,2.0,37.0,2,445.0
Super built-up  Area,other,1190.0,2.0,2.0,55.0,2,595.0
Super built-up  Area,Hoodi,1644.0,3.0,3.0,80.51,3,548.0
Super built-up  Area,Jakkur,1710.0,3.0,3.0,110.0,3,570.0
Super built-up  Area,Hebbal,1662.0,3.0,3.0,155.0,3,554.0
Super built-up  Area,other,1162.0,2.0,2.0,48.0,2,581.0
Super built-up  Area,other,540.0,1.0,1.0,22.5,1,540.0
Super built-up  Area,Thanisandra,1533.0,3.0,3.0,75.885,3,511.0
Plot  Area,Sarjapur  Road,1250.0,4.0,4.0,135.0,4,312.5
Super built-up  Area,Begur Road,1410.0,2.0,2.0,54.99,3,470.0
Super built-up  Area,Haralur Road,1810.0,3.0,3.0,97.83,3,603.3333333333334
Super built-up  Area,Uttarahalli,1328.0,2.0,2.0,56.0,3,442.6666666666667
Super built-up  Area,other,1500.0,2.0,2.0,58.0,3,500.0
Super built-up  Area,other,1360.0,2.0,2.0,73.0,3,453.3333333333333
Super built-up  Area,Electronic City Phase II,1031.0,2.0,2.0,54.48,2,515.5
Super built-up  Area,Whitefield,955.0,2.0,2.0,38.19,2,477.5
Super built-up  Area,Haralur Road,1200.0,2.0,2.0,46.0,2,600.0
Super built-up  Area,Yelahanka,1267.0,3.0,3.0,78.0,2,633.5
Super built-up  Area,Bannerghatta Road,1510.0,2.0,2.0,110.0,3,503.3333333333333
Super built-up  Area,Kanakpura Road,900.0,2.0,2.0,42.0,2,450.0
Super built-up  Area,Whitefield,1457.0,2.0,2.0,105.0,3,485.6666666666667
Super built-up  Area,8th Phase JP Nagar,1408.0,3.0,3.0,80.0,3,469.3333333333333
Built-up  Area,Dodda Nekkundi,1005.0,2.0,2.0,45.0,2,502.5
Built-up  Area,Electronic City Phase II,545.0,1.0,1.0,28.0,2,272.5
Super built-up  Area,Talaghattapura,2038.5,3.0,3.0,122.0,3,679.5
Built-up  Area,Sarjapur  Road,1367.0,2.0,2.0,80.0,2,683.5
Super built-up  Area,Whitefield,1720.0,3.0,3.0,128.0,3,573.3333333333334
Built-up  Area,Doddathoguru,1107.0,2.0,2.0,44.0,2,553.5
Super built-up  Area,Yelahanka,1360.0,2.0,2.0,78.19,2,680.0
Super built-up  Area,Jalahalli,1701.0,2.0,2.0,145.0,2,850.5
Super built-up  Area,Hosa Road,1016.0,2.0,2.0,39.95,2,508.0
Built-up  Area,Akshaya Nagar,900.0,2.0,2.0,45.0,2,450.0
Super built-up  Area,other,1500.0,3.0,3.0,150.0,3,500.0
Carpet  Area,Kereguddadahalli,1280.0,3.0,3.0,42.0,3,426.6666666666667
Super built-up  Area,Electronic City,1500.0,2.0,2.0,70.0,3,500.0
Super built-up  Area,Gottigere,1245.0,2.0,2.0,59.0,2,622.5
Super built-up  Area,other,1945.0,3.0,3.0,135.0,3,648.3333333333334
Built-up  Area,Hegde Nagar,1348.0,2.0,2.0,80.5,3,449.3333333333333
Super built-up  Area,Kammasandra,1616.0,3.0,3.0,40.0,3,538.6666666666666
Super built-up  Area,Yeshwanthpur,1855.0,3.0,3.0,135.0,3,618.3333333333334
Super built-up  Area,Hennur,1255.0,2.0,2.0,56.5,2,627.5
Super built-up  Area,Bannerghatta Road,1022.0,2.0,2.0,35.0,2,511.0
Super built-up  Area,Dodda Nekkundi,1264.0,2.0,2.0,52.0,2,632.0
Super built-up  Area,Abbigere,1020.0,2.0,2.0,40.8,2,510.0
Built-up  Area,Bommasandra,950.0,2.0,2.0,25.0,2,475.0
Super built-up  Area,Hennur Road,1936.0,3.0,3.0,131.0,3,645.3333333333334
Super built-up  Area,Hosur Road,1223.0,2.0,2.0,93.0,2,611.5
Super built-up  Area,Whitefield,1495.0,2.0,2.0,78.0,2,747.5
Super built-up  Area,Whitefield,1270.0,2.0,2.0,52.0,2,635.0
Super built-up  Area,other,1081.0,2.0,2.0,60.0,2,540.5
Super built-up  Area,Koramangala,1600.0,2.0,2.0,140.0,3,533.3333333333334
Super built-up  Area,Kanakpura Road,1596.0,3.0,3.0,118.0,3,532.0
Super built-up  Area,Horamavu Agara,1557.0,3.0,3.0,70.0,3,519.0
Super built-up  Area,Sarjapur  Road,1984.0,4.0,4.0,148.0,3,661.3333333333334
Super built-up  Area,Thanisandra,2259.0,3.0,3.0,112.0,4,564.75
Super built-up  Area,Kenchenahalli,1720.0,3.0,3.0,100.0,3,573.3333333333334
Super built-up  Area,Kothanur,1790.0,3.0,3.0,120.0,3,596.6666666666666
Super built-up  Area,Harlur,1335.0,2.0,2.0,72.76,2,667.5
Super built-up  Area,Nehru Nagar,1674.0,3.0,3.0,81.0,3,558.0
Super built-up  Area,other,1786.0,3.0,3.0,79.99,3,595.3333333333334
Super built-up  Area,Bommasandra,1365.0,3.0,3.0,53.96,3,455.0
Super built-up  Area,other,1369.0,2.0,2.0,72.0,3,456.3333333333333
Super built-up  Area,Whitefield,1240.0,2.0,2.0,41.0,2,620.0
Super built-up  Area,other,1418.0,2.0,2.0,62.0,2,709.0
Built-up  Area,Yelahanka New Town,1290.0,2.0,2.0,70.0,2,645.0
Super built-up  Area,Jalahalli,1881.0,3.0,3.0,115.0,3,627.0
Super built-up  Area,Jigani,943.0,2.0,2.0,49.5,2,471.5
Super built-up  Area,other,1035.0,2.0,2.0,60.0,2,517.5
Super built-up  Area,Anandapura,1576.0,3.0,3.0,58.7,3,525.3333333333334
Super built-up  Area,Hoodi,1181.0,2.0,2.0,55.0,2,590.5
Super built-up  Area,other,1307.0,2.0,2.0,59.0,2,653.5
Super built-up  Area,Ramagondanahalli,1910.0,3.0,3.0,131.0,3,636.6666666666666
Super built-up  Area,Gottigere,1200.0,2.0,2.0,50.0,2,600.0
Super built-up  Area,Electronics City Phase 1,1175.0,2.0,2.0,60.0,2,587.5
Super built-up  Area,Whitefield,1404.0,2.0,2.0,59.0,3,468.0
Built-up  Area,HSR Layout,1203.0,2.0,2.0,60.0,2,601.5
Super built-up  Area,Kammasandra,610.0,1.0,1.0,18.5,1,610.0
Plot  Area,Chandapura,1200.0,3.0,3.0,65.0,3,400.0
Super built-up  Area,other,1830.0,3.0,3.0,95.0,3,610.0
Super built-up  Area,Kudlu Gate,1432.0,2.0,2.0,61.11,3,477.3333333333333
Super built-up  Area,9th Phase JP Nagar,1331.95,2.0,2.0,69.0,2,665.975
Super built-up  Area,Kanakpura Road,1665.0,3.0,3.0,74.9,3,555.0
Super built-up  Area,Electronic City,2093.0,4.0,4.0,134.0,4,523.25
Super built-up  Area,other,1486.0,2.0,2.0,65.0,3,495.3333333333333
Built-up  Area,other,1425.0,1.0,1.0,54.0,3,475.0
Super built-up  Area,Raja Rajeshwari Nagar,1255.0,2.0,2.0,42.54,2,627.5
Built-up  Area,Electronic City,750.0,2.0,2.0,19.5,2,375.0
Super built-up  Area,other,1100.0,2.0,2.0,64.08,2,550.0
Super built-up  Area,Whitefield,1760.0,3.0,3.0,139.0,3,586.6666666666666
Super built-up  Area,Chandapura,1095.0,2.0,2.0,28.0,3,365.0
Super built-up  Area,Raja Rajeshwari Nagar,1530.0,3.0,3.0,64.86,3,510.0
Super built-up  Area,Kundalahalli,1724.0,3.0,3.0,140.0,3,574.6666666666666
Super built-up  Area,other,1975.0,3.0,3.0,90.0,3,658.3333333333334
Super built-up  Area,Sarjapur  Road,1112.0,2.0,2.0,58.0,2,556.0
Super built-up  Area,Hoskote,509.0,1.0,1.0,23.0,1,509.0
Built-up  Area,other,1010.0,2.0,2.0,41.0,2,505.0
Built-up  Area,Kaggadasapura,1150.0,2.0,2.0,45.0,2,575.0
Super built-up  Area,Sarjapur  Road,1340.0,2.0,2.0,75.0,2,670.0
Built-up  Area,Raja Rajeshwari Nagar,1850.0,3.0,3.0,98.0,3,616.6666666666666
Built-up  Area,Doddathoguru,907.0,2.0,2.0,40.0,2,453.5
Super built-up  Area,Hennur,1295.0,2.0,2.0,62.0,2,647.5
Super built-up  Area,other,1012.0,2.0,2.0,62.0,2,506.0
Super built-up  Area,Channasandra,1010.0,2.0,2.0,32.0,2,505.0
Super built-up  Area,Bharathi Nagar,1379.0,2.0,2.0,85.0,2,689.5
Built-up  Area,Kasavanhalli,1121.0,2.0,2.0,75.0,2,560.5
Built-up  Area,other,1200.0,2.0,2.0,75.0,2,600.0
Super built-up  Area,Bannerghatta Road,1246.0,2.0,2.0,47.35,2,623.0
Super built-up  Area,Electronic City,1355.0,2.0,2.0,73.0,2,677.5
Super built-up  Area,Ambedkar Nagar,1425.0,2.0,2.0,94.0,2,712.5
Super built-up  Area,Talaghattapura,2099.0,3.0,3.0,134.0,3,699.6666666666666
Super built-up  Area,Devanahalli,1520.0,2.0,2.0,69.76,3,506.6666666666667
Built-up  Area,other,1490.0,3.0,3.0,140.0,3,496.6666666666667
Super built-up  Area,Sahakara Nagar,1291.0,2.0,2.0,72.3,2,645.5
Super built-up  Area,Kanakpura Road,1339.0,2.0,2.0,67.0,2,669.5
Super built-up  Area,other,1330.0,2.0,2.0,56.0,2,665.0
Built-up  Area,other,1650.0,1.0,1.0,130.0,2,825.0
Super built-up  Area,Bellandur,1096.0,2.0,2.0,40.0,2,548.0
Super built-up  Area,Dasanapura,814.0,2.0,2.0,43.7,2,407.0
Super built-up  Area,Raja Rajeshwari Nagar,1140.0,2.0,2.0,44.0,2,570.0
Super built-up  Area,other,1500.0,2.0,2.0,78.0,3,500.0
Super built-up  Area,Sarjapur  Road,1850.0,3.0,3.0,89.0,3,616.6666666666666
Super built-up  Area,other,745.0,2.0,2.0,36.0,2,372.5
Super built-up  Area,Whitefield,613.0,1.0,1.0,48.0,1,613.0
Carpet  Area,Bannerghatta Road,1470.0,2.0,2.0,85.0,3,490.0
Built-up  Area,Attibele,520.0,1.0,1.0,15.0,1,520.0
Super built-up  Area,Electronic City,1360.0,2.0,2.0,64.99,3,453.3333333333333
Super built-up  Area,other,1155.0,2.0,2.0,64.0,2,577.5
Super built-up  Area,Ambalipura,1615.0,2.0,2.0,150.0,3,538.3333333333334
Super built-up  Area,Raja Rajeshwari Nagar,1140.0,2.0,2.0,39.0,2,570.0
Super built-up  Area,other,1508.0,3.0,3.0,77.0,3,502.6666666666667
Super built-up  Area,Thigalarapalya,2215.0,4.0,4.0,152.0,3,738.3333333333334
Super built-up  Area,other,1667.0,3.0,3.0,130.0,3,555.6666666666666
Super built-up  Area,Whitefield,1730.0,3.0,3.0,125.0,3,576.6666666666666
Super built-up  Area,other,1225.0,2.0,2.0,52.0,2,612.5
Super built-up  Area,Devanahalli,1075.0,2.6926096474673513,2.6926096474673513,52.57,1,1075.0
Super built-up  Area,Electronic City Phase II,1651.0,3.0,3.0,49.53,3,550.3333333333334
Super built-up  Area,8th Phase JP Nagar,1500.0,2.0,2.0,55.0,3,500.0
Super built-up  Area,Doddathoguru,1783.0,3.0,3.0,85.0,3,594.3333333333334
Super built-up  Area,Kereguddadahalli,1015.0,2.0,2.0,35.0,2,507.5
Plot  Area,KR Puram,1200.0,2.0,2.0,75.0,2,600.0
Built-up  Area,Thanisandra,1917.0,4.0,4.0,130.0,4,479.25
Super built-up  Area,Bhoganhalli,1703.0,3.0,3.0,120.0,3,567.6666666666666
Super built-up  Area,Old Madras Road,1211.0,2.0,2.0,45.0,2,605.5
Super built-up  Area,Marathahalli,1146.0,2.0,2.0,69.0,2,573.0
Super built-up  Area,Whitefield,1453.0,2.0,2.0,58.0,3,484.3333333333333
Super built-up  Area,Whitefield,877.0,1.0,1.0,59.0,1,877.0
Super built-up  Area,Kanakapura,1477.0,2.0,2.0,69.5,3,492.3333333333333
Built-up  Area,Frazer Town,1420.0,2.0,2.0,120.0,2,710.0
Super built-up  Area,other,1095.0,2.0,2.0,57.0,2,547.5
Super built-up  Area,Hoodi,1258.5,2.0,2.0,59.135,2,629.25
Super built-up  Area,Varthur,1665.0,3.0,3.0,71.58,3,555.0
Super built-up  Area,KR Puram,1245.0,2.0,2.0,60.0,2,622.5
Super built-up  Area,Thanisandra,1226.0,2.0,2.0,65.59,2,613.0
Super built-up  Area,other,1000.0,2.0,2.0,49.5,2,500.0
Built-up  Area,other,1256.0,2.0,2.0,65.0,2,628.0
Super built-up  Area,Hosur Road,1919.0,3.0,3.0,117.0,3,639.6666666666666
Super built-up  Area,Neeladri Nagar,2111.0,3.0,3.0,103.0,3,703.6666666666666
Super built-up  Area,Bannerghatta Road,970.0,2.0,2.0,57.0,2,485.0
Super built-up  Area,Jalahalli,1405.0,2.0,2.0,85.0,3,468.3333333333333
Super built-up  Area,Gubbalala,1285.0,2.0,2.0,90.0,2,642.5
Super built-up  Area,Hebbal,1349.0,2.0,2.0,96.8,2,674.5
Super built-up  Area,other,1440.0,2.0,2.0,63.93,3,480.0
Super built-up  Area,other,2200.0,3.0,3.0,80.0,4,550.0
Super built-up  Area,Haralur Road,1810.0,3.0,3.0,112.0,3,603.3333333333334
Super built-up  Area,Electronic City,1060.0,2.0,2.0,52.0,2,530.0
Super built-up  Area,Kenchenahalli,1015.0,2.0,2.0,60.0,2,507.5
Super built-up  Area,Raja Rajeshwari Nagar,1187.0,2.0,2.0,40.14,2,593.5
Built-up  Area,Bannerghatta Road,1527.0,3.0,3.0,142.0,3,509.0
Super built-up  Area,Yeshwanthpur,1675.0,3.0,3.0,92.13,3,558.3333333333334
Super built-up  Area,Green Glen Layout,1715.0,3.0,3.0,112.0,3,571.6666666666666
Built-up  Area,Raja Rajeshwari Nagar,1141.0,2.0,2.0,60.0,2,570.5
